{
  "type": "index",
  "project": "cams/anzu",
  "source": "http://oracc.org/cams/anzu",
  "license": "This data is released under the CC0 license",
  "license-url": "https://creativecommons.org/publicdomain/zero/1.0/",
  "more-info": "http://oracc.org/doc/opendata/",
  "UTC-timestamp": "2019-02-09T12:40:47",
  "name": "cbd/qpn-x-places",
  "keys": [
    {
      "key": "#",
      "count": "10",
      "instances": [
        "qpn-x-places.x000008",
        "qpn-x-places.x000008",
        "qpn-x-places.x000016",
        "qpn-x-places.x000016",
        "qpn-x-places.x000024",
        "qpn-x-places.x000024",
        "qpn-x-places.x000032",
        "qpn-x-places.x000032",
        "qpn-x-places.x000048",
        "qpn-x-places.x000048"
      ]
    },
    {
      "key": "1",
      "count": "14",
      "instances": [
        "qpn-x-places.x000000",
        "qpn-x-places.x000000",
        "qpn-x-places.x000008",
        "qpn-x-places.x000008",
        "qpn-x-places.x000016",
        "qpn-x-places.x000016",
        "qpn-x-places.x000024",
        "qpn-x-places.x000024",
        "qpn-x-places.x000032",
        "qpn-x-places.x000032",
        "qpn-x-places.x000040",
        "qpn-x-places.x000040",
        "qpn-x-places.x000048",
        "qpn-x-places.x000048"
      ]
    },
    {
      "key": "e",
      "count": "4",
      "instances": [
        "qpn-x-places.x000008",
        "qpn-x-places.x000008",
        "qpn-x-places.x000024",
        "qpn-x-places.x000024"
      ]
    },
    {
      "key": "i",
      "count": "2",
      "instances": [
        "qpn-x-places.x000000",
        "qpn-x-places.x000000"
      ]
    },
    {
      "key": "x",
      "count": "7",
      "instances": [
        "qpn-x-places.x000000",
        "qpn-x-places.x000008",
        "qpn-x-places.x000016",
        "qpn-x-places.x000024",
        "qpn-x-places.x000032",
        "qpn-x-places.x000040",
        "qpn-x-places.x000048"
      ]
    },
    {
      "key": "Der[1]",
      "count": "1",
      "instances": [
        "qpn-x-places.x000016"
      ]
    },
    {
      "key": "kur",
      "count": "2",
      "instances": [
        "qpn-x-places.x000024",
        "qpn-x-places.x000024"
      ]
    },
    {
      "key": "stdbabap",
      "count": "1",
      "instances": [
        "qpn-x-places.x000000"
      ]
    },
    {
      "key": "apsi",
      "count": "1",
      "instances": [
        "qpn-x-places.x000000"
      ]
    },
    {
      "key": "apsu",
      "count": "1",
      "instances": [
        "qpn-x-places.x000000"
      ]
    },
    {
      "key": "stdbabšar₂",
      "count": "1",
      "instances": [
        "qpn-x-places.x000040"
      ]
    },
    {
      "key": "ap",
      "count": "1",
      "instances": [
        "qpn-x-places.x000000"
      ]
    },
    {
      "key": "bu",
      "count": "2",
      "instances": [
        "qpn-x-places.x000008",
        "qpn-x-places.x000008"
      ]
    },
    {
      "key": "ki",
      "count": "4",
      "instances": [
        "qpn-x-places.x000016",
        "qpn-x-places.x000016",
        "qpn-x-places.x000048",
        "qpn-x-places.x000048"
      ]
    },
    {
      "key": "la",
      "count": "2",
      "instances": [
        "qpn-x-places.x000024",
        "qpn-x-places.x000024"
      ]
    },
    {
      "key": "ma",
      "count": "2",
      "instances": [
        "qpn-x-places.x000024",
        "qpn-x-places.x000024"
      ]
    },
    {
      "key": "si",
      "count": "2",
      "instances": [
        "qpn-x-places.x000000",
        "qpn-x-places.x000000"
      ]
    },
    {
      "key": "ur",
      "count": "2",
      "instances": [
        "qpn-x-places.x000048",
        "qpn-x-places.x000048"
      ]
    },
    {
      "key": "ti",
      "count": "2",
      "instances": [
        "qpn-x-places.x000024",
        "qpn-x-places.x000024"
      ]
    },
    {
      "key": "bube",
      "count": "2",
      "instances": [
        "qpn-x-places.x000008",
        "qpn-x-places.x000008"
      ]
    },
    {
      "key": "iri",
      "count": "4",
      "instances": [
        "qpn-x-places.x000008",
        "qpn-x-places.x000008",
        "qpn-x-places.x000032",
        "qpn-x-places.x000032"
      ]
    },
    {
      "key": "stdbab",
      "count": "3",
      "instances": [
        "qpn-x-places.x000008",
        "qpn-x-places.x000024",
        "qpn-x-places.x000032"
      ]
    },
    {
      "key": "akk",
      "count": "7",
      "instances": [
        "qpn-x-places.x000000",
        "qpn-x-places.x000008",
        "qpn-x-places.x000016",
        "qpn-x-places.x000024",
        "qpn-x-places.x000032",
        "qpn-x-places.x000040",
        "qpn-x-places.x000048"
      ]
    },
    {
      "key": "elamati",
      "count": "1",
      "instances": [
        "qpn-x-places.x000024"
      ]
    },
    {
      "key": "Šaršar[1]",
      "count": "1",
      "instances": [
        "qpn-x-places.x000040"
      ]
    },
    {
      "key": "NIŠUR[1]",
      "count": "1",
      "instances": [
        "qpn-x-places.x000032"
      ]
    },
    {
      "key": "Bube[1]",
      "count": "1",
      "instances": [
        "qpn-x-places.x000008"
      ]
    },
    {
      "key": "der",
      "count": "2",
      "instances": [
        "qpn-x-places.x000016",
        "qpn-x-places.x000016"
      ]
    },
    {
      "key": "be₂",
      "count": "2",
      "instances": [
        "qpn-x-places.x000008",
        "qpn-x-places.x000008"
      ]
    },
    {
      "key": "Ur[1]",
      "count": "1",
      "instances": [
        "qpn-x-places.x000048"
      ]
    },
    {
      "key": "šaršar",
      "count": "2",
      "instances": [
        "qpn-x-places.x000040",
        "qpn-x-places.x000040"
      ]
    },
    {
      "key": "stdbabšešunug",
      "count": "1",
      "instances": [
        "qpn-x-places.x000048"
      ]
    },
    {
      "key": "Apsu[1]",
      "count": "1",
      "instances": [
        "qpn-x-places.x000000"
      ]
    },
    {
      "key": "nišur",
      "count": "4",
      "instances": [
        "qpn-x-places.x000032",
        "qpn-x-places.x000032",
        "qpn-x-places.x000032",
        "qpn-x-places.x000032"
      ]
    },
    {
      "key": "bad₃an",
      "count": "1",
      "instances": [
        "qpn-x-places.x000016"
      ]
    },
    {
      "key": "elam",
      "count": "1",
      "instances": [
        "qpn-x-places.x000024"
      ]
    },
    {
      "key": "šar₂",
      "count": "3",
      "instances": [
        "qpn-x-places.x000040",
        "qpn-x-places.x000040",
        "qpn-x-places.x000040"
      ]
    },
    {
      "key": "Elam[1]",
      "count": "1",
      "instances": [
        "qpn-x-places.x000024"
      ]
    },
    {
      "key": "šešunug",
      "count": "1",
      "instances": [
        "qpn-x-places.x000048"
      ]
    },
    {
      "key": "stdbabbad₃an",
      "count": "1",
      "instances": [
        "qpn-x-places.x000016"
      ]
    }
  ],
  "map": {
    "%akk": "akk",
    "Apsi": "apsi",
    "Apsu": "apsu",
    "BAD₃.AN": "bad₃an",
    "Bube": "bube",
    "Der": "der",
    "Elam": "elam",
    "Elamati": "elamati",
    "NI.ŠUR": "nišur",
    "NIŠUR": "nišur",
    "Ur": "ur",
    "stdbab:": "stdbab",
    "stdbab:BAD₃.AN": "stdbabbad₃an",
    "stdbab:ap": "stdbabap",
    "stdbab:ŠEŠ.UNUG": "stdbabšešunug",
    "stdbab:šar₂": "stdbabšar₂",
    "ŠEŠ.UNUG": "šešunug",
    "Šaršar": "šaršar"
  }
}
