{
  "type": "index",
  "project": "cams/anzu",
  "source": "http://oracc.org/cams/anzu",
  "license": "This data is released under the CC0 license",
  "license-url": "https://creativecommons.org/publicdomain/zero/1.0/",
  "more-info": "http://oracc.org/doc/opendata/",
  "UTC-timestamp": "2019-02-09T12:40:48",
  "name": "cbd/qpn",
  "keys": [
    {
      "key": "pabsukkal",
      "count": "2",
      "instances": [
        "qpn.x000462",
        "qpn.x000462"
      ]
    },
    {
      "key": "diglat",
      "count": "2",
      "instances": [
        "qpn.x000166",
        "qpn.x000166"
      ]
    },
    {
      "key": "e",
      "count": "4",
      "instances": [
        "qpn.x000142",
        "qpn.x000142",
        "qpn.x000236",
        "qpn.x000236"
      ]
    },
    {
      "key": "i",
      "count": "8",
      "instances": [
        "qpn.x000060",
        "qpn.x000060",
        "qpn.x000106",
        "qpn.x000106",
        "qpn.x000206",
        "qpn.x000206",
        "qpn.x000304",
        "qpn.x000304"
      ]
    },
    {
      "key": "u",
      "count": "2",
      "instances": [
        "qpn.x000060",
        "qpn.x000060"
      ]
    },
    {
      "key": "Ištar[1]",
      "count": "1",
      "instances": [
        "qpn.x000330"
      ]
    },
    {
      "key": "Inšušinak[1]",
      "count": "1",
      "instances": [
        "qpn.x000322"
      ]
    },
    {
      "key": "Panigingara[1]",
      "count": "1",
      "instances": [
        "qpn.x000454"
      ]
    },
    {
      "key": "ba₄",
      "count": "4",
      "instances": [
        "qpn.x000534",
        "qpn.x000534",
        "qpn.x000534",
        "qpn.x000534"
      ]
    },
    {
      "key": "Pabilsag[1]",
      "count": "1",
      "instances": [
        "qpn.x000446"
      ]
    },
    {
      "key": "stdbabe₂kur",
      "count": "2",
      "instances": [
        "qpn.x000214",
        "qpn.x000214"
      ]
    },
    {
      "key": "igigima",
      "count": "1",
      "instances": [
        "qpn.x000304"
      ]
    },
    {
      "key": "Ea[1]",
      "count": "1",
      "instances": [
        "qpn.x000182"
      ]
    },
    {
      "key": "purattu",
      "count": "2",
      "instances": [
        "qpn.x000470",
        "qpn.x000470"
      ]
    },
    {
      "key": "nisaba",
      "count": "4",
      "instances": [
        "qpn.x000414",
        "qpn.x000414",
        "qpn.x000414",
        "qpn.x000414"
      ]
    },
    {
      "key": "60",
      "count": "2",
      "instances": [
        "qpn.x000016",
        "qpn.x000016"
      ]
    },
    {
      "key": "li₂",
      "count": "2",
      "instances": [
        "qpn.x000114",
        "qpn.x000114"
      ]
    },
    {
      "key": "šar₂ur₄",
      "count": "2",
      "instances": [
        "qpn.x000494",
        "qpn.x000494"
      ]
    },
    {
      "key": "Der[1]",
      "count": "1",
      "instances": [
        "qpn.x000158"
      ]
    },
    {
      "key": "šukudu",
      "count": "2",
      "instances": [
        "qpn.x000502",
        "qpn.x000502"
      ]
    },
    {
      "key": "e₂sikilla",
      "count": "1",
      "instances": [
        "qpn.x000272"
      ]
    },
    {
      "key": "kulunug",
      "count": "1",
      "instances": [
        "qpn.x000346"
      ]
    },
    {
      "key": "e₂giškalamma",
      "count": "1",
      "instances": [
        "qpn.x000198"
      ]
    },
    {
      "key": "kur",
      "count": "2",
      "instances": [
        "qpn.x000236",
        "qpn.x000236"
      ]
    },
    {
      "key": "arrow",
      "count": "2",
      "instances": [
        "qpn.x000502",
        "qpn.x000502"
      ]
    },
    {
      "key": "bilgi",
      "count": "2",
      "instances": [
        "qpn.x000280",
        "qpn.x000280"
      ]
    },
    {
      "key": "patug₂",
      "count": "2",
      "instances": [
        "qpn.x000438",
        "qpn.x000438"
      ]
    },
    {
      "key": "stdbaban",
      "count": "8",
      "instances": [
        "qpn.x000060",
        "qpn.x000060",
        "qpn.x000060",
        "qpn.x000060",
        "qpn.x000060",
        "qpn.x000060",
        "qpn.x000060",
        "qpn.x000060"
      ]
    },
    {
      "key": "stdbabap",
      "count": "1",
      "instances": [
        "qpn.x000106"
      ]
    },
    {
      "key": "messagunug",
      "count": "4",
      "instances": [
        "qpn.x000378",
        "qpn.x000378",
        "qpn.x000378",
        "qpn.x000378"
      ]
    },
    {
      "key": "tigris",
      "count": "2",
      "instances": [
        "qpn.x000166",
        "qpn.x000166"
      ]
    },
    {
      "key": "stdbabkulunug",
      "count": "1",
      "instances": [
        "qpn.x000346"
      ]
    },
    {
      "key": "adad",
      "count": "2",
      "instances": [
        "qpn.x000000",
        "qpn.x000000"
      ]
    },
    {
      "key": "Eibianum[1]",
      "count": "1",
      "instances": [
        "qpn.x000206"
      ]
    },
    {
      "key": "apsi",
      "count": "1",
      "instances": [
        "qpn.x000106"
      ]
    },
    {
      "key": "udkibnun",
      "count": "2",
      "instances": [
        "qpn.x000470",
        "qpn.x000470"
      ]
    },
    {
      "key": "apsu",
      "count": "1",
      "instances": [
        "qpn.x000106"
      ]
    },
    {
      "key": "Annunitu[1]",
      "count": "1",
      "instances": [
        "qpn.x000008"
      ]
    },
    {
      "key": "Ištaran[1]",
      "count": "1",
      "instances": [
        "qpn.x000338"
      ]
    },
    {
      "key": "Birdu[1]",
      "count": "1",
      "instances": [
        "qpn.x000128"
      ]
    },
    {
      "key": "stdbabšar₂",
      "count": "1",
      "instances": [
        "qpn.x000486"
      ]
    },
    {
      "key": "Mami[1]",
      "count": "1",
      "instances": [
        "qpn.x000370"
      ]
    },
    {
      "key": "an",
      "count": "10",
      "instances": [
        "qpn.x000008",
        "qpn.x000008",
        "qpn.x000060",
        "qpn.x000060",
        "qpn.x000060",
        "qpn.x000060",
        "qpn.x000060",
        "qpn.x000060",
        "qpn.x000060",
        "qpn.x000060"
      ]
    },
    {
      "key": "ap",
      "count": "1",
      "instances": [
        "qpn.x000106"
      ]
    },
    {
      "key": "eibianum",
      "count": "2",
      "instances": [
        "qpn.x000206",
        "qpn.x000206"
      ]
    },
    {
      "key": "du",
      "count": "4",
      "instances": [
        "qpn.x000128",
        "qpn.x000128",
        "qpn.x000502",
        "qpn.x000502"
      ]
    },
    {
      "key": "da",
      "count": "2",
      "instances": [
        "qpn.x000150",
        "qpn.x000150"
      ]
    },
    {
      "key": "di",
      "count": "2",
      "instances": [
        "qpn.x000128",
        "qpn.x000128"
      ]
    },
    {
      "key": "ea",
      "count": "2",
      "instances": [
        "qpn.x000182",
        "qpn.x000182"
      ]
    },
    {
      "key": "Šarur[1]",
      "count": "1",
      "instances": [
        "qpn.x000494"
      ]
    },
    {
      "key": "be",
      "count": "4",
      "instances": [
        "qpn.x000114",
        "qpn.x000114",
        "qpn.x000114",
        "qpn.x000114"
      ]
    },
    {
      "key": "bu",
      "count": "2",
      "instances": [
        "qpn.x000142",
        "qpn.x000142"
      ]
    },
    {
      "key": "Belet-ili[1]",
      "count": "1",
      "instances": [
        "qpn.x000114"
      ]
    },
    {
      "key": "hu",
      "count": "2",
      "instances": [
        "qpn.x000296",
        "qpn.x000296"
      ]
    },
    {
      "key": "enimmanku",
      "count": "2",
      "instances": [
        "qpn.x000256",
        "qpn.x000256"
      ]
    },
    {
      "key": "ku",
      "count": "4",
      "instances": [
        "qpn.x000042",
        "qpn.x000042",
        "qpn.x000502",
        "qpn.x000502"
      ]
    },
    {
      "key": "ki",
      "count": "10",
      "instances": [
        "qpn.x000042",
        "qpn.x000042",
        "qpn.x000158",
        "qpn.x000158",
        "qpn.x000346",
        "qpn.x000346",
        "qpn.x000378",
        "qpn.x000378",
        "qpn.x000518",
        "qpn.x000518"
      ]
    },
    {
      "key": "la",
      "count": "2",
      "instances": [
        "qpn.x000236",
        "qpn.x000236"
      ]
    },
    {
      "key": "tar",
      "count": "2",
      "instances": [
        "qpn.x000330",
        "qpn.x000330"
      ]
    },
    {
      "key": "lion",
      "count": "2",
      "instances": [
        "qpn.x000526",
        "qpn.x000526"
      ]
    },
    {
      "key": "na",
      "count": "4",
      "instances": [
        "qpn.x000042",
        "qpn.x000042",
        "qpn.x000042",
        "qpn.x000042"
      ]
    },
    {
      "key": "ni",
      "count": "4",
      "instances": [
        "qpn.x000008",
        "qpn.x000008",
        "qpn.x000016",
        "qpn.x000016"
      ]
    },
    {
      "key": "nu",
      "count": "2",
      "instances": [
        "qpn.x000008",
        "qpn.x000008"
      ]
    },
    {
      "key": "Gibil[1]",
      "count": "1",
      "instances": [
        "qpn.x000280"
      ]
    },
    {
      "key": "ma",
      "count": "14",
      "instances": [
        "qpn.x000060",
        "qpn.x000060",
        "qpn.x000060",
        "qpn.x000060",
        "qpn.x000060",
        "qpn.x000060",
        "qpn.x000060",
        "qpn.x000060",
        "qpn.x000236",
        "qpn.x000236",
        "qpn.x000304",
        "qpn.x000304",
        "qpn.x000370",
        "qpn.x000370"
      ]
    },
    {
      "key": "mi",
      "count": "2",
      "instances": [
        "qpn.x000370",
        "qpn.x000370"
      ]
    },
    {
      "key": "til",
      "count": "2",
      "instances": [
        "qpn.x000296",
        "qpn.x000296"
      ]
    },
    {
      "key": "ri",
      "count": "2",
      "instances": [
        "qpn.x000214",
        "qpn.x000214"
      ]
    },
    {
      "key": "si",
      "count": "2",
      "instances": [
        "qpn.x000106",
        "qpn.x000106"
      ]
    },
    {
      "key": "um",
      "count": "4",
      "instances": [
        "qpn.x000060",
        "qpn.x000060",
        "qpn.x000060",
        "qpn.x000060"
      ]
    },
    {
      "key": "ur",
      "count": "2",
      "instances": [
        "qpn.x000518",
        "qpn.x000518"
      ]
    },
    {
      "key": "Hurabtil[1]",
      "count": "1",
      "instances": [
        "qpn.x000296"
      ]
    },
    {
      "key": "ti",
      "count": "2",
      "instances": [
        "qpn.x000236",
        "qpn.x000236"
      ]
    },
    {
      "key": "tu",
      "count": "2",
      "instances": [
        "qpn.x000008",
        "qpn.x000008"
      ]
    },
    {
      "key": "dingir",
      "count": "2",
      "instances": [
        "qpn.x000114",
        "qpn.x000114"
      ]
    },
    {
      "key": "let",
      "count": "4",
      "instances": [
        "qpn.x000114",
        "qpn.x000114",
        "qpn.x000114",
        "qpn.x000114"
      ]
    },
    {
      "key": "mami",
      "count": "2",
      "instances": [
        "qpn.x000370",
        "qpn.x000370"
      ]
    },
    {
      "key": "Šukudu[Arrow]",
      "count": "1",
      "instances": [
        "qpn.x000502"
      ]
    },
    {
      "key": "za",
      "count": "6",
      "instances": [
        "qpn.x000060",
        "qpn.x000060",
        "qpn.x000060",
        "qpn.x000060",
        "qpn.x000534",
        "qpn.x000534"
      ]
    },
    {
      "key": "zi",
      "count": "2",
      "instances": [
        "qpn.x000060",
        "qpn.x000060"
      ]
    },
    {
      "key": "anum",
      "count": "1",
      "instances": [
        "qpn.x000016"
      ]
    },
    {
      "key": "zu",
      "count": "10",
      "instances": [
        "qpn.x000060",
        "qpn.x000060",
        "qpn.x000060",
        "qpn.x000060",
        "qpn.x000060",
        "qpn.x000060",
        "qpn.x000060",
        "qpn.x000060",
        "qpn.x000060",
        "qpn.x000060"
      ]
    },
    {
      "key": "Tišpak[1]",
      "count": "1",
      "instances": [
        "qpn.x000510"
      ]
    },
    {
      "key": "ili",
      "count": "3",
      "instances": [
        "qpn.x000114",
        "qpn.x000114",
        "qpn.x000114"
      ]
    },
    {
      "key": "Anzu[1]",
      "count": "1",
      "instances": [
        "qpn.x000060"
      ]
    },
    {
      "key": "anza",
      "count": "1",
      "instances": [
        "qpn.x000060"
      ]
    },
    {
      "key": "anzi",
      "count": "1",
      "instances": [
        "qpn.x000060"
      ]
    },
    {
      "key": "anzu",
      "count": "2",
      "instances": [
        "qpn.x000060",
        "qpn.x000060"
      ]
    },
    {
      "key": "Esikil[1]",
      "count": "1",
      "instances": [
        "qpn.x000272"
      ]
    },
    {
      "key": "Enimmanku[1]",
      "count": "1",
      "instances": [
        "qpn.x000256"
      ]
    },
    {
      "key": "Egalmah[1]",
      "count": "1",
      "instances": [
        "qpn.x000190"
      ]
    },
    {
      "key": "papsukkal",
      "count": "2",
      "instances": [
        "qpn.x000462",
        "qpn.x000462"
      ]
    },
    {
      "key": "Diglat[Tigris]",
      "count": "1",
      "instances": [
        "qpn.x000166"
      ]
    },
    {
      "key": "inšušinak",
      "count": "2",
      "instances": [
        "qpn.x000322",
        "qpn.x000322"
      ]
    },
    {
      "key": "Duranki[1]",
      "count": "1",
      "instances": [
        "qpn.x000174"
      ]
    },
    {
      "key": "ningir₂su",
      "count": "2",
      "instances": [
        "qpn.x000394",
        "qpn.x000394"
      ]
    },
    {
      "key": "e₂galmah",
      "count": "1",
      "instances": [
        "qpn.x000190"
      ]
    },
    {
      "key": "1šarʾu",
      "count": "2",
      "instances": [
        "qpn.x000042",
        "qpn.x000042"
      ]
    },
    {
      "key": "anim",
      "count": "1",
      "instances": [
        "qpn.x000016"
      ]
    },
    {
      "key": "Dagan[1]",
      "count": "1",
      "instances": [
        "qpn.x000150"
      ]
    },
    {
      "key": "duranki",
      "count": "4",
      "instances": [
        "qpn.x000174",
        "qpn.x000174",
        "qpn.x000174",
        "qpn.x000174"
      ]
    },
    {
      "key": "Lugalbanda[1]",
      "count": "1",
      "instances": [
        "qpn.x000354"
      ]
    },
    {
      "key": "Eninnu[1]",
      "count": "1",
      "instances": [
        "qpn.x000264"
      ]
    },
    {
      "key": "i₃",
      "count": "2",
      "instances": [
        "qpn.x000114",
        "qpn.x000114"
      ]
    },
    {
      "key": "i₂",
      "count": "4",
      "instances": [
        "qpn.x000304",
        "qpn.x000304",
        "qpn.x000304",
        "qpn.x000304"
      ]
    },
    {
      "key": "bube",
      "count": "2",
      "instances": [
        "qpn.x000142",
        "qpn.x000142"
      ]
    },
    {
      "key": "iri",
      "count": "4",
      "instances": [
        "qpn.x000142",
        "qpn.x000142",
        "qpn.x000430",
        "qpn.x000430"
      ]
    },
    {
      "key": "lugalmarada",
      "count": "2",
      "instances": [
        "qpn.x000362",
        "qpn.x000362"
      ]
    },
    {
      "key": "stdbabe₂sikilla",
      "count": "1",
      "instances": [
        "qpn.x000272"
      ]
    },
    {
      "key": "anu",
      "count": "2",
      "instances": [
        "qpn.x000016",
        "qpn.x000016"
      ]
    },
    {
      "key": "ani",
      "count": "1",
      "instances": [
        "qpn.x000016"
      ]
    },
    {
      "key": "dagan",
      "count": "2",
      "instances": [
        "qpn.x000150",
        "qpn.x000150"
      ]
    },
    {
      "key": "annunitu",
      "count": "2",
      "instances": [
        "qpn.x000008",
        "qpn.x000008"
      ]
    },
    {
      "key": "Ningirsu[1]",
      "count": "1",
      "instances": [
        "qpn.x000394"
      ]
    },
    {
      "key": "stdbaba",
      "count": "1",
      "instances": [
        "qpn.x000042"
      ]
    },
    {
      "key": "Lugalmarada[1]",
      "count": "1",
      "instances": [
        "qpn.x000362"
      ]
    },
    {
      "key": "stdbabe₂galmah",
      "count": "1",
      "instances": [
        "qpn.x000190"
      ]
    },
    {
      "key": "gi₃",
      "count": "8",
      "instances": [
        "qpn.x000304",
        "qpn.x000304",
        "qpn.x000304",
        "qpn.x000304",
        "qpn.x000304",
        "qpn.x000304",
        "qpn.x000304",
        "qpn.x000304"
      ]
    },
    {
      "key": "Ekurmah[1]",
      "count": "1",
      "instances": [
        "qpn.x000228"
      ]
    },
    {
      "key": "gi₄",
      "count": "4",
      "instances": [
        "qpn.x000304",
        "qpn.x000304",
        "qpn.x000304",
        "qpn.x000304"
      ]
    },
    {
      "key": "Egiškalama[1]",
      "count": "1",
      "instances": [
        "qpn.x000198"
      ]
    },
    {
      "key": "e₂nimmaanku₃",
      "count": "1",
      "instances": [
        "qpn.x000256"
      ]
    },
    {
      "key": "lugalbanda",
      "count": "2",
      "instances": [
        "qpn.x000354",
        "qpn.x000354"
      ]
    },
    {
      "key": "nim",
      "count": "2",
      "instances": [
        "qpn.x000016",
        "qpn.x000016"
      ]
    },
    {
      "key": "mašgu₂qar",
      "count": "2",
      "instances": [
        "qpn.x000166",
        "qpn.x000166"
      ]
    },
    {
      "key": "elamati",
      "count": "1",
      "instances": [
        "qpn.x000236"
      ]
    },
    {
      "key": "nun",
      "count": "4",
      "instances": [
        "qpn.x000042",
        "qpn.x000042",
        "qpn.x000042",
        "qpn.x000042"
      ]
    },
    {
      "key": "num",
      "count": "4",
      "instances": [
        "qpn.x000016",
        "qpn.x000016",
        "qpn.x000206",
        "qpn.x000206"
      ]
    },
    {
      "key": "Šaršar[1]",
      "count": "1",
      "instances": [
        "qpn.x000486"
      ]
    },
    {
      "key": "eninnu",
      "count": "2",
      "instances": [
        "qpn.x000264",
        "qpn.x000264"
      ]
    },
    {
      "key": "Kullab[1]",
      "count": "1",
      "instances": [
        "qpn.x000346"
      ]
    },
    {
      "key": "NIŠUR[1]",
      "count": "1",
      "instances": [
        "qpn.x000430"
      ]
    },
    {
      "key": "anzumma",
      "count": "1",
      "instances": [
        "qpn.x000060"
      ]
    },
    {
      "key": "Nusku[1]",
      "count": "1",
      "instances": [
        "qpn.x000438"
      ]
    },
    {
      "key": "Bube[1]",
      "count": "1",
      "instances": [
        "qpn.x000142"
      ]
    },
    {
      "key": "belet",
      "count": "3",
      "instances": [
        "qpn.x000114",
        "qpn.x000114",
        "qpn.x000114"
      ]
    },
    {
      "key": "lugalban₃da",
      "count": "2",
      "instances": [
        "qpn.x000354",
        "qpn.x000354"
      ]
    },
    {
      "key": "Zababa[1]",
      "count": "1",
      "instances": [
        "qpn.x000534"
      ]
    },
    {
      "key": "iškur",
      "count": "2",
      "instances": [
        "qpn.x000000",
        "qpn.x000000"
      ]
    },
    {
      "key": "e₂ninnu",
      "count": "1",
      "instances": [
        "qpn.x000264"
      ]
    },
    {
      "key": "šu",
      "count": "1",
      "instances": [
        "qpn.x000502"
      ]
    },
    {
      "key": "Anu[1]",
      "count": "1",
      "instances": [
        "qpn.x000016"
      ]
    },
    {
      "key": "u₂",
      "count": "6",
      "instances": [
        "qpn.x000060",
        "qpn.x000060",
        "qpn.x000060",
        "qpn.x000060",
        "qpn.x000060",
        "qpn.x000060"
      ]
    },
    {
      "key": "ninšiku₃",
      "count": "2",
      "instances": [
        "qpn.x000422",
        "qpn.x000422"
      ]
    },
    {
      "key": "ekur",
      "count": "2",
      "instances": [
        "qpn.x000214",
        "qpn.x000214"
      ]
    },
    {
      "key": "stdbabe₂kurmah",
      "count": "1",
      "instances": [
        "qpn.x000228"
      ]
    },
    {
      "key": "Purattu[Euphrates]",
      "count": "1",
      "instances": [
        "qpn.x000470"
      ]
    },
    {
      "key": "der",
      "count": "2",
      "instances": [
        "qpn.x000158",
        "qpn.x000158"
      ]
    },
    {
      "key": "tišpak",
      "count": "4",
      "instances": [
        "qpn.x000510",
        "qpn.x000510",
        "qpn.x000510",
        "qpn.x000510"
      ]
    },
    {
      "key": "anzama",
      "count": "1",
      "instances": [
        "qpn.x000060"
      ]
    },
    {
      "key": "Gugallu[1]",
      "count": "1",
      "instances": [
        "qpn.x000288"
      ]
    },
    {
      "key": "birdi",
      "count": "1",
      "instances": [
        "qpn.x000128"
      ]
    },
    {
      "key": "birdu",
      "count": "2",
      "instances": [
        "qpn.x000128",
        "qpn.x000128"
      ]
    },
    {
      "key": "nusku",
      "count": "2",
      "instances": [
        "qpn.x000438",
        "qpn.x000438"
      ]
    },
    {
      "key": "ekurri",
      "count": "1",
      "instances": [
        "qpn.x000214"
      ]
    },
    {
      "key": "be₂",
      "count": "2",
      "instances": [
        "qpn.x000142",
        "qpn.x000142"
      ]
    },
    {
      "key": "kadi",
      "count": "2",
      "instances": [
        "qpn.x000338",
        "qpn.x000338"
      ]
    },
    {
      "key": "stdbabšu",
      "count": "1",
      "instances": [
        "qpn.x000502"
      ]
    },
    {
      "key": "Anunnaku[1]",
      "count": "1",
      "instances": [
        "qpn.x000042"
      ]
    },
    {
      "key": "Ur[1]",
      "count": "1",
      "instances": [
        "qpn.x000518"
      ]
    },
    {
      "key": "niššiku",
      "count": "2",
      "instances": [
        "qpn.x000422",
        "qpn.x000422"
      ]
    },
    {
      "key": "šaršar",
      "count": "2",
      "instances": [
        "qpn.x000486",
        "qpn.x000486"
      ]
    },
    {
      "key": "stdbabe₂",
      "count": "1",
      "instances": [
        "qpn.x000206"
      ]
    },
    {
      "key": "šara",
      "count": "4",
      "instances": [
        "qpn.x000478",
        "qpn.x000478",
        "qpn.x000478",
        "qpn.x000478"
      ]
    },
    {
      "key": "mul",
      "count": "2",
      "instances": [
        "qpn.x000526",
        "qpn.x000526"
      ]
    },
    {
      "key": "enlil₂",
      "count": "2",
      "instances": [
        "qpn.x000244",
        "qpn.x000244"
      ]
    },
    {
      "key": "Niššiku[1]",
      "count": "1",
      "instances": [
        "qpn.x000422"
      ]
    },
    {
      "key": "anunnaku",
      "count": "2",
      "instances": [
        "qpn.x000042",
        "qpn.x000042"
      ]
    },
    {
      "key": "ekurmah",
      "count": "2",
      "instances": [
        "qpn.x000228",
        "qpn.x000228"
      ]
    },
    {
      "key": "anunnaki",
      "count": "1",
      "instances": [
        "qpn.x000042"
      ]
    },
    {
      "key": "stdbabe₂giškalamma",
      "count": "1",
      "instances": [
        "qpn.x000198"
      ]
    },
    {
      "key": "e₂kur",
      "count": "2",
      "instances": [
        "qpn.x000214",
        "qpn.x000214"
      ]
    },
    {
      "key": "Nisaba[1]",
      "count": "1",
      "instances": [
        "qpn.x000414"
      ]
    },
    {
      "key": "bir",
      "count": "4",
      "instances": [
        "qpn.x000128",
        "qpn.x000128",
        "qpn.x000128",
        "qpn.x000128"
      ]
    },
    {
      "key": "esikila",
      "count": "1",
      "instances": [
        "qpn.x000272"
      ]
    },
    {
      "key": "Šara[1]",
      "count": "1",
      "instances": [
        "qpn.x000478"
      ]
    },
    {
      "key": "bad",
      "count": "2",
      "instances": [
        "qpn.x000244",
        "qpn.x000244"
      ]
    },
    {
      "key": "egalmah",
      "count": "2",
      "instances": [
        "qpn.x000190",
        "qpn.x000190"
      ]
    },
    {
      "key": "e₂",
      "count": "3",
      "instances": [
        "qpn.x000182",
        "qpn.x000182",
        "qpn.x000206"
      ]
    },
    {
      "key": "šarur",
      "count": "2",
      "instances": [
        "qpn.x000494",
        "qpn.x000494"
      ]
    },
    {
      "key": "stdbabšešunug",
      "count": "1",
      "instances": [
        "qpn.x000518"
      ]
    },
    {
      "key": "pabilsag",
      "count": "4",
      "instances": [
        "qpn.x000446",
        "qpn.x000446",
        "qpn.x000446",
        "qpn.x000446"
      ]
    },
    {
      "key": "hurabtil",
      "count": "2",
      "instances": [
        "qpn.x000296",
        "qpn.x000296"
      ]
    },
    {
      "key": "stdbabe₂nimmaanku₃",
      "count": "1",
      "instances": [
        "qpn.x000256"
      ]
    },
    {
      "key": "bi₂",
      "count": "2",
      "instances": [
        "qpn.x000206",
        "qpn.x000206"
      ]
    },
    {
      "key": "rab",
      "count": "2",
      "instances": [
        "qpn.x000296",
        "qpn.x000296"
      ]
    },
    {
      "key": "lugalmaradda",
      "count": "2",
      "instances": [
        "qpn.x000362",
        "qpn.x000362"
      ]
    },
    {
      "key": "gu₂gal",
      "count": "2",
      "instances": [
        "qpn.x000288",
        "qpn.x000288"
      ]
    },
    {
      "key": "Apsu[1]",
      "count": "1",
      "instances": [
        "qpn.x000106"
      ]
    },
    {
      "key": "Ninurta[1]",
      "count": "1",
      "instances": [
        "qpn.x000402"
      ]
    },
    {
      "key": "nišur",
      "count": "4",
      "instances": [
        "qpn.x000430",
        "qpn.x000430",
        "qpn.x000430",
        "qpn.x000430"
      ]
    },
    {
      "key": "Urgulu[Lion]",
      "count": "1",
      "instances": [
        "qpn.x000526"
      ]
    },
    {
      "key": "ellil",
      "count": "2",
      "instances": [
        "qpn.x000244",
        "qpn.x000244"
      ]
    },
    {
      "key": "gibil",
      "count": "2",
      "instances": [
        "qpn.x000280",
        "qpn.x000280"
      ]
    },
    {
      "key": "Igigu[1]",
      "count": "1",
      "instances": [
        "qpn.x000304"
      ]
    },
    {
      "key": "bad₃an",
      "count": "1",
      "instances": [
        "qpn.x000158"
      ]
    },
    {
      "key": "gan",
      "count": "2",
      "instances": [
        "qpn.x000150",
        "qpn.x000150"
      ]
    },
    {
      "key": "ninazu",
      "count": "4",
      "instances": [
        "qpn.x000386",
        "qpn.x000386",
        "qpn.x000386",
        "qpn.x000386"
      ]
    },
    {
      "key": "gugallu",
      "count": "2",
      "instances": [
        "qpn.x000288",
        "qpn.x000288"
      ]
    },
    {
      "key": "elam",
      "count": "1",
      "instances": [
        "qpn.x000236"
      ]
    },
    {
      "key": "urgulu",
      "count": "2",
      "instances": [
        "qpn.x000526",
        "qpn.x000526"
      ]
    },
    {
      "key": "urgula",
      "count": "2",
      "instances": [
        "qpn.x000526",
        "qpn.x000526"
      ]
    },
    {
      "key": "ištaran",
      "count": "2",
      "instances": [
        "qpn.x000338",
        "qpn.x000338"
      ]
    },
    {
      "key": "ninurta",
      "count": "4",
      "instances": [
        "qpn.x000402",
        "qpn.x000402",
        "qpn.x000402",
        "qpn.x000402"
      ]
    },
    {
      "key": "euphrates",
      "count": "2",
      "instances": [
        "qpn.x000470",
        "qpn.x000470"
      ]
    },
    {
      "key": "esikil",
      "count": "1",
      "instances": [
        "qpn.x000272"
      ]
    },
    {
      "key": "ištar",
      "count": "2",
      "instances": [
        "qpn.x000330",
        "qpn.x000330"
      ]
    },
    {
      "key": "kullab",
      "count": "2",
      "instances": [
        "qpn.x000346",
        "qpn.x000346"
      ]
    },
    {
      "key": "šar₂",
      "count": "3",
      "instances": [
        "qpn.x000486",
        "qpn.x000486",
        "qpn.x000486"
      ]
    },
    {
      "key": "e₂kurmah",
      "count": "1",
      "instances": [
        "qpn.x000228"
      ]
    },
    {
      "key": "Elam[1]",
      "count": "1",
      "instances": [
        "qpn.x000236"
      ]
    },
    {
      "key": "stdbabe₂ninnu",
      "count": "1",
      "instances": [
        "qpn.x000264"
      ]
    },
    {
      "key": "iš",
      "count": "2",
      "instances": [
        "qpn.x000330",
        "qpn.x000330"
      ]
    },
    {
      "key": "panigingara",
      "count": "2",
      "instances": [
        "qpn.x000454",
        "qpn.x000454"
      ]
    },
    {
      "key": "meš",
      "count": "2",
      "instances": [
        "qpn.x000114",
        "qpn.x000114"
      ]
    },
    {
      "key": "zababa",
      "count": "2",
      "instances": [
        "qpn.x000534",
        "qpn.x000534"
      ]
    },
    {
      "key": "id₂",
      "count": "4",
      "instances": [
        "qpn.x000166",
        "qpn.x000166",
        "qpn.x000470",
        "qpn.x000470"
      ]
    },
    {
      "key": "egiškalama",
      "count": "2",
      "instances": [
        "qpn.x000198",
        "qpn.x000198"
      ]
    },
    {
      "key": "muš₃šeš₂",
      "count": "2",
      "instances": [
        "qpn.x000322",
        "qpn.x000322"
      ]
    },
    {
      "key": "Ellil[1]",
      "count": "1",
      "instances": [
        "qpn.x000244"
      ]
    },
    {
      "key": "anzuma",
      "count": "1",
      "instances": [
        "qpn.x000060"
      ]
    },
    {
      "key": "ningirsu",
      "count": "2",
      "instances": [
        "qpn.x000394",
        "qpn.x000394"
      ]
    },
    {
      "key": "Ekur[1]",
      "count": "1",
      "instances": [
        "qpn.x000214"
      ]
    },
    {
      "key": "igigi",
      "count": "1",
      "instances": [
        "qpn.x000304"
      ]
    },
    {
      "key": "igigu",
      "count": "1",
      "instances": [
        "qpn.x000304"
      ]
    },
    {
      "key": "Papsukkal[1]",
      "count": "1",
      "instances": [
        "qpn.x000462"
      ]
    },
    {
      "key": "šešunug",
      "count": "1",
      "instances": [
        "qpn.x000518"
      ]
    },
    {
      "key": "Ninazu[1]",
      "count": "1",
      "instances": [
        "qpn.x000386"
      ]
    },
    {
      "key": "maš",
      "count": "2",
      "instances": [
        "qpn.x000402",
        "qpn.x000402"
      ]
    },
    {
      "key": "pabnigin₃garra",
      "count": "2",
      "instances": [
        "qpn.x000454",
        "qpn.x000454"
      ]
    },
    {
      "key": "Adad[1]",
      "count": "1",
      "instances": [
        "qpn.x000000"
      ]
    },
    {
      "key": "Messagunug[1]",
      "count": "1",
      "instances": [
        "qpn.x000378"
      ]
    },
    {
      "key": "stdbabbad₃an",
      "count": "1",
      "instances": [
        "qpn.x000158"
      ]
    },
    {
      "key": "1",
      "count": "102",
      "instances": [
        "qpn.x000000",
        "qpn.x000000",
        "qpn.x000008",
        "qpn.x000008",
        "qpn.x000016",
        "qpn.x000016",
        "qpn.x000042",
        "qpn.x000042",
        "qpn.x000060",
        "qpn.x000060",
        "qpn.x000106",
        "qpn.x000106",
        "qpn.x000114",
        "qpn.x000114",
        "qpn.x000128",
        "qpn.x000128",
        "qpn.x000142",
        "qpn.x000142",
        "qpn.x000150",
        "qpn.x000150",
        "qpn.x000158",
        "qpn.x000158",
        "qpn.x000174",
        "qpn.x000174",
        "qpn.x000182",
        "qpn.x000182",
        "qpn.x000190",
        "qpn.x000190",
        "qpn.x000198",
        "qpn.x000198",
        "qpn.x000206",
        "qpn.x000206",
        "qpn.x000214",
        "qpn.x000214",
        "qpn.x000228",
        "qpn.x000228",
        "qpn.x000236",
        "qpn.x000236",
        "qpn.x000244",
        "qpn.x000244",
        "qpn.x000256",
        "qpn.x000256",
        "qpn.x000264",
        "qpn.x000264",
        "qpn.x000272",
        "qpn.x000272",
        "qpn.x000280",
        "qpn.x000280",
        "qpn.x000288",
        "qpn.x000288",
        "qpn.x000296",
        "qpn.x000296",
        "qpn.x000304",
        "qpn.x000304",
        "qpn.x000322",
        "qpn.x000322",
        "qpn.x000330",
        "qpn.x000330",
        "qpn.x000338",
        "qpn.x000338",
        "qpn.x000346",
        "qpn.x000346",
        "qpn.x000354",
        "qpn.x000354",
        "qpn.x000362",
        "qpn.x000362",
        "qpn.x000370",
        "qpn.x000370",
        "qpn.x000378",
        "qpn.x000378",
        "qpn.x000386",
        "qpn.x000386",
        "qpn.x000394",
        "qpn.x000394",
        "qpn.x000402",
        "qpn.x000402",
        "qpn.x000414",
        "qpn.x000414",
        "qpn.x000422",
        "qpn.x000422",
        "qpn.x000430",
        "qpn.x000430",
        "qpn.x000438",
        "qpn.x000438",
        "qpn.x000446",
        "qpn.x000446",
        "qpn.x000454",
        "qpn.x000454",
        "qpn.x000462",
        "qpn.x000462",
        "qpn.x000478",
        "qpn.x000478",
        "qpn.x000486",
        "qpn.x000486",
        "qpn.x000494",
        "qpn.x000494",
        "qpn.x000510",
        "qpn.x000510",
        "qpn.x000518",
        "qpn.x000518",
        "qpn.x000534",
        "qpn.x000534"
      ]
    },
    {
      "key": "#",
      "count": "110",
      "instances": [
        "qpn.x000000",
        "qpn.x000000",
        "qpn.x000008",
        "qpn.x000008",
        "qpn.x000016",
        "qpn.x000016",
        "qpn.x000016",
        "qpn.x000016",
        "qpn.x000016",
        "qpn.x000016",
        "qpn.x000016",
        "qpn.x000016",
        "qpn.x000042",
        "qpn.x000042",
        "qpn.x000042",
        "qpn.x000042",
        "qpn.x000114",
        "qpn.x000114",
        "qpn.x000114",
        "qpn.x000114",
        "qpn.x000128",
        "qpn.x000128",
        "qpn.x000128",
        "qpn.x000128",
        "qpn.x000142",
        "qpn.x000142",
        "qpn.x000150",
        "qpn.x000150",
        "qpn.x000158",
        "qpn.x000158",
        "qpn.x000166",
        "qpn.x000166",
        "qpn.x000174",
        "qpn.x000174",
        "qpn.x000182",
        "qpn.x000182",
        "qpn.x000206",
        "qpn.x000206",
        "qpn.x000236",
        "qpn.x000236",
        "qpn.x000244",
        "qpn.x000244",
        "qpn.x000244",
        "qpn.x000244",
        "qpn.x000280",
        "qpn.x000280",
        "qpn.x000288",
        "qpn.x000288",
        "qpn.x000296",
        "qpn.x000296",
        "qpn.x000304",
        "qpn.x000304",
        "qpn.x000304",
        "qpn.x000304",
        "qpn.x000304",
        "qpn.x000304",
        "qpn.x000322",
        "qpn.x000322",
        "qpn.x000330",
        "qpn.x000330",
        "qpn.x000338",
        "qpn.x000338",
        "qpn.x000346",
        "qpn.x000346",
        "qpn.x000354",
        "qpn.x000354",
        "qpn.x000362",
        "qpn.x000362",
        "qpn.x000370",
        "qpn.x000370",
        "qpn.x000378",
        "qpn.x000378",
        "qpn.x000378",
        "qpn.x000378",
        "qpn.x000386",
        "qpn.x000386",
        "qpn.x000394",
        "qpn.x000394",
        "qpn.x000402",
        "qpn.x000402",
        "qpn.x000402",
        "qpn.x000402",
        "qpn.x000414",
        "qpn.x000414",
        "qpn.x000422",
        "qpn.x000422",
        "qpn.x000430",
        "qpn.x000430",
        "qpn.x000438",
        "qpn.x000438",
        "qpn.x000446",
        "qpn.x000446",
        "qpn.x000454",
        "qpn.x000454",
        "qpn.x000462",
        "qpn.x000462",
        "qpn.x000470",
        "qpn.x000470",
        "qpn.x000478",
        "qpn.x000478",
        "qpn.x000494",
        "qpn.x000494",
        "qpn.x000510",
        "qpn.x000510",
        "qpn.x000518",
        "qpn.x000518",
        "qpn.x000526",
        "qpn.x000526",
        "qpn.x000534",
        "qpn.x000534"
      ]
    },
    {
      "key": "d",
      "count": "90",
      "instances": [
        "qpn.x000000",
        "qpn.x000000",
        "qpn.x000008",
        "qpn.x000008",
        "qpn.x000016",
        "qpn.x000016",
        "qpn.x000016",
        "qpn.x000016",
        "qpn.x000016",
        "qpn.x000016",
        "qpn.x000016",
        "qpn.x000016",
        "qpn.x000042",
        "qpn.x000042",
        "qpn.x000042",
        "qpn.x000042",
        "qpn.x000114",
        "qpn.x000114",
        "qpn.x000114",
        "qpn.x000114",
        "qpn.x000128",
        "qpn.x000128",
        "qpn.x000128",
        "qpn.x000128",
        "qpn.x000150",
        "qpn.x000150",
        "qpn.x000174",
        "qpn.x000174",
        "qpn.x000182",
        "qpn.x000182",
        "qpn.x000206",
        "qpn.x000206",
        "qpn.x000244",
        "qpn.x000244",
        "qpn.x000244",
        "qpn.x000244",
        "qpn.x000280",
        "qpn.x000280",
        "qpn.x000288",
        "qpn.x000288",
        "qpn.x000296",
        "qpn.x000296",
        "qpn.x000304",
        "qpn.x000304",
        "qpn.x000304",
        "qpn.x000304",
        "qpn.x000304",
        "qpn.x000304",
        "qpn.x000322",
        "qpn.x000322",
        "qpn.x000330",
        "qpn.x000330",
        "qpn.x000338",
        "qpn.x000338",
        "qpn.x000354",
        "qpn.x000354",
        "qpn.x000362",
        "qpn.x000362",
        "qpn.x000370",
        "qpn.x000370",
        "qpn.x000378",
        "qpn.x000378",
        "qpn.x000386",
        "qpn.x000386",
        "qpn.x000394",
        "qpn.x000394",
        "qpn.x000402",
        "qpn.x000402",
        "qpn.x000402",
        "qpn.x000402",
        "qpn.x000414",
        "qpn.x000414",
        "qpn.x000422",
        "qpn.x000422",
        "qpn.x000438",
        "qpn.x000438",
        "qpn.x000446",
        "qpn.x000446",
        "qpn.x000454",
        "qpn.x000454",
        "qpn.x000462",
        "qpn.x000462",
        "qpn.x000478",
        "qpn.x000478",
        "qpn.x000494",
        "qpn.x000494",
        "qpn.x000510",
        "qpn.x000510",
        "qpn.x000534",
        "qpn.x000534"
      ]
    },
    {
      "key": "akk",
      "count": "74",
      "instances": [
        "qpn.x000000",
        "qpn.x000008",
        "qpn.x000016",
        "qpn.x000016",
        "qpn.x000016",
        "qpn.x000016",
        "qpn.x000042",
        "qpn.x000042",
        "qpn.x000042",
        "qpn.x000060",
        "qpn.x000060",
        "qpn.x000060",
        "qpn.x000060",
        "qpn.x000060",
        "qpn.x000060",
        "qpn.x000060",
        "qpn.x000060",
        "qpn.x000106",
        "qpn.x000114",
        "qpn.x000114",
        "qpn.x000128",
        "qpn.x000128",
        "qpn.x000142",
        "qpn.x000150",
        "qpn.x000158",
        "qpn.x000166",
        "qpn.x000174",
        "qpn.x000182",
        "qpn.x000190",
        "qpn.x000198",
        "qpn.x000206",
        "qpn.x000214",
        "qpn.x000214",
        "qpn.x000228",
        "qpn.x000236",
        "qpn.x000244",
        "qpn.x000244",
        "qpn.x000256",
        "qpn.x000264",
        "qpn.x000272",
        "qpn.x000280",
        "qpn.x000288",
        "qpn.x000296",
        "qpn.x000304",
        "qpn.x000304",
        "qpn.x000304",
        "qpn.x000322",
        "qpn.x000330",
        "qpn.x000338",
        "qpn.x000346",
        "qpn.x000354",
        "qpn.x000362",
        "qpn.x000370",
        "qpn.x000378",
        "qpn.x000386",
        "qpn.x000394",
        "qpn.x000402",
        "qpn.x000402",
        "qpn.x000414",
        "qpn.x000422",
        "qpn.x000430",
        "qpn.x000438",
        "qpn.x000446",
        "qpn.x000454",
        "qpn.x000462",
        "qpn.x000470",
        "qpn.x000478",
        "qpn.x000486",
        "qpn.x000494",
        "qpn.x000502",
        "qpn.x000510",
        "qpn.x000518",
        "qpn.x000526",
        "qpn.x000534"
      ]
    },
    {
      "key": "x",
      "count": "74",
      "instances": [
        "qpn.x000000",
        "qpn.x000008",
        "qpn.x000016",
        "qpn.x000016",
        "qpn.x000016",
        "qpn.x000016",
        "qpn.x000042",
        "qpn.x000042",
        "qpn.x000042",
        "qpn.x000060",
        "qpn.x000060",
        "qpn.x000060",
        "qpn.x000060",
        "qpn.x000060",
        "qpn.x000060",
        "qpn.x000060",
        "qpn.x000060",
        "qpn.x000106",
        "qpn.x000114",
        "qpn.x000114",
        "qpn.x000128",
        "qpn.x000128",
        "qpn.x000142",
        "qpn.x000150",
        "qpn.x000158",
        "qpn.x000166",
        "qpn.x000174",
        "qpn.x000182",
        "qpn.x000190",
        "qpn.x000198",
        "qpn.x000206",
        "qpn.x000214",
        "qpn.x000214",
        "qpn.x000228",
        "qpn.x000236",
        "qpn.x000244",
        "qpn.x000244",
        "qpn.x000256",
        "qpn.x000264",
        "qpn.x000272",
        "qpn.x000280",
        "qpn.x000288",
        "qpn.x000296",
        "qpn.x000304",
        "qpn.x000304",
        "qpn.x000304",
        "qpn.x000322",
        "qpn.x000330",
        "qpn.x000338",
        "qpn.x000346",
        "qpn.x000354",
        "qpn.x000362",
        "qpn.x000370",
        "qpn.x000378",
        "qpn.x000386",
        "qpn.x000394",
        "qpn.x000402",
        "qpn.x000402",
        "qpn.x000414",
        "qpn.x000422",
        "qpn.x000430",
        "qpn.x000438",
        "qpn.x000446",
        "qpn.x000454",
        "qpn.x000462",
        "qpn.x000470",
        "qpn.x000478",
        "qpn.x000486",
        "qpn.x000494",
        "qpn.x000502",
        "qpn.x000510",
        "qpn.x000518",
        "qpn.x000526",
        "qpn.x000534"
      ]
    },
    {
      "key": "stdbab",
      "count": "50",
      "instances": [
        "qpn.x000000",
        "qpn.x000008",
        "qpn.x000016",
        "qpn.x000016",
        "qpn.x000016",
        "qpn.x000016",
        "qpn.x000042",
        "qpn.x000042",
        "qpn.x000114",
        "qpn.x000114",
        "qpn.x000128",
        "qpn.x000128",
        "qpn.x000142",
        "qpn.x000150",
        "qpn.x000166",
        "qpn.x000174",
        "qpn.x000182",
        "qpn.x000236",
        "qpn.x000244",
        "qpn.x000244",
        "qpn.x000280",
        "qpn.x000288",
        "qpn.x000296",
        "qpn.x000304",
        "qpn.x000304",
        "qpn.x000304",
        "qpn.x000322",
        "qpn.x000330",
        "qpn.x000338",
        "qpn.x000354",
        "qpn.x000362",
        "qpn.x000370",
        "qpn.x000378",
        "qpn.x000386",
        "qpn.x000394",
        "qpn.x000402",
        "qpn.x000402",
        "qpn.x000414",
        "qpn.x000422",
        "qpn.x000430",
        "qpn.x000438",
        "qpn.x000446",
        "qpn.x000454",
        "qpn.x000462",
        "qpn.x000470",
        "qpn.x000478",
        "qpn.x000494",
        "qpn.x000510",
        "qpn.x000526",
        "qpn.x000534"
      ]
    },
    {
      "key": "a",
      "count": "17",
      "instances": [
        "qpn.x000016",
        "qpn.x000016",
        "qpn.x000016",
        "qpn.x000016",
        "qpn.x000016",
        "qpn.x000016",
        "qpn.x000042",
        "qpn.x000042",
        "qpn.x000042",
        "qpn.x000060",
        "qpn.x000060",
        "qpn.x000060",
        "qpn.x000060",
        "qpn.x000182",
        "qpn.x000182",
        "qpn.x000206",
        "qpn.x000206"
      ]
    }
  ],
  "map": {
    "%akk": "akk",
    "1(ŠARʾU)": "1šarʾu",
    "Adad": "adad",
    "Ani": "ani",
    "Anim": "anim",
    "Annunitu": "annunitu",
    "Anu": "anu",
    "Anum": "anum",
    "Anunnaki": "anunnaki",
    "Anunnaku": "anunnaku",
    "Anza": "anza",
    "Anzama": "anzama",
    "Anzi": "anzi",
    "Anzu": "anzu",
    "Anzuma": "anzuma",
    "Anzumma": "anzumma",
    "Apsi": "apsi",
    "Apsu": "apsu",
    "Arrow": "arrow",
    "BAD": "bad",
    "BAD₃.AN": "bad₃an",
    "BIL.GI": "bilgi",
    "Belet": "belet",
    "Birdi": "birdi",
    "Birdu": "birdu",
    "Bube": "bube",
    "DINGIR": "dingir",
    "DUR.AN.KI": "duranki",
    "Dagan": "dagan",
    "Der": "der",
    "Diglat": "diglat",
    "Duranki": "duranki",
    "EN.LIL₂": "enlil₂",
    "Ea": "ea",
    "Egalmah": "egalmah",
    "Egiškalama": "egiškalama",
    "Eibianum": "eibianum",
    "Ekur": "ekur",
    "Ekurmah": "ekurmah",
    "Ekurri": "ekurri",
    "Elam": "elam",
    "Elamati": "elamati",
    "Ellil": "ellil",
    "Enimmanku": "enimmanku",
    "Eninnu": "eninnu",
    "Esikil": "esikil",
    "Esikila": "esikila",
    "Euphrates": "euphrates",
    "E₂": "e₂",
    "E₂.GAL.MAH": "e₂galmah",
    "E₂.GIŠ.KALAM.MA": "e₂giškalamma",
    "E₂.KUR": "e₂kur",
    "E₂.KUR.MAH": "e₂kurmah",
    "E₂.NIM.MA.AN.KU₃": "e₂nimmaanku₃",
    "E₂.NINNU": "e₂ninnu",
    "E₂.SIKIL.LA": "e₂sikilla",
    "GU₂.GAL": "gu₂gal",
    "Gibil": "gibil",
    "Gugallu": "gugallu",
    "Hurabtil": "hurabtil",
    "Igigi": "igigi",
    "Igigima": "igigima",
    "Igigu": "igigu",
    "Ili": "ili",
    "Inšušinak": "inšušinak",
    "IŠKUR": "iškur",
    "Ištar": "ištar",
    "Ištaran": "ištaran",
    "KA.DI": "kadi",
    "KUL.UNUG": "kulunug",
    "Kullab": "kullab",
    "LUGAL.BAN₃.DA": "lugalban₃da",
    "LUGAL.MARAD.DA": "lugalmaradda",
    "Lion": "lion",
    "Lugalbanda": "lugalbanda",
    "Lugalmarada": "lugalmarada",
    "MAŠ": "maš",
    "MAŠ.GU₂.QAR": "mašgu₂qar",
    "MES.SAG.UNUG": "messagunug",
    "MEŠ": "meš",
    "MUŠ₃.ŠEŠ₂": "muš₃šeš₂",
    "Mami": "mami",
    "Messagunug": "messagunug",
    "NI.ŠUR": "nišur",
    "NIN.A.ZU": "ninazu",
    "NIN.GIR₂.SU": "ningir₂su",
    "NIN.URTA": "ninurta",
    "NIN.ŠI.KU₃": "ninšiku₃",
    "NISABA": "nisaba",
    "NIŠUR": "nišur",
    "Ninazu": "ninazu",
    "Ningirsu": "ningirsu",
    "Ninurta": "ninurta",
    "Nisaba": "nisaba",
    "Niššiku": "niššiku",
    "Nusku": "nusku",
    "PA.BIL.SAG": "pabilsag",
    "PA.TUG₂": "patug₂",
    "PAB.NIGIN₃.GAR.RA": "pabnigin₃garra",
    "PAB.SUKKAL": "pabsukkal",
    "Pabilsag": "pabilsag",
    "Panigingara": "panigingara",
    "Papsukkal": "papsukkal",
    "Purattu": "purattu",
    "TIŠPAK": "tišpak",
    "Tigris": "tigris",
    "Tišpak": "tišpak",
    "UD.KIB.NUN": "udkibnun",
    "UR.GU.LA": "urgula",
    "Ur": "ur",
    "Urgulu": "urgulu",
    "Zababa": "zababa",
    "stdbab:": "stdbab",
    "stdbab:BAD₃.AN": "stdbabbad₃an",
    "stdbab:E₂": "stdbabe₂",
    "stdbab:E₂.GAL.MAH": "stdbabe₂galmah",
    "stdbab:E₂.GIŠ.KALAM.MA": "stdbabe₂giškalamma",
    "stdbab:E₂.KUR": "stdbabe₂kur",
    "stdbab:E₂.KUR.MAH": "stdbabe₂kurmah",
    "stdbab:E₂.NIM.MA.AN.KU₃": "stdbabe₂nimmaanku₃",
    "stdbab:E₂.NINNU": "stdbabe₂ninnu",
    "stdbab:E₂.SIKIL.LA": "stdbabe₂sikilla",
    "stdbab:KUL.UNUG": "stdbabkulunug",
    "stdbab:a": "stdbaba",
    "stdbab:an": "stdbaban",
    "stdbab:ap": "stdbabap",
    "stdbab:ŠEŠ.UNUG": "stdbabšešunug",
    "stdbab:šar₂": "stdbabšar₂",
    "stdbab:šu": "stdbabšu",
    "ŠARA": "šara",
    "ŠAR₂.UR₄": "šar₂ur₄",
    "ŠEŠ.UNUG": "šešunug",
    "Šara": "šara",
    "Šarur": "šarur",
    "Šaršar": "šaršar",
    "Šukudu": "šukudu"
  }
}
