{
  "type": "cdl",
  "project": "saao/saa15",
  "source": "http://oracc.org/saao/saa15",
  "license": "This data is released under the CC0 license",
  "license-url": "https://creativecommons.org/publicdomain/zero/1.0/",
  "more-info": "http://oracc.org/doc/opendata/",
  "UTC-timestamp": "2023-03-20T10:14:05",
  "textid": "P336776",
  "cdl": [
    {
      "node": "c",
      "type": "text",
      "id": "P336776.U0",
      "cdl": [
        {
          "node": "d",
          "type": "object",
          "ref": ""
        },
        {
          "node": "d",
          "subtype": "obverse",
          "type": "surface",
          "ref": "P336776.o.1",
          "label": "o"
        },
        {
          "node": "d",
          "type": "nonx",
          "ref": "P336776.2",
          "strict": "0",
          "extent": "beginning",
          "state": "missing"
        },
        {
          "node": "c",
          "type": "discourse",
          "subtype": "body",
          "id": "P336776.U1",
          "cdl": [
            {
              "node": "c",
              "type": "sentence",
              "implicit": "yes",
              "id": "P336776.U2",
              "label": "o 1' - r 3",
              "cdl": [
                {
                  "node": "d",
                  "type": "line-start",
                  "ref": "P336776.3",
                  "n": "1'",
                  "label": "o 1'"
                },
                {
                  "node": "l",
                  "frag": "[x]+⸢x",
                  "id": "P336776.l08d53",
                  "ref": "P336776.3.1",
                  "inst": "u",
                  "f": {
                    "lang": "akk-x-neoass",
                    "form": "x+x",
                    "delim": "",
                    "gdl": [
                      {
                        "gg": "ligature",
                        "gdl_type": "ligature",
                        "group": [
                          {
                            "v": "x",
                            "utf8": "x",
                            "id": "P336776.3.1.0",
                            "breakStart": "1",
                            "o": "]",
                            "break": "missing",
                            "breakEnd": "P336776.3.1.0",
                            "delim": "+"
                          },
                          {
                            "v": "x",
                            "utf8": "x",
                            "id": "P336776.3.1.1",
                            "break": "damaged",
                            "ho": "1"
                          }
                        ]
                      }
                    ],
                    "pos": "u"
                  },
                  "props": [
                    {
                      "name": "field",
                      "group": "env",
                      "ngram": "-1",
                      "ref": "P336776.3.1"
                    },
                    {
                      "name": "discourse",
                      "group": "env",
                      "value": "body",
                      "ngram": "-1",
                      "ref": "P336776.3.1"
                    }
                  ]
                },
                {
                  "node": "l",
                  "frag": "x⸣+[x",
                  "id": "P336776.l08d54",
                  "ref": "P336776.3.2",
                  "inst": "u",
                  "f": {
                    "lang": "akk-x-neoass",
                    "form": "x+x",
                    "delim": "",
                    "gdl": [
                      {
                        "gg": "ligature",
                        "gdl_type": "ligature",
                        "group": [
                          {
                            "v": "x",
                            "utf8": "x",
                            "id": "P336776.3.2.0",
                            "break": "damaged",
                            "delim": "+",
                            "hc": "1"
                          },
                          {
                            "v": "x",
                            "utf8": "x",
                            "id": "P336776.3.2.1",
                            "breakStart": "1",
                            "o": "[",
                            "break": "missing"
                          }
                        ]
                      }
                    ],
                    "pos": "u"
                  },
                  "props": [
                    {
                      "name": "field",
                      "group": "env",
                      "ngram": "-1",
                      "ref": "P336776.3.2"
                    },
                    {
                      "name": "discourse",
                      "group": "env",
                      "value": "body",
                      "ngram": "-1",
                      "ref": "P336776.3.2"
                    }
                  ]
                },
                {
                  "node": "l",
                  "frag": "x",
                  "id": "P336776.l08d55",
                  "ref": "P336776.3.3",
                  "inst": "u",
                  "f": {
                    "lang": "akk-x-neoass",
                    "form": "x",
                    "delim": "",
                    "gdl": [
                      {
                        "v": "x",
                        "utf8": "x",
                        "id": "P336776.3.3.0",
                        "break": "missing"
                      }
                    ],
                    "pos": "u"
                  },
                  "props": [
                    {
                      "name": "field",
                      "group": "env",
                      "ngram": "-1",
                      "ref": "P336776.3.3"
                    },
                    {
                      "name": "discourse",
                      "group": "env",
                      "value": "body",
                      "ngram": "-1",
                      "ref": "P336776.3.3"
                    }
                  ]
                },
                {
                  "node": "l",
                  "frag": "x",
                  "id": "P336776.l08d56",
                  "ref": "P336776.3.4",
                  "inst": "u",
                  "f": {
                    "lang": "akk-x-neoass",
                    "form": "x",
                    "delim": "",
                    "gdl": [
                      {
                        "v": "x",
                        "utf8": "x",
                        "id": "P336776.3.4.0",
                        "break": "missing"
                      }
                    ],
                    "pos": "u"
                  },
                  "props": [
                    {
                      "name": "field",
                      "group": "env",
                      "ngram": "-1",
                      "ref": "P336776.3.4"
                    },
                    {
                      "name": "discourse",
                      "group": "env",
                      "value": "body",
                      "ngram": "-1",
                      "ref": "P336776.3.4"
                    }
                  ]
                },
                {
                  "node": "l",
                  "frag": "x",
                  "id": "P336776.l08d57",
                  "ref": "P336776.3.5",
                  "inst": "u",
                  "f": {
                    "lang": "akk-x-neoass",
                    "form": "x",
                    "delim": "",
                    "gdl": [
                      {
                        "v": "x",
                        "utf8": "x",
                        "id": "P336776.3.5.0",
                        "break": "missing"
                      }
                    ],
                    "pos": "u"
                  },
                  "props": [
                    {
                      "name": "field",
                      "group": "env",
                      "ngram": "-1",
                      "ref": "P336776.3.5"
                    },
                    {
                      "name": "discourse",
                      "group": "env",
                      "value": "body",
                      "ngram": "-1",
                      "ref": "P336776.3.5"
                    }
                  ]
                },
                {
                  "node": "l",
                  "frag": "x",
                  "id": "P336776.l08d58",
                  "ref": "P336776.3.6",
                  "inst": "u",
                  "f": {
                    "lang": "akk-x-neoass",
                    "form": "x",
                    "delim": "",
                    "gdl": [
                      {
                        "v": "x",
                        "utf8": "x",
                        "id": "P336776.3.6.0",
                        "break": "missing"
                      }
                    ],
                    "pos": "u"
                  },
                  "props": [
                    {
                      "name": "field",
                      "group": "env",
                      "ngram": "-1",
                      "ref": "P336776.3.6"
                    },
                    {
                      "name": "discourse",
                      "group": "env",
                      "value": "body",
                      "ngram": "-1",
                      "ref": "P336776.3.6"
                    }
                  ]
                },
                {
                  "node": "l",
                  "frag": "x]",
                  "id": "P336776.l08d59",
                  "ref": "P336776.3.7",
                  "inst": "u",
                  "f": {
                    "lang": "akk-x-neoass",
                    "form": "x",
                    "gdl": [
                      {
                        "v": "x",
                        "utf8": "x",
                        "id": "P336776.3.7.0",
                        "break": "missing",
                        "o": "]",
                        "breakEnd": "P336776.3.2.1"
                      }
                    ],
                    "pos": "u"
                  },
                  "props": [
                    {
                      "name": "field",
                      "group": "env",
                      "ngram": "-1",
                      "ref": "P336776.3.7"
                    },
                    {
                      "name": "discourse",
                      "group": "env",
                      "value": "body",
                      "ngram": "-1",
                      "ref": "P336776.3.7"
                    }
                  ]
                },
                {
                  "node": "d",
                  "type": "line-start",
                  "ref": "P336776.4",
                  "n": "2'",
                  "label": "o 2'"
                },
                {
                  "node": "l",
                  "frag": "x",
                  "id": "P336776.l08d5a",
                  "ref": "P336776.4.1",
                  "inst": "u",
                  "f": {
                    "lang": "akk-x-neoass",
                    "form": "x",
                    "delim": "",
                    "gdl": [
                      {
                        "v": "x",
                        "utf8": "x",
                        "id": "P336776.4.1.0"
                      }
                    ],
                    "pos": "u"
                  },
                  "props": [
                    {
                      "name": "field",
                      "group": "env",
                      "ngram": "-1",
                      "ref": "P336776.4.1"
                    },
                    {
                      "name": "discourse",
                      "group": "env",
                      "value": "body",
                      "ngram": "-1",
                      "ref": "P336776.4.1"
                    }
                  ]
                },
                {
                  "node": "l",
                  "frag": "ri",
                  "id": "P336776.l08d5b",
                  "ref": "P336776.4.2",
                  "inst": "u",
                  "f": {
                    "lang": "akk-x-neoass",
                    "form": "ri",
                    "delim": "",
                    "gdl": [
                      {
                        "v": "ri",
                        "utf8": "𒊑",
                        "id": "P336776.4.2.0"
                      }
                    ],
                    "pos": "u"
                  },
                  "props": [
                    {
                      "name": "field",
                      "group": "env",
                      "ngram": "-1",
                      "ref": "P336776.4.2"
                    },
                    {
                      "name": "discourse",
                      "group": "env",
                      "value": "body",
                      "ngram": "-1",
                      "ref": "P336776.4.2"
                    }
                  ]
                },
                {
                  "node": "l",
                  "frag": "⸢x⸣+[x",
                  "id": "P336776.l08d5c",
                  "ref": "P336776.4.3",
                  "inst": "u",
                  "f": {
                    "lang": "akk-x-neoass",
                    "form": "x+x",
                    "delim": "",
                    "gdl": [
                      {
                        "gg": "ligature",
                        "gdl_type": "ligature",
                        "group": [
                          {
                            "v": "x",
                            "utf8": "x",
                            "id": "P336776.4.3.0",
                            "break": "damaged",
                            "ho": "1",
                            "delim": "+",
                            "hc": "1"
                          },
                          {
                            "v": "x",
                            "utf8": "x",
                            "id": "P336776.4.3.1",
                            "breakStart": "1",
                            "o": "[",
                            "break": "missing"
                          }
                        ]
                      }
                    ],
                    "pos": "u"
                  },
                  "props": [
                    {
                      "name": "field",
                      "group": "env",
                      "ngram": "-1",
                      "ref": "P336776.4.3"
                    },
                    {
                      "name": "discourse",
                      "group": "env",
                      "value": "body",
                      "ngram": "-1",
                      "ref": "P336776.4.3"
                    }
                  ]
                },
                {
                  "node": "l",
                  "frag": "x",
                  "id": "P336776.l08d5d",
                  "ref": "P336776.4.4",
                  "inst": "u",
                  "f": {
                    "lang": "akk-x-neoass",
                    "form": "x",
                    "delim": "",
                    "gdl": [
                      {
                        "v": "x",
                        "utf8": "x",
                        "id": "P336776.4.4.0",
                        "break": "missing"
                      }
                    ],
                    "pos": "u"
                  },
                  "props": [
                    {
                      "name": "field",
                      "group": "env",
                      "ngram": "-1",
                      "ref": "P336776.4.4"
                    },
                    {
                      "name": "discourse",
                      "group": "env",
                      "value": "body",
                      "ngram": "-1",
                      "ref": "P336776.4.4"
                    }
                  ]
                },
                {
                  "node": "l",
                  "frag": "x",
                  "id": "P336776.l08d5e",
                  "ref": "P336776.4.5",
                  "inst": "u",
                  "f": {
                    "lang": "akk-x-neoass",
                    "form": "x",
                    "delim": "",
                    "gdl": [
                      {
                        "v": "x",
                        "utf8": "x",
                        "id": "P336776.4.5.0",
                        "break": "missing"
                      }
                    ],
                    "pos": "u"
                  },
                  "props": [
                    {
                      "name": "field",
                      "group": "env",
                      "ngram": "-1",
                      "ref": "P336776.4.5"
                    },
                    {
                      "name": "discourse",
                      "group": "env",
                      "value": "body",
                      "ngram": "-1",
                      "ref": "P336776.4.5"
                    }
                  ]
                },
                {
                  "node": "l",
                  "frag": "x",
                  "id": "P336776.l08d5f",
                  "ref": "P336776.4.6",
                  "inst": "u",
                  "f": {
                    "lang": "akk-x-neoass",
                    "form": "x",
                    "delim": "",
                    "gdl": [
                      {
                        "v": "x",
                        "utf8": "x",
                        "id": "P336776.4.6.0",
                        "break": "missing"
                      }
                    ],
                    "pos": "u"
                  },
                  "props": [
                    {
                      "name": "field",
                      "group": "env",
                      "ngram": "-1",
                      "ref": "P336776.4.6"
                    },
                    {
                      "name": "discourse",
                      "group": "env",
                      "value": "body",
                      "ngram": "-1",
                      "ref": "P336776.4.6"
                    }
                  ]
                },
                {
                  "node": "l",
                  "frag": "x",
                  "id": "P336776.l08d60",
                  "ref": "P336776.4.7",
                  "inst": "u",
                  "f": {
                    "lang": "akk-x-neoass",
                    "form": "x",
                    "delim": "",
                    "gdl": [
                      {
                        "v": "x",
                        "utf8": "x",
                        "id": "P336776.4.7.0",
                        "break": "missing"
                      }
                    ],
                    "pos": "u"
                  },
                  "props": [
                    {
                      "name": "field",
                      "group": "env",
                      "ngram": "-1",
                      "ref": "P336776.4.7"
                    },
                    {
                      "name": "discourse",
                      "group": "env",
                      "value": "body",
                      "ngram": "-1",
                      "ref": "P336776.4.7"
                    }
                  ]
                },
                {
                  "node": "l",
                  "frag": "x]",
                  "id": "P336776.l08d61",
                  "ref": "P336776.4.8",
                  "inst": "u",
                  "f": {
                    "lang": "akk-x-neoass",
                    "form": "x",
                    "gdl": [
                      {
                        "v": "x",
                        "utf8": "x",
                        "id": "P336776.4.8.0",
                        "break": "missing",
                        "o": "]",
                        "breakEnd": "P336776.4.3.1"
                      }
                    ],
                    "pos": "u"
                  },
                  "props": [
                    {
                      "name": "field",
                      "group": "env",
                      "ngram": "-1",
                      "ref": "P336776.4.8"
                    },
                    {
                      "name": "discourse",
                      "group": "env",
                      "value": "body",
                      "ngram": "-1",
                      "ref": "P336776.4.8"
                    }
                  ]
                },
                {
                  "node": "d",
                  "subtype": "bottom",
                  "type": "surface",
                  "ref": "P336776.b.e..5",
                  "label": "b.e."
                },
                {
                  "node": "d",
                  "type": "nonx",
                  "ref": "P336776.6",
                  "strict": "0",
                  "state": "other"
                },
                {
                  "node": "d",
                  "subtype": "reverse",
                  "type": "surface",
                  "ref": "P336776.r.7",
                  "label": "r"
                },
                {
                  "node": "d",
                  "type": "line-start",
                  "ref": "P336776.8",
                  "n": "1",
                  "label": "r 1"
                },
                {
                  "node": "l",
                  "frag": "ma-a",
                  "id": "P336776.l08d62",
                  "ref": "P336776.8.1",
                  "inst": "mā[saying]PRP",
                  "sig": "@saao/saa15%akk-x-neoass:ma-a=mā[saying//saying]PRP'PRP$mā",
                  "f": {
                    "lang": "akk-x-neoass",
                    "form": "ma-a",
                    "delim": "",
                    "gdl": [
                      {
                        "v": "ma",
                        "utf8": "𒈠",
                        "id": "P336776.8.1.0",
                        "delim": "-"
                      },
                      {
                        "v": "a",
                        "utf8": "𒀀",
                        "id": "P336776.8.1.1"
                      }
                    ],
                    "cf": "mā",
                    "gw": "saying",
                    "sense": "saying",
                    "norm": "mā",
                    "pos": "PRP",
                    "epos": "PRP"
                  },
                  "props": [
                    {
                      "name": "field",
                      "group": "env",
                      "ngram": "-1",
                      "ref": "P336776.8.1"
                    },
                    {
                      "name": "discourse",
                      "group": "env",
                      "value": "body",
                      "ngram": "-1",
                      "ref": "P336776.8.1"
                    }
                  ]
                },
                {
                  "node": "l",
                  "frag": "il-⸢lu⸣-[ku",
                  "id": "P336776.l08d63",
                  "ref": "P336776.8.2",
                  "inst": "illuku[go]V",
                  "sig": "@saao/saa15%akk-x-neoass:il-lu-ku=alāku[go//go]V'V$illuku",
                  "f": {
                    "lang": "akk-x-neoass",
                    "form": "il-lu-ku",
                    "delim": "",
                    "gdl": [
                      {
                        "v": "il",
                        "utf8": "𒅋",
                        "id": "P336776.8.2.0",
                        "delim": "-"
                      },
                      {
                        "v": "lu",
                        "utf8": "𒇻",
                        "id": "P336776.8.2.1",
                        "break": "damaged",
                        "ho": "1",
                        "delim": "-",
                        "hc": "1"
                      },
                      {
                        "v": "ku",
                        "utf8": "𒆪",
                        "id": "P336776.8.2.2",
                        "breakStart": "1",
                        "o": "[",
                        "break": "missing"
                      }
                    ],
                    "cf": "alāku",
                    "gw": "go",
                    "sense": "go",
                    "norm": "illuku",
                    "pos": "V",
                    "epos": "V"
                  },
                  "props": [
                    {
                      "name": "field",
                      "group": "env",
                      "ngram": "-1",
                      "ref": "P336776.8.2"
                    },
                    {
                      "name": "discourse",
                      "group": "env",
                      "value": "body",
                      "ngram": "-1",
                      "ref": "P336776.8.2"
                    }
                  ]
                },
                {
                  "node": "l",
                  "frag": "x",
                  "id": "P336776.l08d64",
                  "ref": "P336776.8.3",
                  "inst": "u",
                  "f": {
                    "lang": "akk-x-neoass",
                    "form": "x",
                    "delim": "",
                    "gdl": [
                      {
                        "v": "x",
                        "utf8": "x",
                        "id": "P336776.8.3.0",
                        "break": "missing"
                      }
                    ],
                    "pos": "u"
                  },
                  "props": [
                    {
                      "name": "field",
                      "group": "env",
                      "ngram": "-1",
                      "ref": "P336776.8.3"
                    },
                    {
                      "name": "discourse",
                      "group": "env",
                      "value": "body",
                      "ngram": "-1",
                      "ref": "P336776.8.3"
                    }
                  ]
                },
                {
                  "node": "l",
                  "frag": "x",
                  "id": "P336776.l08d65",
                  "ref": "P336776.8.4",
                  "inst": "u",
                  "f": {
                    "lang": "akk-x-neoass",
                    "form": "x",
                    "delim": "",
                    "gdl": [
                      {
                        "v": "x",
                        "utf8": "x",
                        "id": "P336776.8.4.0",
                        "break": "missing"
                      }
                    ],
                    "pos": "u"
                  },
                  "props": [
                    {
                      "name": "field",
                      "group": "env",
                      "ngram": "-1",
                      "ref": "P336776.8.4"
                    },
                    {
                      "name": "discourse",
                      "group": "env",
                      "value": "body",
                      "ngram": "-1",
                      "ref": "P336776.8.4"
                    }
                  ]
                },
                {
                  "node": "l",
                  "frag": "x]",
                  "id": "P336776.l08d66",
                  "ref": "P336776.8.5",
                  "inst": "u",
                  "f": {
                    "lang": "akk-x-neoass",
                    "form": "x",
                    "gdl": [
                      {
                        "v": "x",
                        "utf8": "x",
                        "id": "P336776.8.5.0",
                        "break": "missing",
                        "o": "]",
                        "breakEnd": "P336776.8.2.2"
                      }
                    ],
                    "pos": "u"
                  },
                  "props": [
                    {
                      "name": "field",
                      "group": "env",
                      "ngram": "-1",
                      "ref": "P336776.8.5"
                    },
                    {
                      "name": "discourse",
                      "group": "env",
                      "value": "body",
                      "ngram": "-1",
                      "ref": "P336776.8.5"
                    }
                  ]
                },
                {
                  "node": "d",
                  "type": "line-start",
                  "ref": "P336776.9",
                  "n": "2",
                  "label": "r 2"
                },
                {
                  "node": "l",
                  "frag": "i-ša₂-da-du-[ni",
                  "id": "P336776.l08d67",
                  "ref": "P336776.9.1",
                  "inst": "šadādu[drag]V$išaddadūni",
                  "sig": "@saao/saa15%akk-x-neoass:i-ša₂-da-du-ni=šadādu[drag//drag]V'V$išaddadūni",
                  "f": {
                    "lang": "akk-x-neoass",
                    "form": "i-ša₂-da-du-ni",
                    "delim": "",
                    "gdl": [
                      {
                        "v": "i",
                        "utf8": "𒄿",
                        "id": "P336776.9.1.0",
                        "delim": "-"
                      },
                      {
                        "v": "ša₂",
                        "utf8": "𒃻",
                        "id": "P336776.9.1.1",
                        "delim": "-"
                      },
                      {
                        "v": "da",
                        "utf8": "𒁕",
                        "id": "P336776.9.1.2",
                        "delim": "-"
                      },
                      {
                        "v": "du",
                        "utf8": "𒁺",
                        "id": "P336776.9.1.3",
                        "delim": "-"
                      },
                      {
                        "v": "ni",
                        "utf8": "𒉌",
                        "id": "P336776.9.1.4",
                        "breakStart": "1",
                        "o": "[",
                        "break": "missing"
                      }
                    ],
                    "cf": "šadādu",
                    "gw": "drag",
                    "sense": "drag",
                    "norm": "išaddadūni",
                    "pos": "V",
                    "epos": "V"
                  },
                  "props": [
                    {
                      "name": "field",
                      "group": "env",
                      "ngram": "-1",
                      "ref": "P336776.9.1"
                    },
                    {
                      "name": "discourse",
                      "group": "env",
                      "value": "body",
                      "ngram": "-1",
                      "ref": "P336776.9.1"
                    }
                  ]
                },
                {
                  "node": "l",
                  "frag": "x",
                  "id": "P336776.l08d68",
                  "ref": "P336776.9.2",
                  "inst": "u",
                  "f": {
                    "lang": "akk-x-neoass",
                    "form": "x",
                    "delim": "",
                    "gdl": [
                      {
                        "v": "x",
                        "utf8": "x",
                        "id": "P336776.9.2.0",
                        "break": "missing"
                      }
                    ],
                    "pos": "u"
                  },
                  "props": [
                    {
                      "name": "field",
                      "group": "env",
                      "ngram": "-1",
                      "ref": "P336776.9.2"
                    },
                    {
                      "name": "discourse",
                      "group": "env",
                      "value": "body",
                      "ngram": "-1",
                      "ref": "P336776.9.2"
                    }
                  ]
                },
                {
                  "node": "l",
                  "frag": "x",
                  "id": "P336776.l08d69",
                  "ref": "P336776.9.3",
                  "inst": "u",
                  "f": {
                    "lang": "akk-x-neoass",
                    "form": "x",
                    "delim": "",
                    "gdl": [
                      {
                        "v": "x",
                        "utf8": "x",
                        "id": "P336776.9.3.0",
                        "break": "missing"
                      }
                    ],
                    "pos": "u"
                  },
                  "props": [
                    {
                      "name": "field",
                      "group": "env",
                      "ngram": "-1",
                      "ref": "P336776.9.3"
                    },
                    {
                      "name": "discourse",
                      "group": "env",
                      "value": "body",
                      "ngram": "-1",
                      "ref": "P336776.9.3"
                    }
                  ]
                },
                {
                  "node": "l",
                  "frag": "x]",
                  "id": "P336776.l08d6a",
                  "ref": "P336776.9.4",
                  "inst": "u",
                  "f": {
                    "lang": "akk-x-neoass",
                    "form": "x",
                    "gdl": [
                      {
                        "v": "x",
                        "utf8": "x",
                        "id": "P336776.9.4.0",
                        "break": "missing",
                        "o": "]",
                        "breakEnd": "P336776.9.1.4"
                      }
                    ],
                    "pos": "u"
                  },
                  "props": [
                    {
                      "name": "field",
                      "group": "env",
                      "ngram": "-1",
                      "ref": "P336776.9.4"
                    },
                    {
                      "name": "discourse",
                      "group": "env",
                      "value": "body",
                      "ngram": "-1",
                      "ref": "P336776.9.4"
                    }
                  ]
                },
                {
                  "node": "d",
                  "type": "line-start",
                  "ref": "P336776.10",
                  "n": "3",
                  "label": "r 3"
                },
                {
                  "node": "l",
                  "frag": "i-na",
                  "id": "P336776.l08d6b",
                  "ref": "P336776.10.1",
                  "inst": "ina[in]PRP",
                  "sig": "@saao/saa15%akk-x-neoass:i-na=ina[in//in]PRP'PRP$ina",
                  "f": {
                    "lang": "akk-x-neoass",
                    "form": "i-na",
                    "delim": "",
                    "gdl": [
                      {
                        "v": "i",
                        "utf8": "𒄿",
                        "id": "P336776.10.1.0",
                        "delim": "-"
                      },
                      {
                        "v": "na",
                        "utf8": "𒈾",
                        "id": "P336776.10.1.1"
                      }
                    ],
                    "cf": "ina",
                    "gw": "in",
                    "sense": "in",
                    "norm": "ina",
                    "pos": "PRP",
                    "epos": "PRP"
                  },
                  "props": [
                    {
                      "name": "field",
                      "group": "env",
                      "ngram": "-1",
                      "ref": "P336776.10.1"
                    },
                    {
                      "name": "discourse",
                      "group": "env",
                      "value": "body",
                      "ngram": "-1",
                      "ref": "P336776.10.1"
                    }
                  ]
                },
                {
                  "node": "l",
                  "frag": "hi",
                  "id": "P336776.l08d6c",
                  "ref": "P336776.10.2",
                  "inst": "u",
                  "f": {
                    "lang": "akk-x-neoass",
                    "form": "hi",
                    "delim": "",
                    "gdl": [
                      {
                        "v": "hi",
                        "utf8": "𒄭",
                        "id": "P336776.10.2.0",
                        "queried": "1"
                      }
                    ],
                    "pos": "u"
                  },
                  "props": [
                    {
                      "name": "field",
                      "group": "env",
                      "ngram": "-1",
                      "ref": "P336776.10.2"
                    },
                    {
                      "name": "discourse",
                      "group": "env",
                      "value": "body",
                      "ngram": "-1",
                      "ref": "P336776.10.2"
                    }
                  ]
                },
                {
                  "node": "l",
                  "frag": "še",
                  "id": "P336776.l08d6d",
                  "ref": "P336776.10.3",
                  "inst": "u",
                  "f": {
                    "lang": "akk-x-neoass",
                    "form": "še",
                    "delim": "",
                    "gdl": [
                      {
                        "v": "še",
                        "utf8": "𒊺",
                        "id": "P336776.10.3.0"
                      }
                    ],
                    "pos": "u"
                  },
                  "props": [
                    {
                      "name": "field",
                      "group": "env",
                      "ngram": "-1",
                      "ref": "P336776.10.3"
                    },
                    {
                      "name": "discourse",
                      "group": "env",
                      "value": "body",
                      "ngram": "-1",
                      "ref": "P336776.10.3"
                    }
                  ]
                },
                {
                  "node": "l",
                  "frag": "⸢x⸣+[x",
                  "id": "P336776.l08d6e",
                  "ref": "P336776.10.4",
                  "inst": "u",
                  "f": {
                    "lang": "akk-x-neoass",
                    "form": "x+x",
                    "delim": "",
                    "gdl": [
                      {
                        "gg": "ligature",
                        "gdl_type": "ligature",
                        "group": [
                          {
                            "v": "x",
                            "utf8": "x",
                            "id": "P336776.10.4.0",
                            "break": "damaged",
                            "ho": "1",
                            "delim": "+",
                            "hc": "1"
                          },
                          {
                            "v": "x",
                            "utf8": "x",
                            "id": "P336776.10.4.1",
                            "breakStart": "1",
                            "o": "[",
                            "break": "missing"
                          }
                        ]
                      }
                    ],
                    "pos": "u"
                  },
                  "props": [
                    {
                      "name": "field",
                      "group": "env",
                      "ngram": "-1",
                      "ref": "P336776.10.4"
                    },
                    {
                      "name": "discourse",
                      "group": "env",
                      "value": "body",
                      "ngram": "-1",
                      "ref": "P336776.10.4"
                    }
                  ]
                },
                {
                  "node": "l",
                  "frag": "x",
                  "id": "P336776.l08d6f",
                  "ref": "P336776.10.5",
                  "inst": "u",
                  "f": {
                    "lang": "akk-x-neoass",
                    "form": "x",
                    "delim": "",
                    "gdl": [
                      {
                        "v": "x",
                        "utf8": "x",
                        "id": "P336776.10.5.0",
                        "break": "missing"
                      }
                    ],
                    "pos": "u"
                  },
                  "props": [
                    {
                      "name": "field",
                      "group": "env",
                      "ngram": "-1",
                      "ref": "P336776.10.5"
                    },
                    {
                      "name": "discourse",
                      "group": "env",
                      "value": "body",
                      "ngram": "-1",
                      "ref": "P336776.10.5"
                    }
                  ]
                },
                {
                  "node": "l",
                  "frag": "x",
                  "id": "P336776.l08d70",
                  "ref": "P336776.10.6",
                  "inst": "u",
                  "f": {
                    "lang": "akk-x-neoass",
                    "form": "x",
                    "delim": "",
                    "gdl": [
                      {
                        "v": "x",
                        "utf8": "x",
                        "id": "P336776.10.6.0",
                        "break": "missing"
                      }
                    ],
                    "pos": "u"
                  },
                  "props": [
                    {
                      "name": "field",
                      "group": "env",
                      "ngram": "-1",
                      "ref": "P336776.10.6"
                    },
                    {
                      "name": "discourse",
                      "group": "env",
                      "value": "body",
                      "ngram": "-1",
                      "ref": "P336776.10.6"
                    }
                  ]
                },
                {
                  "node": "l",
                  "frag": "x]",
                  "id": "P336776.l08d71",
                  "ref": "P336776.10.7",
                  "inst": "u",
                  "f": {
                    "lang": "akk-x-neoass",
                    "form": "x",
                    "gdl": [
                      {
                        "v": "x",
                        "utf8": "x",
                        "id": "P336776.10.7.0",
                        "break": "missing",
                        "o": "]",
                        "breakEnd": "P336776.10.4.1"
                      }
                    ],
                    "pos": "u"
                  },
                  "props": [
                    {
                      "name": "field",
                      "group": "env",
                      "ngram": "-1",
                      "ref": "P336776.10.7"
                    },
                    {
                      "name": "discourse",
                      "group": "env",
                      "value": "body",
                      "ngram": "-1",
                      "ref": "P336776.10.7"
                    }
                  ]
                },
                {
                  "node": "d",
                  "type": "nonx",
                  "ref": "P336776.11",
                  "strict": "0",
                  "extent": "rest",
                  "state": "missing"
                }
              ]
            }
          ]
        }
      ]
    }
  ]
}
