{
  "type": "cdl",
  "project": "saao/saa15",
  "source": "http://oracc.org/saao/saa15",
  "license": "This data is released under the CC0 license",
  "license-url": "https://creativecommons.org/publicdomain/zero/1.0/",
  "more-info": "http://oracc.org/doc/opendata/",
  "UTC-timestamp": "2023-03-20T10:14:06",
  "textid": "X150335",
  "cdl": [
    {
      "node": "c",
      "type": "text",
      "id": "X150335.U0",
      "cdl": [
        {
          "node": "d",
          "type": "object",
          "ref": ""
        },
        {
          "node": "d",
          "type": "surface",
          "ref": ""
        },
        {
          "node": "d",
          "type": "nonx",
          "ref": "X150335.1",
          "strict": "0",
          "extent": "251",
          "state": "other"
        }
      ]
    }
  ]
}
