{
  "type": "cdl",
  "project": "tcma/assur",
  "source": "http://oracc.org/tcma/assur",
  "license": "This data is released under the CC0 license",
  "license-url": "https://creativecommons.org/publicdomain/zero/1.0/",
  "more-info": "http://oracc.org/doc/opendata/",
  "UTC-timestamp": "2023-04-18T09:13:42",
  "textid": "P282454",
  "cdl": [
    {
      "node": "c",
      "type": "text",
      "id": "P282454.U0",
      "cdl": [
        {
          "node": "d",
          "subtype": "tablet",
          "type": "object",
          "ref": "P282454.x125.1",
          "label": "x125"
        },
        {
          "node": "d",
          "subtype": "obverse",
          "type": "surface",
          "ref": "P282454.o.2",
          "label": "o"
        },
        {
          "node": "d",
          "type": "nonx",
          "ref": "P282454.3",
          "strict": "1",
          "extent": "beginning",
          "scope": "obverse",
          "state": "missing"
        },
        {
          "node": "c",
          "type": "discourse",
          "subtype": "body",
          "id": "P282454.U1",
          "cdl": [
            {
              "node": "c",
              "type": "sentence",
              "implicit": "yes",
              "id": "P282454.U2",
              "label": "o 1' - o 4'",
              "cdl": [
                {
                  "node": "d",
                  "type": "line-start",
                  "ref": "P282454.4",
                  "n": "1'",
                  "label": "o 1'"
                },
                {
                  "node": "l",
                  "frag": "[...]",
                  "id": "P282454.l017a6",
                  "ref": "P282454.4.1",
                  "inst": "u",
                  "f": {
                    "lang": "akk-x-midass",
                    "form": "x",
                    "delim": "",
                    "gdl": [
                      {
                        "x": "ellipsis",
                        "id": "P282454.4.1.0",
                        "breakStart": "1",
                        "break": "missing",
                        "o": "]",
                        "breakEnd": "P282454.4.1.0"
                      }
                    ],
                    "pos": "u"
                  },
                  "props": [
                    {
                      "name": "field",
                      "group": "env",
                      "ngram": "-1",
                      "ref": "P282454.4.1"
                    },
                    {
                      "name": "discourse",
                      "group": "env",
                      "value": "body",
                      "ngram": "-1",
                      "ref": "P282454.4.1"
                    }
                  ]
                },
                {
                  "node": "l",
                  "frag": "⸢x⸣",
                  "id": "P282454.l017a7",
                  "ref": "P282454.4.2",
                  "inst": "u",
                  "f": {
                    "lang": "akk-x-midass",
                    "form": "x",
                    "delim": "",
                    "gdl": [
                      {
                        "v": "x",
                        "id": "P282454.4.2.0",
                        "break": "damaged",
                        "ho": "1",
                        "hc": "1"
                      }
                    ],
                    "pos": "u"
                  },
                  "props": [
                    {
                      "name": "field",
                      "group": "env",
                      "ngram": "-1",
                      "ref": "P282454.4.2"
                    },
                    {
                      "name": "discourse",
                      "group": "env",
                      "value": "body",
                      "ngram": "-1",
                      "ref": "P282454.4.2"
                    }
                  ]
                },
                {
                  "node": "l",
                  "frag": "[...]",
                  "id": "P282454.l017a8",
                  "ref": "P282454.4.3",
                  "inst": "u",
                  "f": {
                    "lang": "akk-x-midass",
                    "form": "x",
                    "gdl": [
                      {
                        "x": "ellipsis",
                        "id": "P282454.4.3.0",
                        "breakStart": "1",
                        "break": "missing",
                        "o": "]",
                        "breakEnd": "P282454.4.3.0"
                      }
                    ],
                    "pos": "u"
                  },
                  "props": [
                    {
                      "name": "field",
                      "group": "env",
                      "ngram": "-1",
                      "ref": "P282454.4.3"
                    },
                    {
                      "name": "discourse",
                      "group": "env",
                      "value": "body",
                      "ngram": "-1",
                      "ref": "P282454.4.3"
                    }
                  ]
                },
                {
                  "node": "d",
                  "type": "line-start",
                  "ref": "P282454.5",
                  "n": "2'",
                  "label": "o 2'"
                },
                {
                  "node": "l",
                  "frag": "[...]",
                  "id": "P282454.l017a9",
                  "ref": "P282454.5.1",
                  "inst": "u",
                  "f": {
                    "lang": "akk-x-midass",
                    "form": "x",
                    "delim": "",
                    "gdl": [
                      {
                        "x": "ellipsis",
                        "id": "P282454.5.1.0",
                        "breakStart": "1",
                        "break": "missing",
                        "o": "]",
                        "breakEnd": "P282454.5.1.0"
                      }
                    ],
                    "pos": "u"
                  },
                  "props": [
                    {
                      "name": "field",
                      "group": "env",
                      "ngram": "-1",
                      "ref": "P282454.5.1"
                    },
                    {
                      "name": "discourse",
                      "group": "env",
                      "value": "body",
                      "ngram": "-1",
                      "ref": "P282454.5.1"
                    }
                  ]
                },
                {
                  "node": "l",
                  "frag": "⸢ni⸣",
                  "id": "P282454.l017aa",
                  "ref": "P282454.5.2",
                  "inst": "u",
                  "f": {
                    "lang": "akk-x-midass",
                    "form": "ni",
                    "delim": "",
                    "gdl": [
                      {
                        "v": "ni",
                        "id": "P282454.5.2.0",
                        "break": "damaged",
                        "ho": "1",
                        "hc": "1"
                      }
                    ],
                    "pos": "u"
                  },
                  "props": [
                    {
                      "name": "field",
                      "group": "env",
                      "ngram": "-1",
                      "ref": "P282454.5.2"
                    },
                    {
                      "name": "discourse",
                      "group": "env",
                      "value": "body",
                      "ngram": "-1",
                      "ref": "P282454.5.2"
                    }
                  ]
                },
                {
                  "node": "l",
                  "frag": "la-⸢a",
                  "id": "P282454.l017ab",
                  "ref": "P282454.5.3",
                  "inst": "lā[not]MOD",
                  "sig": "@tcma/assur%akk-x-midass:la-a=lā[not//not]MOD'MOD$lā",
                  "f": {
                    "lang": "akk-x-midass",
                    "form": "la-a",
                    "delim": "",
                    "gdl": [
                      {
                        "v": "la",
                        "id": "P282454.5.3.0",
                        "delim": "-"
                      },
                      {
                        "v": "a",
                        "id": "P282454.5.3.1",
                        "break": "damaged",
                        "queried": "1",
                        "ho": "1"
                      }
                    ],
                    "cf": "lā",
                    "gw": "not",
                    "sense": "not",
                    "norm": "lā",
                    "pos": "MOD",
                    "epos": "MOD"
                  },
                  "props": [
                    {
                      "name": "field",
                      "group": "env",
                      "ngram": "-1",
                      "ref": "P282454.5.3"
                    },
                    {
                      "name": "discourse",
                      "group": "env",
                      "value": "body",
                      "ngram": "-1",
                      "ref": "P282454.5.3"
                    }
                  ]
                },
                {
                  "node": "l",
                  "frag": "e⸣-[...]",
                  "id": "P282454.l017ac",
                  "ref": "P282454.5.4",
                  "inst": "u",
                  "f": {
                    "lang": "akk-x-midass",
                    "form": "e-x",
                    "gdl": [
                      {
                        "v": "e",
                        "id": "P282454.5.4.0",
                        "break": "damaged",
                        "delim": "-",
                        "hc": "1"
                      },
                      {
                        "x": "ellipsis",
                        "id": "P282454.5.4.1",
                        "breakStart": "1",
                        "break": "missing",
                        "o": "]",
                        "breakEnd": "P282454.5.4.1"
                      }
                    ],
                    "pos": "u"
                  },
                  "props": [
                    {
                      "name": "field",
                      "group": "env",
                      "ngram": "-1",
                      "ref": "P282454.5.4"
                    },
                    {
                      "name": "discourse",
                      "group": "env",
                      "value": "body",
                      "ngram": "-1",
                      "ref": "P282454.5.4"
                    }
                  ]
                },
                {
                  "node": "d",
                  "type": "line-start",
                  "ref": "P282454.6",
                  "n": "3'",
                  "label": "o 3'"
                },
                {
                  "node": "l",
                  "frag": "[...]",
                  "id": "P282454.l017ad",
                  "ref": "P282454.6.1",
                  "inst": "u",
                  "f": {
                    "lang": "akk-x-midass",
                    "form": "x",
                    "delim": "",
                    "gdl": [
                      {
                        "x": "ellipsis",
                        "id": "P282454.6.1.0",
                        "breakStart": "1",
                        "break": "missing",
                        "o": "]",
                        "breakEnd": "P282454.6.1.0"
                      }
                    ],
                    "pos": "u"
                  },
                  "props": [
                    {
                      "name": "field",
                      "group": "env",
                      "ngram": "-1",
                      "ref": "P282454.6.1"
                    },
                    {
                      "name": "discourse",
                      "group": "env",
                      "value": "body",
                      "ngram": "-1",
                      "ref": "P282454.6.1"
                    }
                  ]
                },
                {
                  "node": "l",
                  "frag": "⸢x⸣",
                  "id": "P282454.l017ae",
                  "ref": "P282454.6.2",
                  "inst": "u",
                  "f": {
                    "lang": "akk-x-midass",
                    "form": "x",
                    "delim": "",
                    "gdl": [
                      {
                        "v": "x",
                        "id": "P282454.6.2.0",
                        "break": "damaged",
                        "ho": "1",
                        "hc": "1"
                      }
                    ],
                    "pos": "u"
                  },
                  "props": [
                    {
                      "name": "field",
                      "group": "env",
                      "ngram": "-1",
                      "ref": "P282454.6.2"
                    },
                    {
                      "name": "discourse",
                      "group": "env",
                      "value": "body",
                      "ngram": "-1",
                      "ref": "P282454.6.2"
                    }
                  ]
                },
                {
                  "node": "l",
                  "frag": "i+na",
                  "id": "P282454.l017af",
                  "ref": "P282454.6.3",
                  "inst": "ina[in]PRP",
                  "sig": "@tcma/assur%akk-x-midass:i+na=ina[in//in]PRP'PRP$ina",
                  "f": {
                    "lang": "akk-x-midass",
                    "form": "i+na",
                    "delim": "",
                    "gdl": [
                      {
                        "gg": "ligature",
                        "gdl_type": "ligature",
                        "group": [
                          {
                            "v": "i",
                            "id": "P282454.6.3.0",
                            "delim": "+"
                          },
                          {
                            "v": "na",
                            "id": "P282454.6.3.1"
                          }
                        ]
                      }
                    ],
                    "cf": "ina",
                    "gw": "in",
                    "sense": "in",
                    "norm": "ina",
                    "pos": "PRP",
                    "epos": "PRP"
                  },
                  "props": [
                    {
                      "name": "field",
                      "group": "env",
                      "ngram": "-1",
                      "ref": "P282454.6.3"
                    },
                    {
                      "name": "discourse",
                      "group": "env",
                      "value": "body",
                      "ngram": "-1",
                      "ref": "P282454.6.3"
                    }
                  ]
                },
                {
                  "node": "l",
                  "frag": "up-ni",
                  "id": "P282454.l017b0",
                  "ref": "P282454.6.4",
                  "inst": "upne[(cupped) hand]N",
                  "sig": "@tcma/assur%akk-x-midass:up-ni=upnu[(cupped) hand//(cupped) hand]N'N$upne",
                  "f": {
                    "lang": "akk-x-midass",
                    "form": "up-ni",
                    "delim": "",
                    "gdl": [
                      {
                        "v": "up",
                        "id": "P282454.6.4.0",
                        "delim": "-"
                      },
                      {
                        "v": "ni",
                        "id": "P282454.6.4.1"
                      }
                    ],
                    "cf": "upnu",
                    "gw": "(cupped) hand",
                    "sense": "(cupped) hand",
                    "norm": "upne",
                    "pos": "N",
                    "epos": "N"
                  },
                  "props": [
                    {
                      "name": "field",
                      "group": "env",
                      "ngram": "-1",
                      "ref": "P282454.6.4"
                    },
                    {
                      "name": "discourse",
                      "group": "env",
                      "value": "body",
                      "ngram": "-1",
                      "ref": "P282454.6.4"
                    }
                  ]
                },
                {
                  "node": "l",
                  "frag": "[...]",
                  "id": "P282454.l017b1",
                  "ref": "P282454.6.5",
                  "inst": "u",
                  "f": {
                    "lang": "akk-x-midass",
                    "form": "x",
                    "gdl": [
                      {
                        "x": "ellipsis",
                        "id": "P282454.6.5.0",
                        "breakStart": "1",
                        "break": "missing",
                        "o": "]",
                        "breakEnd": "P282454.6.5.0"
                      }
                    ],
                    "pos": "u"
                  },
                  "props": [
                    {
                      "name": "field",
                      "group": "env",
                      "ngram": "-1",
                      "ref": "P282454.6.5"
                    },
                    {
                      "name": "discourse",
                      "group": "env",
                      "value": "body",
                      "ngram": "-1",
                      "ref": "P282454.6.5"
                    }
                  ]
                },
                {
                  "node": "d",
                  "type": "line-start",
                  "ref": "P282454.7",
                  "n": "4'",
                  "label": "o 4'"
                },
                {
                  "node": "l",
                  "frag": "[...",
                  "id": "P282454.l017b2",
                  "ref": "P282454.7.1",
                  "inst": "u",
                  "f": {
                    "lang": "akk-x-midass",
                    "form": "x",
                    "delim": "",
                    "gdl": [
                      {
                        "x": "ellipsis",
                        "id": "P282454.7.1.0",
                        "breakStart": "1",
                        "break": "missing",
                        "o": "["
                      }
                    ],
                    "pos": "u"
                  },
                  "props": [
                    {
                      "name": "field",
                      "group": "env",
                      "ngram": "-1",
                      "ref": "P282454.7.1"
                    },
                    {
                      "name": "discourse",
                      "group": "env",
                      "value": "body",
                      "ngram": "-1",
                      "ref": "P282454.7.1"
                    }
                  ]
                },
                {
                  "node": "l",
                  "frag": "i+na",
                  "id": "P282454.l017b3",
                  "ref": "P282454.7.2",
                  "inst": "ina[in]PRP",
                  "sig": "@tcma/assur%akk-x-midass:i+na=ina[in//in]PRP'PRP$ina",
                  "f": {
                    "lang": "akk-x-midass",
                    "form": "i+na",
                    "delim": "",
                    "gdl": [
                      {
                        "gg": "ligature",
                        "gdl_type": "ligature",
                        "group": [
                          {
                            "v": "i",
                            "id": "P282454.7.2.0",
                            "break": "missing",
                            "delim": "+"
                          },
                          {
                            "v": "na",
                            "id": "P282454.7.2.1",
                            "break": "missing"
                          }
                        ]
                      }
                    ],
                    "cf": "ina",
                    "gw": "in",
                    "sense": "in",
                    "norm": "ina",
                    "pos": "PRP",
                    "epos": "PRP"
                  },
                  "props": [
                    {
                      "name": "field",
                      "group": "env",
                      "ngram": "-1",
                      "ref": "P282454.7.2"
                    },
                    {
                      "name": "discourse",
                      "group": "env",
                      "value": "body",
                      "ngram": "-1",
                      "ref": "P282454.7.2"
                    }
                  ]
                },
                {
                  "node": "l",
                  "frag": "si]-⸢ma⸣-an",
                  "id": "P282454.l017b4",
                  "ref": "P282454.7.3",
                  "inst": "siman[(right) occassion]N",
                  "sig": "@tcma/assur%akk-x-midass:si-ma-an=simānu[(right) occassion//(right) occassion]N'N$siman",
                  "f": {
                    "lang": "akk-x-midass",
                    "form": "si-ma-an",
                    "delim": "",
                    "gdl": [
                      {
                        "v": "si",
                        "id": "P282454.7.3.0",
                        "break": "missing",
                        "o": "]",
                        "breakEnd": "P282454.7.1.0",
                        "delim": "-"
                      },
                      {
                        "v": "ma",
                        "id": "P282454.7.3.1",
                        "break": "damaged",
                        "ho": "1",
                        "delim": "-",
                        "hc": "1"
                      },
                      {
                        "v": "an",
                        "id": "P282454.7.3.2"
                      }
                    ],
                    "cf": "simānu",
                    "gw": "(right) occassion",
                    "sense": "(right) occassion",
                    "norm": "siman",
                    "pos": "N",
                    "epos": "N"
                  },
                  "props": [
                    {
                      "name": "field",
                      "group": "env",
                      "ngram": "-1",
                      "ref": "P282454.7.3"
                    },
                    {
                      "name": "discourse",
                      "group": "env",
                      "value": "body",
                      "ngram": "-1",
                      "ref": "P282454.7.3"
                    }
                  ]
                },
                {
                  "node": "l",
                  "frag": "na-i-⸢la⸣-[te",
                  "id": "P282454.l017b5",
                  "ref": "P282454.7.4",
                  "inst": "+naʾilu[(a watercourse)]N$naʾilāte",
                  "sig": "@tcma/assur%akk-x-midass:na-i-la-te=naʾilu[(a watercourse)//(a watercourse)]N'N$naʾilāte",
                  "f": {
                    "lang": "akk-x-midass",
                    "form": "na-i-la-te",
                    "delim": "",
                    "gdl": [
                      {
                        "v": "na",
                        "id": "P282454.7.4.0",
                        "delim": "-"
                      },
                      {
                        "v": "i",
                        "id": "P282454.7.4.1",
                        "delim": "-"
                      },
                      {
                        "v": "la",
                        "id": "P282454.7.4.2",
                        "break": "damaged",
                        "ho": "1",
                        "delim": "-",
                        "hc": "1"
                      },
                      {
                        "v": "te",
                        "id": "P282454.7.4.3",
                        "breakStart": "1",
                        "o": "[",
                        "break": "missing"
                      }
                    ],
                    "cf": "naʾilu",
                    "gw": "(a watercourse)",
                    "sense": "(a watercourse)",
                    "norm": "naʾilāte",
                    "pos": "N",
                    "epos": "N"
                  },
                  "props": [
                    {
                      "name": "field",
                      "group": "env",
                      "ngram": "-1",
                      "ref": "P282454.7.4"
                    },
                    {
                      "name": "discourse",
                      "group": "env",
                      "value": "body",
                      "ngram": "-1",
                      "ref": "P282454.7.4"
                    }
                  ]
                },
                {
                  "node": "l",
                  "frag": "...]",
                  "id": "P282454.l017b6",
                  "ref": "P282454.7.5",
                  "inst": "u",
                  "f": {
                    "lang": "akk-x-midass",
                    "form": "x",
                    "gdl": [
                      {
                        "x": "ellipsis",
                        "id": "P282454.7.5.0",
                        "break": "missing",
                        "o": "]",
                        "breakEnd": "P282454.7.4.3"
                      }
                    ],
                    "pos": "u"
                  },
                  "props": [
                    {
                      "name": "field",
                      "group": "env",
                      "ngram": "-1",
                      "ref": "P282454.7.5"
                    },
                    {
                      "name": "discourse",
                      "group": "env",
                      "value": "body",
                      "ngram": "-1",
                      "ref": "P282454.7.5"
                    }
                  ]
                },
                {
                  "node": "d",
                  "type": "nonx",
                  "ref": "P282454.8",
                  "strict": "1",
                  "extent": "rest",
                  "scope": "reverse",
                  "state": "missing"
                }
              ]
            }
          ]
        }
      ]
    }
  ]
}
