0,Q002769.1.1,1
1,Q002769.1.2,1
2,Q002769.1.3,1
3,Q002769.1.4,1
4,Q002769.1.5,1
5,Q002769.1.6,1
6,Q002769.2.1,2
7,Q002769.2.2,2
8,Q002769.2.3,2
9,Q002769.2.4,2
10,Q002769.2.5,2
11,Q002769.3.1,3
12,Q002769.3.2,3
13,Q002769.3.3,3
14,Q002769.3.4,3
15,Q002769.4.1,4
16,Q002769.4.2,4
17,Q002769.4.3,4
18,Q002769.4.4,4
19,Q002769.4.5,4
20,Q002769.5.1,5
21,Q002769.5.2,5
22,Q002769.5.3,5
23,Q002769.5.4,5
24,Q002769.5.5,5
25,Q002769.5.6,5
26,Q002769.6.1,6
27,Q002769.6.2,6
28,Q002769.6.3,6
29,Q002769.6.4,6
30,Q002769.6.5,6
31,Q002769.6.6,6
32,Q002769.6.7,6
33,Q002769.7.1,7
34,Q002769.7.2,7
35,Q002769.7.3,7
36,Q002769.7.4,7
37,Q002769.7.5,7
38,Q002769.8.1,8
39,Q002769.8.2,8
40,Q002769.8.3,8
41,Q002769.8.4,8
42,Q002769.8.5,8
43,Q002769.8.6,8
44,Q002769.9.1,9
45,Q002769.9.2,9
46,Q002769.9.3,9
47,Q002769.9.4,9
48,Q002769.9.5,9
49,Q002769.10.1,10
50,Q002769.10.2,10
51,Q002769.10.3,10
52,Q002769.10.4,10
53,Q002769.10.5,10
54,Q002769.10.6,10
55,Q002769.10.7,10
56,Q002769.11.1,11
57,Q002769.11.2,11
58,Q002769.11.3,11
59,Q002769.11.4,11
60,Q002769.11.5,11
61,Q002769.12.1,12
62,Q002769.12.2,12
63,Q002769.12.3,12
64,Q002769.12.4,12
65,Q002769.12.5,12
66,Q002769.13.1,13
67,Q002769.13.2,13
68,Q002769.13.3,13
69,Q002769.13.4,13
70,Q002769.14.1,14
71,Q002769.14.2,14
72,Q002769.14.3,14
73,Q002769.14.4,14
74,Q002769.14.5,14
75,Q002769.15.1,15
76,Q002769.15.2,15
77,Q002769.15.3,15
78,Q002769.15.4,15
79,Q002769.15.5,15
80,Q002769.15.6,15
81,Q002769.16.1,16
82,Q002769.16.2,16
83,Q002769.16.3,16
84,Q002769.17.1,17
85,Q002769.17.2,17
86,Q002769.17.3,17
87,Q002769.17.4,17
88,Q002769.18.1,18
89,Q002769.18.2,18
90,Q002769.18.3,18
91,Q002769.18.4,18
92,Q002769.18.5,18
93,Q002769.18.6,18
94,Q002769.19.1,19
95,Q002769.19.2,19
96,Q002769.19.3,19
97,Q002769.19.4,19
98,Q002769.19.5,19
99,Q002769.19.6,19
100,Q002769.19.7,19
101,Q002769.19.8,19
102,Q002769.19.9,19
103,Q002769.20.1,20
104,Q002769.20.2,20
105,Q002769.20.3,20
106,Q002769.20.4,20
107,Q002769.20.5,20
108,Q002769.20.6,20
109,Q002769.20.7,20
110,Q002769.21.1,21
111,Q002769.21.2,21
112,Q002769.21.3,21
113,Q002769.21.4,21
114,Q002769.22.1,22
115,Q002769.22.2,22
116,Q002769.22.3,22
117,Q002769.22.4,22
118,Q002769.22.5,22
119,Q002769.23.1,23
120,Q002769.23.2,23
121,Q002769.23.3,23
122,Q002769.24.1,24
123,Q002769.24.2,24
124,Q002769.24.3,24
125,Q002769.24.4,24
126,Q002769.25.1,25
127,Q002769.25.2,25
128,Q002769.25.3,25
129,Q002769.25.4,25
130,Q002769.25.5,25
131,Q002769.25.6,25
132,Q002769.26.1,26
133,Q002769.26.2,26
134,Q002769.26.3,26
135,Q002769.26.4,26
136,Q002769.26.5,26
137,Q002769.27.1,27
138,Q002769.27.2,27
139,Q002769.27.3,27
140,Q002769.27.4,27
141,Q002769.28.1,28
142,Q002769.28.2,28
143,Q002769.28.3,28
144,Q002769.28.4,28
145,Q002769.28.5,28
146,Q002769.28.6,28
147,Q002769.29.1,29
148,Q002769.29.2,29
149,Q002769.29.3,29
150,Q002769.29.4,29
151,Q002769.29.5,29
152,Q002769.29.6,29
153,Q002769.29.7,29
154,Q002769.29.8,29
155,Q002769.30.1,30
156,Q002769.30.2,30
157,Q002769.30.3,30
158,Q002769.30.4,30
159,Q002769.30.5,30
160,Q002769.30.6,30
161,Q002769.30.7,30
162,Q002769.30.8,30
163,Q002769.30.9,30
164,Q002769.30.10,30
165,Q002769.30.11,30
166,Q002769.31.1,31
167,Q002769.31.2,31
168,Q002769.31.3,31
169,Q002769.31.4,31
170,Q002769.31.5,31
171,Q002769.31.6,31
172,Q002769.31.7,31
173,Q002769.31.8,31
174,Q002769.31.9,31
175,Q002769.32.1,32
176,Q002769.32.2,32
177,Q002769.32.3,32
178,Q002769.32.4,32
179,Q002769.32.5,32
180,Q002769.32.6,32
181,Q002769.32.7,32
182,Q002769.32.8,32
183,Q002769.33.1,33
184,Q002769.33.2,33
185,Q002769.33.3,33
186,Q002769.33.4,33
187,Q002769.33.5,33
188,Q002769.33.6,33
189,Q002769.33.7,33
190,Q002769.34.1,34
191,Q002769.34.2,34
192,Q002769.34.3,34
193,Q002769.34.4,34
194,Q002769.34.5,34
195,Q002769.34.6,34
196,Q002769.34.7,34
197,Q002769.35.1,35
198,Q002769.35.2,35
199,Q002769.35.3,35
200,Q002769.35.4,35
201,Q002769.35.5,35
202,Q002769.35.6,35
203,Q002769.35.7,35
204,Q002769.35.8,35
205,Q002769.36.1,36
206,Q002769.36.2,36
207,Q002769.36.3,36
208,Q002769.36.4,36
209,Q002769.36.5,36
210,Q002769.36.6,36
211,Q002769.36.7,36
212,Q002769.36.8,36
213,Q002769.36.9,36
214,Q002769.37.1,37
215,Q002769.37.2,37
216,Q002769.37.3,37
217,Q002769.37.4,37
218,Q002769.37.5,37
219,Q002769.37.6,37
220,Q002769.37.7,37
221,Q002769.37.8,37
222,Q002769.37.9,37
223,Q002769.38.1,38
224,Q002769.38.2,38
225,Q002769.38.3,38
226,Q002769.38.4,38
227,Q002769.38.5,38
228,Q002769.38.6,38
229,Q002769.38.7,38
230,Q002769.38.8,38
231,Q002769.39.1,39
232,Q002769.39.2,39
233,Q002769.39.3,39
234,Q002769.39.4,39
235,Q002769.39.5,39
236,Q002769.39.6,39
237,Q002769.39.7,39
238,Q002769.40.1,40
239,Q002769.40.2,40
240,Q002769.40.3,40
241,Q002769.40.4,40
242,Q002769.40.5,40
243,Q002769.40.6,40
244,Q002769.40.7,40
245,Q002769.41.1,41
246,Q002769.41.2,41
247,Q002769.41.3,41
248,Q002769.41.4,41
249,Q002769.41.5,41
250,Q002769.41.6,41
251,Q002769.41.7,41
252,Q002769.41.8,41
253,Q002769.42.1,42
254,Q002769.42.2,42
255,Q002769.42.3,42
256,Q002769.42.4,42
257,Q002769.43.1,43
258,Q002769.43.2,43
259,Q002769.43.3,43
260,Q002769.43.4,43
261,Q002769.44.1,44
262,Q002769.44.2,44
263,Q002769.44.3,44
264,Q002769.44.4,44
265,Q002769.44.5,44
266,Q002769.44.6,44
267,Q002769.44.7,44
268,Q002769.45.1,45
269,Q002769.45.2,45
270,Q002769.45.3,45
271,Q002769.45.4,45
272,Q002769.45.5,45
273,Q002769.45.6,45
274,Q002769.45.7,45
275,Q002769.45.8,45
276,Q002769.45.9,45
277,Q002769.46.1,46
278,Q002769.46.2,46
279,Q002769.46.3,46
280,Q002769.46.4,46
281,Q002769.46.5,46
282,Q002769.46.6,46
283,Q002769.46.7,46
284,Q002769.47.1,47
285,Q002769.47.2,47
286,Q002769.47.3,47
287,Q002769.47.4,47
288,Q002769.47.5,47
289,Q002769.47.6,47
290,Q002769.47.7,47
291,Q002769.48.1,48
292,Q002769.48.2,48
293,Q002769.48.3,48
294,Q002769.48.4,48
295,Q002769.49.1,49
296,Q002769.49.2,49
297,Q002769.49.3,49
298,Q002769.49.4,49
299,Q002769.49.5,49
300,Q002769.50.1,50
301,Q002769.50.2,50
302,Q002769.50.3,50
303,Q002769.50.4,50
304,Q002769.50.5,50
305,Q002769.50.6,50
306,Q002769.50.7,50
307,Q002769.50.8,50
308,Q002769.51.1,51
309,Q002769.51.2,51
310,Q002769.51.3,51
311,Q002769.51.4,51
312,Q002769.51.5,51
313,Q002769.51.6,51
314,Q002769.51.7,51
315,Q002769.52.1,52
316,Q002769.52.2,52
317,Q002769.52.3,52
318,Q002769.53.1,53
319,Q002769.53.2,53
320,Q002769.53.3,53
321,Q002769.53.4,53
322,Q002769.53.5,53
323,Q002769.54.1,54
324,Q002769.54.2,54
325,Q002769.54.3,54
326,Q002769.54.4,54
327,Q002769.54.5,54
328,Q002769.55.1,55
329,Q002769.55.2,55
330,Q002769.55.3,55
331,Q002769.55.4,55
332,Q002769.56.1,56
333,Q002769.56.2,56
334,Q002769.56.3,56
335,Q002769.56.4,56
336,Q002769.56.5,56
337,Q002769.57,
338,Q002769.58.1,60
339,Q002769.58.2,60
340,Q002769.58.3,60
341,Q002769.58.4,60
342,Q002769.58.5,60
343,Q002769.59.1,61
344,Q002769.59.2,61
345,Q002769.59.3,61
346,Q002769.59.4,61
347,Q002769.59.5,61
348,Q002769.59.6,61
349,Q002769.60.1,62
350,Q002769.60.2,62
351,Q002769.60.3,62
352,Q002769.60.4,62
353,Q002769.60.5,62
354,Q002769.60.6,62
355,Q002769.61.1,63
356,Q002769.61.2,63
357,Q002769.61.3,63
358,Q002769.61.4,63
359,Q002769.62.1,64
360,Q002769.62.2,64
361,Q002769.62.3,64
362,Q002769.62.4,64
363,Q002769.62.5,64
364,Q002769.62.6,64
365,Q002769.63.1,65
366,Q002769.63.2,65
367,Q002769.63.3,65
368,Q002769.63.4,65
369,Q002769.64.1,66
370,Q002769.64.2,66
371,Q002769.64.3,66
372,Q002769.64.4,66
373,Q002769.65.1,67
374,Q002769.65.2,67
375,Q002769.65.3,67
376,Q002769.65.4,67
377,Q002769.66.1,68
378,Q002769.66.2,68
379,Q002769.66.3,68
380,Q002769.66.4,68
381,Q002769.66.5,68
382,Q002769.66.6,68
383,Q002769.67.1,69
384,Q002769.67.2,69
385,Q002769.67.3,69
386,Q002769.67.4,69
387,Q002769.68.1,70
388,Q002769.68.2,70
389,Q002769.68.3,70
390,Q002769.68.4,70
391,Q002769.68.5,70
392,Q002769.69.1,71
393,Q002769.69.2,71
394,Q002769.69.3,71
395,Q002769.69.4,71
396,Q002769.69.5,71
397,Q002769.70.1,72
398,Q002769.70.2,72
399,Q002769.70.3,72
400,Q002769.70.4,72
401,Q002769.70.5,72
402,Q002769.71.1,73
403,Q002769.71.2,73
404,Q002769.71.3,73
405,Q002769.71.4,73
406,Q002769.71.5,73
407,Q002769.72.1,74
408,Q002769.72.2,74
409,Q002769.72.3,74
410,Q002769.72.4,74
411,Q002769.72.5,74
412,Q002769.72.6,74
413,Q002769.73.1,75
414,Q002769.73.2,75
415,Q002769.73.3,75
416,Q002769.73.4,75
417,Q002769.74.1,76
418,Q002769.74.2,76
419,Q002769.74.3,76
420,Q002769.74.4,76
421,Q002769.75.1,77
422,Q002769.75.2,77
423,Q002769.75.3,77
424,Q002769.76.1,78
425,Q002769.76.2,78
426,Q002769.76.3,78
427,Q002769.76.4,78
428,Q002769.76.5,78
429,Q002769.76.6,78
430,Q002769.76.7,78
431,Q002769.77.1,79
432,Q002769.77.2,79
433,Q002769.77.3,79
434,Q002769.77.4,79
435,Q002769.77.5,79
436,Q002769.78.1,80
437,Q002769.78.2,80
438,Q002769.78.3,80
439,Q002769.78.4,80
440,Q002769.78.5,80
441,Q002769.79.1,81
442,Q002769.79.2,81
443,Q002769.79.3,81
444,Q002769.79.4,81
445,Q002769.80.1,82
446,Q002769.80.2,82
447,Q002769.80.3,82
448,Q002769.80.4,82
449,Q002769.81.1,83
450,Q002769.81.2,83
451,Q002769.81.3,83
452,Q002769.81.4,83
453,Q002769.82.1,84
454,Q002769.82.2,84
455,Q002769.82.3,84
456,Q002769.82.4,84
457,Q002769.83.1,85
458,Q002769.83.2,85
459,Q002769.83.3,85
460,Q002769.83.4,85
461,Q002769.84.1,86
462,Q002769.84.2,86
463,Q002769.84.3,86
464,Q002769.85.1,87
465,Q002769.85.2,87
466,Q002769.85.3,87
467,Q002769.85.4,87
468,Q002769.85.5,87
469,Q002769.86.1,88
470,Q002769.86.2,88
471,Q002769.86.3,88
472,Q002769.86.4,88
473,Q002769.87.1,89
474,Q002769.87.2,89
475,Q002769.87.3,89
476,Q002769.87.4,89
477,Q002769.88.1,90
478,Q002769.88.2,90
479,Q002769.88.3,90
480,Q002769.88.4,90
481,Q002769.89.1,91
482,Q002769.89.2,91
483,Q002769.89.3,91
484,Q002769.89.4,91
485,Q002769.89.5,91
486,Q002769.90.1,92
487,Q002769.90.2,92
488,Q002769.90.3,92
489,Q002769.90.4,92
490,Q002769.91.1,93
491,Q002769.91.2,93
492,Q002769.91.3,93
493,Q002769.91.4,93
494,Q002769.91.5,93
495,Q002769.92.1,94
496,Q002769.92.2,94
497,Q002769.92.3,94
498,Q002769.92.4,94
499,Q002769.92.5,94
500,Q002769.93.1,95
501,Q002769.93.2,95
502,Q002769.93.3,95
503,Q002769.93.4,95
504,Q002769.93.5,95
505,Q002769.94.1,96
506,Q002769.94.2,96
507,Q002769.94.3,96
508,Q002769.94.4,96
509,Q002769.94.5,96
510,Q002769.94.6,96
511,Q002769.94.7,96
512,Q002769.95.1,97
513,Q002769.95.2,97
514,Q002769.95.3,97
515,Q002769.95.4,97
516,Q002769.96.1,98
517,Q002769.96.2,98
518,Q002769.96.3,98
519,Q002769.96.4,98
520,Q002769.96.5,98
521,Q002769.96.6,98
522,Q002769.97.1,99
523,Q002769.97.2,99
524,Q002769.97.3,99
525,Q002769.97.4,99
526,Q002769.97.5,99
527,Q002769.97.6,99
528,Q002769.97.7,99
529,Q002769.98.1,100
530,Q002769.98.2,100
531,Q002769.98.3,100
532,Q002769.99.1,101
533,Q002769.99.2,101
534,Q002769.99.3,101
535,Q002769.99.4,101
536,Q002769.99.5,101
537,Q002769.100.1,102
538,Q002769.100.2,102
539,Q002769.100.3,102
540,Q002769.100.4,102
541,Q002769.101.1,103
542,Q002769.101.2,103
543,Q002769.101.3,103
544,Q002769.101.4,103
545,Q002769.101.5,103
546,Q002769.101.6,103
547,Q002769.102.1,104
548,Q002769.102.2,104
549,Q002769.102.3,104
550,Q002769.103.1,105
551,Q002769.103.2,105
552,Q002769.103.3,105
553,Q002769.103.4,105
554,Q002769.103.5,105
555,Q002769.104.1,106
556,Q002769.104.2,106
557,Q002769.104.3,106
558,Q002769.104.4,106
559,Q002769.104.5,106
560,Q002769.104.6,106
561,Q002769.104.7,106
562,Q002769.105.1,107
563,Q002769.105.2,107
564,Q002769.105.3,107
565,Q002769.105.4,107
566,Q002769.105.5,107
567,Q002769.105.6,107
568,Q002769.106.1,108
569,Q002769.106.2,108
570,Q002769.106.3,108
571,Q002769.106.4,108
572,Q002769.107.1,109
573,Q002769.107.2,109
574,Q002769.107.3,109
575,Q002769.107.4,109
576,Q002769.108.1,110
577,Q002769.108.2,110
578,Q002769.108.3,110
579,Q002769.108.4,110
580,Q002769.109.1,111
581,Q002769.109.2,111
582,Q002769.109.3,111
583,Q002769.109.4,111
584,Q002769.109.5,111
585,Q002769.109.6,111
586,Q002769.110.1,112
587,Q002769.110.2,112
588,Q002769.110.3,112
589,Q002769.110.4,112
590,Q002769.110.5,112
591,Q002769.111.1,113
592,Q002769.111.2,113
593,Q002769.111.3,113
594,Q002769.111.4,113
595,Q002769.111.5,113
596,Q002769.112.1,114
597,Q002769.112.2,114
598,Q002769.112.3,114
599,Q002769.112.4,114
600,Q002769.112.5,114
601,Q002769.113.1,115
602,Q002769.113.2,115
603,Q002769.113.3,115
604,Q002769.113.4,115
605,Q002769.114.1,116
606,Q002769.114.2,116
607,Q002769.114.3,116
608,Q002769.114.4,116
609,Q002769.114.5,116
610,Q002769.115.1,117
611,Q002769.115.2,117
612,Q002769.115.3,117
613,Q002769.115.4,117
614,Q002769.115.5,117
615,Q002769.115.6,117
616,Q002769.115.7,117
617,Q002769.116.1,118
618,Q002769.116.2,118
619,Q002769.116.3,118
620,Q002769.116.4,118
621,Q002769.117.1,119
622,Q002769.117.2,119
623,Q002769.117.3,119
624,Q002769.117.4,119
625,Q002769.117.5,119
626,Q002769.117.6,119
627,Q002769.118.1,120
628,Q002769.118.2,120
629,Q002769.118.3,120
630,Q002769.118.4,120
631,Q002769.118.5,120
632,Q002769.118.6,120
633,Q002769.118.7,120
634,Q002769.119.1,121
635,Q002769.119.2,121
636,Q002769.119.3,121
637,Q002769.120.1,122
638,Q002769.120.2,122
639,Q002769.120.3,122
640,Q002769.120.4,122
641,Q002769.120.5,122
642,Q002769.121.1,123
643,Q002769.121.2,123
644,Q002769.121.3,123
645,Q002769.121.4,123
646,Q002769.122.1,124
647,Q002769.122.2,124
648,Q002769.122.3,124
649,Q002769.122.4,124
650,Q002769.122.5,124
651,Q002769.122.6,124
652,Q002769.122.7,124
653,Q002769.123.1,125
654,Q002769.123.2,125
655,Q002769.123.3,125
656,Q002769.124.1,126
657,Q002769.124.2,126
658,Q002769.124.3,126
659,Q002769.124.4,126
660,Q002769.124.5,126
661,Q002769.125.1,127
662,Q002769.125.2,127
663,Q002769.125.3,127
664,Q002769.125.4,127
665,Q002769.125.5,127
666,Q002769.125.6,127
667,Q002769.125.7,127
668,Q002769.126.1,128
669,Q002769.126.2,128
670,Q002769.126.3,128
671,Q002769.126.4,128
672,Q002769.126.5,128
673,Q002769.126.6,128
674,Q002769.127.1,129
675,Q002769.127.2,129
676,Q002769.127.3,129
677,Q002769.127.4,129
678,Q002769.128.1,130
679,Q002769.128.2,130
680,Q002769.128.3,130
681,Q002769.128.4,130
682,Q002769.129.1,131
683,Q002769.129.2,131
684,Q002769.129.3,131
685,Q002769.129.4,131
686,Q002769.130.1,132
687,Q002769.130.2,132
688,Q002769.130.3,132
689,Q002769.130.4,132
690,Q002769.130.5,132
691,Q002769.130.6,132
692,Q002769.131.1,133
693,Q002769.131.2,133
694,Q002769.131.3,133
695,Q002769.131.4,133
696,Q002769.131.5,133
697,Q002769.132.1,134
698,Q002769.132.2,134
699,Q002769.132.3,134
700,Q002769.132.4,134
701,Q002769.132.5,134
702,Q002769.133.1,135
703,Q002769.133.2,135
704,Q002769.133.3,135
705,Q002769.133.4,135
706,Q002769.133.5,135
707,Q002769.134.1,136
708,Q002769.134.2,136
709,Q002769.134.3,136
710,Q002769.134.4,136
711,Q002769.135.1,137
712,Q002769.135.2,137
713,Q002769.135.3,137
714,Q002769.135.4,137
715,Q002769.135.5,137
716,Q002769.136.1,138
717,Q002769.136.2,138
718,Q002769.136.3,138
719,Q002769.136.4,138
720,Q002769.136.5,138
721,Q002769.136.6,138
722,Q002769.136.7,138
723,Q002769.137.1,139
724,Q002769.137.2,139
725,Q002769.137.3,139
726,Q002769.137.4,139
727,Q002769.138.1,140
728,Q002769.138.2,140
729,Q002769.138.3,140
730,Q002769.138.4,140
731,Q002769.138.5,140
732,Q002769.138.6,140
733,Q002769.139.1,141
734,Q002769.139.2,141
735,Q002769.139.3,141
736,Q002769.139.4,141
737,Q002769.139.5,141
738,Q002769.139.6,141
739,Q002769.139.7,141
740,Q002769.140.1,142
741,Q002769.140.2,142
742,Q002769.140.3,142
743,Q002769.141.1,143
744,Q002769.141.2,143
745,Q002769.141.3,143
746,Q002769.141.4,143
747,Q002769.141.5,143
748,Q002769.142.1,144
749,Q002769.142.2,144
750,Q002769.142.3,144
751,Q002769.142.4,144
752,Q002769.143.1,145
753,Q002769.143.2,145
754,Q002769.143.3,145
755,Q002769.143.4,145
756,Q002769.143.5,145
757,Q002769.143.6,145
758,Q002769.143.7,145
759,Q002769.144.1,146
760,Q002769.144.2,146
761,Q002769.144.3,146
762,Q002769.145.1,147
763,Q002769.145.2,147
764,Q002769.145.3,147
765,Q002769.145.4,147
766,Q002769.145.5,147
767,Q002769.146.1,148
768,Q002769.146.2,148
769,Q002769.146.3,148
770,Q002769.146.4,148
771,Q002769.146.5,148
772,Q002769.146.6,148
773,Q002769.146.7,148
774,Q002769.147.1,149
775,Q002769.147.2,149
776,Q002769.147.3,149
777,Q002769.147.4,149
778,Q002769.147.5,149
779,Q002769.147.6,149
780,Q002769.148.1,150
781,Q002769.148.2,150
782,Q002769.148.3,150
783,Q002769.148.4,150
784,Q002769.149.1,151
785,Q002769.149.2,151
786,Q002769.149.3,151
787,Q002769.149.4,151
788,Q002769.150.1,152
789,Q002769.150.2,152
790,Q002769.150.3,152
791,Q002769.150.4,152
792,Q002769.151.1,153
793,Q002769.151.2,153
794,Q002769.151.3,153
795,Q002769.151.4,153
796,Q002769.151.5,153
797,Q002769.151.6,153
798,Q002769.152.1,154
799,Q002769.152.2,154
800,Q002769.152.3,154
801,Q002769.152.4,154
802,Q002769.152.5,154
803,Q002769.153.1,155
804,Q002769.153.2,155
805,Q002769.153.3,155
806,Q002769.153.4,155
807,Q002769.153.5,155
808,Q002769.154.1,156
809,Q002769.154.2,156
810,Q002769.154.3,156
811,Q002769.154.4,156
812,Q002769.154.5,156
813,Q002769.155.1,157
814,Q002769.155.2,157
815,Q002769.155.3,157
816,Q002769.155.4,157
817,Q002769.156.1,158
818,Q002769.156.2,158
819,Q002769.156.3,158
820,Q002769.156.4,158
821,Q002769.156.5,158
822,Q002769.157.1,159
823,Q002769.157.2,159
824,Q002769.157.3,159
825,Q002769.157.4,159
826,Q002769.157.5,159
827,Q002769.158.1,160
828,Q002769.158.2,160
829,Q002769.158.3,160
830,Q002769.158.4,160
831,Q002769.158.5,160
832,Q002769.159.1,161
833,Q002769.159.2,161
834,Q002769.159.3,161
835,Q002769.159.4,161
836,Q002769.159.5,161
837,Q002769.160.1,162
838,Q002769.160.2,162
839,Q002769.160.3,162
840,Q002769.160.4,162
841,Q002769.160.5,162
842,Q002769.160.6,162
843,Q002769.160.7,162
844,Q002769.161.1,163
845,Q002769.161.2,163
846,Q002769.161.3,163
847,Q002769.162.1,164
848,Q002769.162.2,164
849,Q002769.162.3,164
850,Q002769.162.4,164
851,Q002769.162.5,164
852,Q002769.162.6,164
853,Q002769.163.1,165
854,Q002769.163.2,165
855,Q002769.163.3,165
856,Q002769.164.1,166
857,Q002769.164.2,166
858,Q002769.164.3,166
859,Q002769.164.4,166
860,Q002769.164.5,166
861,Q002769.164.6,166
862,Q002769.165.1,167
863,Q002769.165.2,167
864,Q002769.165.3,167
865,Q002769.165.4,167
866,Q002769.166.1,168
867,Q002769.166.2,168
868,Q002769.166.3,168
869,Q002769.166.4,168
870,Q002769.167.1,169
871,Q002769.167.2,169
872,Q002769.167.3,169
873,Q002769.167.4,169
874,Q002769.168.1,170
875,Q002769.168.2,170
876,Q002769.168.3,170
877,Q002769.168.4,170
878,Q002769.168.5,170
879,Q002769.168.6,170
880,Q002769.169.1,171
881,Q002769.169.2,171
882,Q002769.169.3,171
883,Q002769.169.4,171
884,Q002769.170.1,172
885,Q002769.170.2,172
886,Q002769.170.3,172
887,Q002769.170.4,172
888,Q002769.171.1,173
889,Q002769.171.2,173
890,Q002769.171.3,173
891,Q002769.171.4,173
892,Q002769.172.1,174
893,Q002769.172.2,174
894,Q002769.172.3,174
895,Q002769.172.4,174
896,Q002769.173.1,175
897,Q002769.173.2,175
898,Q002769.173.3,175
899,Q002769.173.4,175
900,Q002769.173.5,175
901,Q002769.173.6,175
902,Q002769.173.7,175
903,Q002769.174.1,176
904,Q002769.174.2,176
905,Q002769.174.3,176
906,Q002769.174.4,176
907,Q002769.175.1,177
908,Q002769.175.2,177
909,Q002769.175.3,177
910,Q002769.175.4,177
911,Q002769.176.1,178
912,Q002769.176.2,178
913,Q002769.176.3,178
914,Q002769.176.4,178
915,Q002769.177.1,179
916,Q002769.177.2,179
917,Q002769.177.3,179
918,Q002769.177.4,179
919,Q002769.178.1,180
920,Q002769.178.2,180
921,Q002769.178.3,180
922,Q002769.178.4,180
923,Q002769.178.5,180
924,Q002769.178.6,180
925,Q002769.179.1,181
926,Q002769.179.2,181
927,Q002769.179.3,181
928,Q002769.180.1,182
929,Q002769.180.2,182
930,Q002769.180.3,182
931,Q002769.180.4,182
932,Q002769.180.5,182
933,Q002769.180.6,182
934,Q002769.181.1,183
935,Q002769.181.2,183
936,Q002769.181.3,183
937,Q002769.181.4,183
938,Q002769.182.1,184
939,Q002769.182.2,184
940,Q002769.182.3,184
941,Q002769.182.4,184
942,Q002769.182.5,184
943,Q002769.183.1,185
944,Q002769.183.2,185
945,Q002769.183.3,185
946,Q002769.183.4,185
947,Q002769.184.1,186
948,Q002769.184.2,186
949,Q002769.184.3,186
950,Q002769.184.4,186
951,Q002769.184.5,186
952,Q002769.185.1,187
953,Q002769.185.2,187
954,Q002769.185.3,187
955,Q002769.185.4,187
956,Q002769.185.5,187
957,Q002769.185.6,187
958,Q002769.185.7,187
959,Q002769.186.1,188
960,Q002769.186.2,188
961,Q002769.186.3,188
962,Q002769.186.4,188
963,Q002769.186.5,188
964,Q002769.186.6,188
965,Q002769.186.7,188
966,Q002769.186.8,188
967,Q002769.187.1,189
968,Q002769.187.2,189
969,Q002769.187.3,189
970,Q002769.187.4,189
971,Q002769.187.5,189
972,Q002769.188.1,190
973,Q002769.188.2,190
974,Q002769.188.3,190
975,Q002769.188.4,190
976,Q002769.188.5,190
977,Q002769.189.1,191
978,Q002769.189.2,191
979,Q002769.189.3,191
980,Q002769.189.4,191
981,Q002769.189.5,191
982,Q002769.189.6,191
983,Q002769.190.1,192
984,Q002769.190.2,192
985,Q002769.190.3,192
986,Q002769.190.4,192
987,Q002769.190.5,192
988,Q002769.190.6,192
989,Q002769.191.1,193
990,Q002769.191.2,193
991,Q002769.191.3,193
992,Q002769.191.4,193
993,Q002769.191.5,193
994,Q002769.191.6,193
995,Q002769.192.1,194
996,Q002769.192.2,194
997,Q002769.192.3,194
998,Q002769.193.1,195
999,Q002769.193.2,195
1000,Q002769.193.3,195
1001,Q002769.193.4,195
1002,Q002769.194.1,196
1003,Q002769.194.2,196
1004,Q002769.194.3,196
1005,Q002769.194.4,196
1006,Q002769.194.5,196
1007,Q002769.195.1,197
1008,Q002769.195.2,197
1009,Q002769.195.3,197
1010,Q002769.196.1,198
1011,Q002769.196.2,198
1012,Q002769.196.3,198
1013,Q002769.196.4,198
1014,Q002769.196.5,198
1015,Q002769.197.1,199
1016,Q002769.197.2,199
1017,Q002769.197.3,199
1018,Q002769.197.4,199
1019,Q002769.198.1,200
1020,Q002769.198.2,200
1021,Q002769.198.3,200
1022,Q002769.198.4,200
1023,Q002769.198.5,200
1024,Q002769.198.6,200
1025,Q002769.198.7,200
1026,Q002769.199.1,201
1027,Q002769.199.2,201
1028,Q002769.199.3,201
1029,Q002769.199.4,201
1030,Q002769.199.5,201
1031,Q002769.200.1,202
1032,Q002769.200.2,202
1033,Q002769.200.3,202
1034,Q002769.201.1,203
1035,Q002769.201.2,203
1036,Q002769.201.3,203
1037,Q002769.201.4,203
1038,Q002769.202.1,204
1039,Q002769.202.2,204
1040,Q002769.202.3,204
1041,Q002769.202.4,204
1042,Q002769.203.1,205
1043,Q002769.203.2,205
1044,Q002769.203.3,205
1045,Q002769.203.4,205
1046,Q002769.203.5,205
1047,Q002769.204.1,206
1048,Q002769.204.2,206
1049,Q002769.204.3,206
1050,Q002769.204.4,206
1051,Q002769.204.5,206
1052,Q002769.205.1,207
1053,Q002769.205.2,207
1054,Q002769.205.3,207
1055,Q002769.205.4,207
1056,Q002769.206.1,208
1057,Q002769.206.2,208
1058,Q002769.206.3,208
1059,Q002769.206.4,208
1060,Q002769.206.5,208
1061,Q002769.206.6,208
1062,Q002769.206.7,208
1063,Q002769.206.8,208
1064,Q002769.206.9,208
1065,Q002769.207.1,209
1066,Q002769.207.2,209
1067,Q002769.207.3,209
1068,Q002769.207.4,209
1069,Q002769.208.1,210
1070,Q002769.208.2,210
1071,Q002769.208.3,210
1072,Q002769.208.4,210
1073,Q002769.209.1,211
1074,Q002769.209.2,211
1075,Q002769.209.3,211
1076,Q002769.209.4,211
1077,Q002769.210.1,212
1078,Q002769.210.2,212
1079,Q002769.210.3,212
1080,Q002769.210.4,212
1081,Q002769.210.5,212
1082,Q002769.211.1,213
1083,Q002769.211.2,213
1084,Q002769.211.3,213
1085,Q002769.211.4,213
0,Q002771.1.1,1
1,Q002771.1.2,1
2,Q002771.1.3,1
3,Q002771.1.4,1
4,Q002771.1.5,1
5,Q002771.1.6,1
6,Q002771.1.7,1
7,Q002771.1.8,1
8,Q002771.1.9,1
9,Q002771.1.10,1
10,Q002771.1.11,1
11,Q002771.1.12,1
12,Q002771.1.13,1
13,Q002771.1.14,1
14,Q002771.2.1,2
15,Q002771.2.2,2
16,Q002771.2.3,2
17,Q002771.2.4,2
18,Q002771.2.5,2
19,Q002771.2.6,2
20,Q002771.2.7,2
21,Q002771.2.8,2
22,Q002771.2.9,2
23,Q002771.3.1,3
24,Q002771.3.2,3
25,Q002771.3.3,3
26,Q002771.3.4,3
27,Q002771.3.5,3
28,Q002771.4.1,4
29,Q002771.4.2,4
30,Q002771.4.3,4
31,Q002771.4.4,4
32,Q002771.5.1,5
33,Q002771.5.2,5
34,Q002771.5.3,5
35,Q002771.5.4,5
36,Q002771.6.1,6
37,Q002771.6.2,6
38,Q002771.6.3,6
39,Q002771.6.4,6
40,Q002771.6.5,6
41,Q002771.6.6,6
42,Q002771.7.1,7
43,Q002771.7.2,7
44,Q002771.7.3,7
45,Q002771.7.4,7
46,Q002771.8.1,8
47,Q002771.8.2,8
48,Q002771.8.3,8
49,Q002771.8.4,8
50,Q002771.9.1,9
51,Q002771.9.2,9
52,Q002771.9.3,9
53,Q002771.9.4,9
54,Q002771.9.5,9
55,Q002771.9.6,9
56,Q002771.9.7,9
57,Q002771.10.1,10
58,Q002771.10.2,10
59,Q002771.10.3,10
60,Q002771.10.4,10
61,Q002771.10.5,10
62,Q002771.11.1,11
63,Q002771.11.2,11
64,Q002771.11.3,11
65,Q002771.11.4,11
66,Q002771.11.5,11
67,Q002771.11.6,11
68,Q002771.12.1,12
69,Q002771.12.2,12
70,Q002771.12.3,12
71,Q002771.12.4,12
72,Q002771.12.5,12
73,Q002771.13.1,13
74,Q002771.13.2,13
75,Q002771.13.3,13
76,Q002771.13.4,13
77,Q002771.13.5,13
78,Q002771.13.6,13
79,Q002771.13.7,13
80,Q002771.14.1,14
81,Q002771.14.2,14
82,Q002771.14.3,14
83,Q002771.14.4,14
84,Q002771.15.1,15
85,Q002771.15.2,15
86,Q002771.15.3,15
87,Q002771.15.4,15
88,Q002771.16.1,16
89,Q002771.16.2,16
90,Q002771.16.3,16
91,Q002771.16.4,16
92,Q002771.16.5,16
93,Q002771.17.1,17
94,Q002771.17.2,17
95,Q002771.17.3,17
96,Q002771.17.4,17
97,Q002771.17.5,17
98,Q002771.18.1,18
99,Q002771.18.2,18
100,Q002771.18.3,18
101,Q002771.18.4,18
102,Q002771.18.5,18
103,Q002771.18.6,18
104,Q002771.19.1,19
105,Q002771.19.2,19
106,Q002771.19.3,19
107,Q002771.19.4,19
108,Q002771.20.1,20
109,Q002771.20.2,20
110,Q002771.20.3,20
111,Q002771.20.4,20
112,Q002771.20.5,20
113,Q002771.20.6,20
114,Q002771.21.1,21
115,Q002771.21.2,21
116,Q002771.21.3,21
117,Q002771.21.4,21
118,Q002771.21.5,21
119,Q002771.21.6,21
120,Q002771.21.7,21
121,Q002771.22.1,22
122,Q002771.22.2,22
123,Q002771.22.3,22
124,Q002771.22.4,22
125,Q002771.23.1,23
126,Q002771.23.2,23
127,Q002771.23.3,23
128,Q002771.23.4,23
129,Q002771.24.1,24
130,Q002771.24.2,24
131,Q002771.24.3,24
132,Q002771.24.4,24
133,Q002771.25.1,25
134,Q002771.25.2,25
135,Q002771.25.3,25
136,Q002771.25.4,25
137,Q002771.25.5,25
138,Q002771.26.1,26
139,Q002771.26.2,26
140,Q002771.26.3,26
141,Q002771.26.4,26
142,Q002771.27.1,27
143,Q002771.27.2,27
144,Q002771.27.3,27
145,Q002771.27.4,27
146,Q002771.27.5,27
147,Q002771.27.6,27
148,Q002771.27.7,27
149,Q002771.28.1,28
150,Q002771.28.2,28
151,Q002771.29.1,29
152,Q002771.29.2,29
153,Q002771.29.3,29
154,Q002771.29.4,29
155,Q002771.30.1,30
156,Q002771.30.2,30
157,Q002771.30.3,30
158,Q002771.30.4,30
159,Q002771.30.5,30
160,Q002771.30.6,30
161,Q002771.31.1,31
162,Q002771.31.2,31
163,Q002771.31.3,31
164,Q002771.31.4,31
165,Q002771.32.1,32
166,Q002771.32.2,32
167,Q002771.32.3,32
168,Q002771.32.4,32
169,Q002771.32.5,32
170,Q002771.32.6,32
171,Q002771.32.7,32
172,Q002771.33.1,33
173,Q002771.33.2,33
174,Q002771.33.3,33
175,Q002771.33.4,33
176,Q002771.34.1,34
177,Q002771.34.2,34
178,Q002771.34.3,34
179,Q002771.34.4,34
180,Q002771.35.1,35
181,Q002771.35.2,35
182,Q002771.35.3,35
183,Q002771.35.4,35
184,Q002771.35.5,35
185,Q002771.35.6,35
186,Q002771.35.7,35
187,Q002771.35.8,35
188,Q002771.36.1,36
189,Q002771.36.2,36
190,Q002771.36.3,36
191,Q002771.36.4,36
192,Q002771.36.5,36
193,Q002771.36.6,36
194,Q002771.36.7,36
195,Q002771.37.1,37
196,Q002771.37.2,37
197,Q002771.37.3,37
198,Q002771.37.4,37
199,Q002771.37.5,37
200,Q002771.37.6,37
201,Q002771.37.7,37
202,Q002771.38.1,38
203,Q002771.38.2,38
204,Q002771.39.1,39
205,Q002771.39.2,39
206,Q002771.39.3,39
207,Q002771.39.4,39
208,Q002771.39.5,39
209,Q002771.40.1,40
210,Q002771.40.2,40
211,Q002771.40.3,40
212,Q002771.40.4,40
213,Q002771.41.1,41
214,Q002771.41.2,41
215,Q002771.41.3,41
216,Q002771.41.4,41
217,Q002771.41.5,41
218,Q002771.42.1,42
219,Q002771.42.2,42
220,Q002771.42.3,42
221,Q002771.43.1,43
222,Q002771.43.2,43
223,Q002771.43.3,43
224,Q002771.43.4,43
225,Q002771.44.1,44
226,Q002771.44.2,44
227,Q002771.44.3,44
228,Q002771.45.1,45
229,Q002771.45.2,45
230,Q002771.45.3,45
231,Q002771.45.4,45
232,Q002771.45.5,45
233,Q002771.46.1,46
234,Q002771.46.2,46
235,Q002771.46.3,46
236,Q002771.46.4,46
237,Q002771.47.1,47
238,Q002771.47.2,47
239,Q002771.47.3,47
240,Q002771.47.4,47
241,Q002771.48.1,48
242,Q002771.48.2,48
243,Q002771.48.3,48
244,Q002771.49,
245,Q002771.50.1,53
246,Q002771.50.2,53
247,Q002771.50.3,53
248,Q002771.50.4,53
249,Q002771.51.1,54
250,Q002771.51.2,54
251,Q002771.51.3,54
252,Q002771.51.4,54
253,Q002771.52.1,55
254,Q002771.52.2,55
255,Q002771.52.3,55
256,Q002771.52.4,55
257,Q002771.53.1,56
258,Q002771.53.2,56
259,Q002771.53.3,56
260,Q002771.54.1,57
261,Q002771.54.2,57
262,Q002771.54.3,57
263,Q002771.54.4,57
264,Q002771.55.1,58
265,Q002771.55.2,58
266,Q002771.55.3,58
267,Q002771.55.4,58
268,Q002771.55.5,58
269,Q002771.56.1,59
270,Q002771.56.2,59
271,Q002771.56.3,59
272,Q002771.56.4,59
273,Q002771.56.5,59
274,Q002771.56.6,59
275,Q002771.57.1,60
276,Q002771.57.2,60
277,Q002771.57.3,60
278,Q002771.58.1,61
279,Q002771.58.2,61
280,Q002771.58.3,61
281,Q002771.59.1,62
282,Q002771.59.2,62
283,Q002771.59.3,62
284,Q002771.59.4,62
285,Q002771.59.5,62
286,Q002771.59.6,62
287,Q002771.59.7,62
288,Q002771.60.1,63
289,Q002771.60.2,63
290,Q002771.60.3,63
291,Q002771.60.4,63
292,Q002771.60.5,63
293,Q002771.61.1,64
294,Q002771.61.2,64
295,Q002771.61.3,64
296,Q002771.61.4,64
297,Q002771.61.5,64
298,Q002771.61.6,64
299,Q002771.61.7,64
300,Q002771.62.1,65
301,Q002771.62.2,65
302,Q002771.62.3,65
303,Q002771.62.4,65
304,Q002771.62.5,65
305,Q002771.62.6,65
306,Q002771.62.7,65
307,Q002771.62.8,65
308,Q002771.63.1,66
309,Q002771.63.2,66
310,Q002771.63.3,66
311,Q002771.63.4,66
312,Q002771.63.5,66
313,Q002771.63.6,66
314,Q002771.63.7,66
315,Q002771.63.8,66
316,Q002771.63.9,66
317,Q002771.63.10,66
318,Q002771.64.1,67
319,Q002771.64.2,67
320,Q002771.64.3,67
321,Q002771.64.4,67
322,Q002771.64.5,67
323,Q002771.64.6,67
324,Q002771.64.7,67
325,Q002771.64.8,67
326,Q002771.65.1,68
327,Q002771.65.2,68
328,Q002771.65.3,68
329,Q002771.65.4,68
330,Q002771.65.5,68
331,Q002771.65.6,68
332,Q002771.65.7,68
333,Q002771.66.1,69
334,Q002771.66.2,69
335,Q002771.66.3,69
336,Q002771.66.4,69
337,Q002771.66.5,69
338,Q002771.66.6,69
339,Q002771.66.7,69
340,Q002771.66.8,69
341,Q002771.66.9,69
342,Q002771.67.1,70
343,Q002771.67.2,70
344,Q002771.67.3,70
345,Q002771.67.4,70
346,Q002771.67.5,70
347,Q002771.67.6,70
348,Q002771.68.1,71
349,Q002771.68.2,71
350,Q002771.68.3,71
351,Q002771.68.4,71
352,Q002771.68.5,71
353,Q002771.68.6,71
354,Q002771.68.7,71
355,Q002771.69.1,72
356,Q002771.69.2,72
357,Q002771.69.3,72
358,Q002771.69.4,72
359,Q002771.69.5,72
360,Q002771.69.6,72
361,Q002771.69.7,72
362,Q002771.69.8,72
363,Q002771.69.9,72
364,Q002771.70.1,73
365,Q002771.70.2,73
366,Q002771.70.3,73
367,Q002771.70.4,73
368,Q002771.70.5,73
369,Q002771.70.6,73
370,Q002771.70.7,73
371,Q002771.70.8,73
372,Q002771.70.9,73
373,Q002771.71.1,74
374,Q002771.71.2,74
375,Q002771.71.3,74
376,Q002771.71.4,74
377,Q002771.71.5,74
378,Q002771.71.6,74
379,Q002771.71.7,74
380,Q002771.72.1,75
381,Q002771.72.2,75
382,Q002771.72.3,75
383,Q002771.72.4,75
384,Q002771.72.5,75
385,Q002771.72.6,75
386,Q002771.72.7,75
387,Q002771.72.8,75
388,Q002771.72.9,75
389,Q002771.72.10,75
390,Q002771.73.1,76
391,Q002771.73.2,76
392,Q002771.73.3,76
393,Q002771.73.4,76
394,Q002771.73.5,76
395,Q002771.73.6,76
396,Q002771.73.7,76
397,Q002771.73.8,76
398,Q002771.74,
399,Q002771.75.1,113
400,Q002771.75.2,113
401,Q002771.75.3,113
402,Q002771.75.4,113
403,Q002771.75.5,113
404,Q002771.75.6,113
405,Q002771.75.7,113
406,Q002771.75.8,113
407,Q002771.75.9,113
408,Q002771.75.10,113
409,Q002771.76.1,114
410,Q002771.76.2,114
411,Q002771.76.3,114
412,Q002771.76.4,114
413,Q002771.76.5,114
414,Q002771.76.6,114
415,Q002771.76.7,114
416,Q002771.76.8,114
417,Q002771.76.9,114
418,Q002771.76.10,114
419,Q002771.76.11,114
420,Q002771.77.1,115
421,Q002771.77.2,115
422,Q002771.77.3,115
423,Q002771.77.4,115
424,Q002771.77.5,115
425,Q002771.77.6,115
426,Q002771.78.1,116
427,Q002771.78.2,116
428,Q002771.78.3,116
429,Q002771.78.4,116
430,Q002771.78.5,116
431,Q002771.78.6,116
432,Q002771.79.1,117
433,Q002771.79.2,117
434,Q002771.79.3,117
435,Q002771.79.4,117
436,Q002771.79.5,117
437,Q002771.80.1,118
438,Q002771.80.2,118
439,Q002771.80.3,118
440,Q002771.80.4,118
441,Q002771.81.1,119
442,Q002771.81.2,119
443,Q002771.81.3,119
444,Q002771.81.4,119
445,Q002771.82.1,120
446,Q002771.82.2,120
447,Q002771.82.3,120
448,Q002771.82.4,120
449,Q002771.83.1,121
450,Q002771.83.2,121
451,Q002771.83.3,121
452,Q002771.83.4,121
453,Q002771.83.5,121
454,Q002771.83.6,121
455,Q002771.83.7,121
456,Q002771.84.1,122
457,Q002771.84.2,122
458,Q002771.84.3,122
459,Q002771.84.4,122
460,Q002771.84.5,122
461,Q002771.85.1,123
462,Q002771.85.2,123
463,Q002771.85.3,123
464,Q002771.85.4,123
465,Q002771.85.5,123
466,Q002771.85.6,123
467,Q002771.85.7,123
468,Q002771.86.1,124
469,Q002771.86.2,124
470,Q002771.86.3,124
471,Q002771.86.4,124
472,Q002771.86.5,124
473,Q002771.87.1,125
474,Q002771.87.2,125
475,Q002771.87.3,125
476,Q002771.87.4,125
477,Q002771.87.5,125
478,Q002771.87.6,125
479,Q002771.87.7,125
480,Q002771.88.1,126
481,Q002771.88.2,126
482,Q002771.88.3,126
483,Q002771.88.4,126
484,Q002771.88.5,126
485,Q002771.89.1,127
486,Q002771.89.2,127
487,Q002771.89.3,127
488,Q002771.90.1,128
489,Q002771.90.2,128
490,Q002771.90.3,128
491,Q002771.90.4,128
492,Q002771.90.5,128
493,Q002771.91.1,129
494,Q002771.91.2,129
495,Q002771.91.3,129
496,Q002771.91.4,129
497,Q002771.92.1,130
498,Q002771.92.2,130
499,Q002771.92.3,130
500,Q002771.92.4,130
501,Q002771.92.5,130
502,Q002771.92.6,130
503,Q002771.93.1,131
504,Q002771.93.2,131
505,Q002771.93.3,131
506,Q002771.93.4,131
507,Q002771.93.5,131
508,Q002771.94.1,132
509,Q002771.94.2,132
510,Q002771.94.3,132
511,Q002771.94.4,132
512,Q002771.95.1,133
513,Q002771.95.2,133
514,Q002771.95.3,133
515,Q002771.95.4,133
516,Q002771.95.5,133
517,Q002771.95.6,133
518,Q002771.96.1,134
519,Q002771.96.2,134
520,Q002771.96.3,134
521,Q002771.96.4,134
522,Q002771.96.5,134
523,Q002771.96.6,134
524,Q002771.96.7,134
525,Q002771.96.8,134
526,Q002771.97.1,135
527,Q002771.97.2,135
528,Q002771.97.3,135
529,Q002771.97.4,135
530,Q002771.97.5,135
531,Q002771.97.6,135
532,Q002771.97.7,135
533,Q002771.97.8,135
534,Q002771.98.1,136
535,Q002771.98.2,136
536,Q002771.98.3,136
537,Q002771.98.4,136
538,Q002771.98.5,136
539,Q002771.98.6,136
540,Q002771.98.7,136
541,Q002771.99.1,137
542,Q002771.99.2,137
543,Q002771.99.3,137
544,Q002771.99.4,137
545,Q002771.99.5,137
546,Q002771.100.1,138
547,Q002771.100.2,138
548,Q002771.100.3,138
549,Q002771.100.4,138
550,Q002771.100.5,138
551,Q002771.101.1,139
552,Q002771.101.2,139
553,Q002771.101.3,139
554,Q002771.101.4,139
555,Q002771.101.5,139
556,Q002771.102.1,140
557,Q002771.102.2,140
558,Q002771.102.3,140
559,Q002771.102.4,140
560,Q002771.103.1,141
561,Q002771.103.2,141
562,Q002771.103.3,141
563,Q002771.103.4,141
564,Q002771.104.1,142
565,Q002771.104.2,142
566,Q002771.104.3,142
567,Q002771.104.4,142
568,Q002771.105.1,143
569,Q002771.105.2,143
570,Q002771.105.3,143
571,Q002771.105.4,143
572,Q002771.106.1,144
573,Q002771.106.2,144
574,Q002771.106.3,144
575,Q002771.106.4,144
576,Q002771.106.5,144
577,Q002771.106.6,144
578,Q002771.106.7,144
579,Q002771.107.1,145
580,Q002771.107.2,145
581,Q002771.107.3,145
582,Q002771.107.4,145
583,Q002771.107.5,145
584,Q002771.108.1,146
585,Q002771.108.2,146
586,Q002771.108.3,146
587,Q002771.108.4,146
588,Q002771.109.1,147
589,Q002771.109.2,147
590,Q002771.109.3,147
591,Q002771.109.4,147
592,Q002771.109.5,147
593,Q002771.110.1,148
594,Q002771.110.2,148
595,Q002771.110.3,148
596,Q002771.110.4,148
597,Q002771.110.5,148
598,Q002771.111.1,149
599,Q002771.111.2,149
600,Q002771.111.3,149
601,Q002771.111.4,149
602,Q002771.111.5,149
603,Q002771.111.6,149
604,Q002771.112.1,150
605,Q002771.112.2,150
606,Q002771.112.3,150
607,Q002771.112.4,150
608,Q002771.112.5,150
609,Q002771.112.6,150
610,Q002771.112.7,150
611,Q002771.113.1,151
612,Q002771.113.2,151
613,Q002771.113.3,151
614,Q002771.113.4,151
615,Q002771.113.5,151
616,Q002771.114.1,152
617,Q002771.114.2,152
618,Q002771.114.3,152
619,Q002771.114.4,152
620,Q002771.114.5,152
621,Q002771.115.1,153
622,Q002771.115.2,153
623,Q002771.115.3,153
624,Q002771.115.4,153
625,Q002771.115.5,153
626,Q002771.116.1,154
627,Q002771.116.2,154
628,Q002771.116.3,154
629,Q002771.116.4,154
630,Q002771.117.1,155
631,Q002771.117.2,155
632,Q002771.117.3,155
633,Q002771.117.4,155
634,Q002771.117.5,155
635,Q002771.118.1,156
636,Q002771.118.2,156
637,Q002771.118.3,156
638,Q002771.118.4,156
639,Q002771.118.5,156
640,Q002771.119.1,157
641,Q002771.119.2,157
642,Q002771.119.3,157
643,Q002771.119.4,157
644,Q002771.119.5,157
645,Q002771.119.6,157
646,Q002771.120.1,158
647,Q002771.120.2,158
648,Q002771.120.3,158
649,Q002771.120.4,158
650,Q002771.121.1,159
651,Q002771.121.2,159
652,Q002771.121.3,159
653,Q002771.121.4,159
654,Q002771.121.5,159
655,Q002771.122.1,160
656,Q002771.122.2,160
657,Q002771.122.3,160
658,Q002771.122.4,160
659,Q002771.122.5,160
660,Q002771.122.6,160
661,Q002771.122.7,160
662,Q002771.123.1,161
663,Q002771.123.2,161
664,Q002771.123.3,161
665,Q002771.123.4,161
666,Q002771.123.5,161
667,Q002771.123.6,161
668,Q002771.124.1,162
669,Q002771.124.2,162
670,Q002771.124.3,162
671,Q002771.124.4,162
672,Q002771.124.5,162
673,Q002771.125.1,163
674,Q002771.125.2,163
675,Q002771.125.3,163
676,Q002771.125.4,163
677,Q002771.125.5,163
678,Q002771.125.6,163
679,Q002771.126.1,164
680,Q002771.126.2,164
681,Q002771.126.3,164
682,Q002771.126.4,164
683,Q002771.126.5,164
684,Q002771.127.1,165
685,Q002771.127.2,165
686,Q002771.127.3,165
687,Q002771.127.4,165
688,Q002771.128.1,166
689,Q002771.128.2,166
690,Q002771.128.3,166
691,Q002771.128.4,166
692,Q002771.128.5,166
693,Q002771.128.6,166
694,Q002771.128.7,166
695,Q002771.129.1,167
696,Q002771.129.2,167
697,Q002771.129.3,167
698,Q002771.129.4,167
699,Q002771.129.5,167
700,Q002771.129.6,167
701,Q002771.129.7,167
702,Q002771.130.1,168
703,Q002771.130.2,168
704,Q002771.130.3,168
705,Q002771.130.4,168
706,Q002771.130.5,168
707,Q002771.130.6,168
708,Q002771.131.1,169
709,Q002771.131.2,169
710,Q002771.131.3,169
711,Q002771.131.4,169
712,Q002771.131.5,169
713,Q002771.131.6,169
714,Q002771.131.7,169
715,Q002771.131.8,169
716,Q002771.131.9,169
717,Q002771.132,
718,Q002771.133.1,175
719,Q002771.133.2,175
720,Q002771.133.3,175
721,Q002771.133.4,175
722,Q002771.133.5,175
723,Q002771.133.6,175
724,Q002771.133.7,175
725,Q002771.133.8,175
726,Q002771.133.9,175
727,Q002771.134.1,176
728,Q002771.134.2,176
729,Q002771.134.3,176
730,Q002771.134.4,176
731,Q002771.134.5,176
732,Q002771.134.6,176
733,Q002771.134.7,176
734,Q002771.134.8,176
735,Q002771.135,
736,Q002771.136.1,177
737,Q002771.136.2,177
738,Q002771.136.3,177
739,Q002771.136.4,177
740,Q002771.136.5,177
741,Q002771.136.6,177
742,Q002771.136.7,177
743,Q002771.137.1,178
744,Q002771.137.2,178
745,Q002771.137.3,178
746,Q002771.137.4,178
747,Q002771.137.5,178
748,Q002771.137.6,178
749,Q002771.137.7,178
750,Q002771.137.8,178
751,Q002771.137.9,178
752,Q002771.138.1,179
753,Q002771.138.2,179
754,Q002771.138.3,179
755,Q002771.138.4,179
756,Q002771.138.5,179
757,Q002771.138.6,179
758,Q002771.139.1,180
759,Q002771.139.2,180
760,Q002771.139.3,180
761,Q002771.139.4,180
762,Q002771.139.5,180
763,Q002771.140.1,181
764,Q002771.140.2,181
765,Q002771.140.3,181
766,Q002771.140.4,181
767,Q002771.140.5,181
0,Q002770.1.1,1
1,Q002770.1.2,1
2,Q002770.1.3,1
3,Q002770.1.4,1
4,Q002770.2.1,2
5,Q002770.2.2,2
6,Q002770.2.3,2
7,Q002770.2.4,2
8,Q002770.2.5,2
9,Q002770.2.6,2
10,Q002770.3.1,3
11,Q002770.3.2,3
12,Q002770.3.3,3
13,Q002770.4.1,4
14,Q002770.4.2,4
15,Q002770.4.3,4
16,Q002770.4.4,4
17,Q002770.5.1,5
18,Q002770.5.2,5
19,Q002770.5.3,5
20,Q002770.6.1,6
21,Q002770.6.2,6
22,Q002770.6.3,6
23,Q002770.6.4,6
24,Q002770.6.5,6
25,Q002770.7.1,7
26,Q002770.7.2,7
27,Q002770.7.3,7
28,Q002770.8.1,8
29,Q002770.8.2,8
30,Q002770.8.3,8
31,Q002770.9.1,9
32,Q002770.9.2,9
33,Q002770.9.3,9
34,Q002770.10.1,10
35,Q002770.10.2,10
36,Q002770.10.3,10
37,Q002770.10.4,10
38,Q002770.10.5,10
39,Q002770.11.1,11
40,Q002770.11.2,11
41,Q002770.11.3,11
42,Q002770.12.1,12
43,Q002770.12.2,12
44,Q002770.12.3,12
45,Q002770.12.4,12
46,Q002770.12.5,12
47,Q002770.13.1,13
48,Q002770.13.2,13
49,Q002770.13.3,13
50,Q002770.14.1,14
51,Q002770.14.2,14
52,Q002770.14.3,14
53,Q002770.14.4,14
54,Q002770.14.5,14
55,Q002770.14.6,14
56,Q002770.15.1,15
57,Q002770.15.2,15
58,Q002770.15.3,15
59,Q002770.15.4,15
60,Q002770.16.1,16
61,Q002770.16.2,16
62,Q002770.16.3,16
63,Q002770.16.4,16
64,Q002770.16.5,16
65,Q002770.17.1,17
66,Q002770.17.2,17
67,Q002770.17.3,17
68,Q002770.17.4,17
69,Q002770.18.1,18
70,Q002770.18.2,18
71,Q002770.18.3,18
72,Q002770.18.4,18
73,Q002770.18.5,18
74,Q002770.19.1,19
75,Q002770.19.2,19
76,Q002770.19.3,19
77,Q002770.19.4,19
78,Q002770.19.5,19
79,Q002770.19.6,19
80,Q002770.20.1,20
81,Q002770.20.2,20
82,Q002770.20.3,20
83,Q002770.20.4,20
84,Q002770.21.1,21
85,Q002770.21.2,21
86,Q002770.21.3,21
87,Q002770.21.4,21
88,Q002770.22.1,22
89,Q002770.22.2,22
90,Q002770.22.3,22
91,Q002770.22.4,22
92,Q002770.23.1,23
93,Q002770.23.2,23
94,Q002770.23.3,23
95,Q002770.23.4,23
96,Q002770.23.5,23
97,Q002770.24.1,24
98,Q002770.24.2,24
99,Q002770.24.3,24
100,Q002770.25.1,25
101,Q002770.25.2,25
102,Q002770.25.3,25
103,Q002770.25.4,25
104,Q002770.25.5,25
105,Q002770.26.1,26
106,Q002770.26.2,26
107,Q002770.26.3,26
108,Q002770.26.4,26
109,Q002770.27.1,27
110,Q002770.27.2,27
111,Q002770.27.3,27
112,Q002770.27.4,27
113,Q002770.27.5,27
114,Q002770.27.6,27
115,Q002770.28.1,28
116,Q002770.28.2,28
117,Q002770.28.3,28
118,Q002770.28.4,28
119,Q002770.29.1,29
120,Q002770.29.2,29
121,Q002770.29.3,29
122,Q002770.29.4,29
123,Q002770.30.1,30
124,Q002770.30.2,30
125,Q002770.30.3,30
126,Q002770.30.4,30
127,Q002770.31.1,31
128,Q002770.31.2,31
129,Q002770.31.3,31
130,Q002770.31.4,31
131,Q002770.32.1,32
132,Q002770.32.2,32
133,Q002770.32.3,32
134,Q002770.32.4,32
135,Q002770.33.1,33
136,Q002770.33.2,33
137,Q002770.33.3,33
138,Q002770.33.4,33
139,Q002770.33.5,33
140,Q002770.34.1,34
141,Q002770.34.2,34
142,Q002770.34.3,34
143,Q002770.34.4,34
144,Q002770.35.1,35
145,Q002770.35.2,35
146,Q002770.35.3,35
147,Q002770.35.4,35
148,Q002770.35.5,35
149,Q002770.35.6,35
150,Q002770.35.7,35
151,Q002770.36.1,36
152,Q002770.36.2,36
153,Q002770.36.3,36
154,Q002770.37.1,37
155,Q002770.37.2,37
156,Q002770.37.3,37
157,Q002770.37.4,37
158,Q002770.37.5,37
159,Q002770.37.6,37
160,Q002770.38.1,38
161,Q002770.38.2,38
162,Q002770.38.3,38
163,Q002770.38.4,38
164,Q002770.38.5,38
165,Q002770.39.1,39
166,Q002770.39.2,39
167,Q002770.39.3,39
168,Q002770.39.4,39
169,Q002770.39.5,39
170,Q002770.39.6,39
171,Q002770.40.1,40
172,Q002770.40.2,40
173,Q002770.40.3,40
174,Q002770.40.4,40
175,Q002770.41.1,41
176,Q002770.41.2,41
177,Q002770.41.3,41
178,Q002770.41.4,41
179,Q002770.41.5,41
180,Q002770.41.6,41
181,Q002770.42.1,42
182,Q002770.42.2,42
183,Q002770.42.3,42
184,Q002770.42.4,42
185,Q002770.42.5,42
186,Q002770.42.6,42
187,Q002770.42.7,42
188,Q002770.42.8,42
189,Q002770.43.1,43
190,Q002770.43.2,43
191,Q002770.43.3,43
192,Q002770.43.4,43
193,Q002770.44.1,44
194,Q002770.44.2,44
195,Q002770.44.3,44
196,Q002770.44.4,44
197,Q002770.45.1,45
198,Q002770.45.2,45
199,Q002770.45.3,45
200,Q002770.45.4,45
201,Q002770.46.1,46
202,Q002770.46.2,46
203,Q002770.46.3,46
204,Q002770.46.4,46
205,Q002770.46.5,46
206,Q002770.46.6,46
207,Q002770.47.1,47
208,Q002770.47.2,47
209,Q002770.47.3,47
210,Q002770.47.4,47
211,Q002770.47.5,47
212,Q002770.48.1,48
213,Q002770.48.2,48
214,Q002770.48.3,48
215,Q002770.48.4,48
216,Q002770.49.1,49
217,Q002770.49.2,49
218,Q002770.49.3,49
219,Q002770.49.4,49
220,Q002770.49.5,49
221,Q002770.49.6,49
222,Q002770.50.1,50
223,Q002770.50.2,50
224,Q002770.50.3,50
225,Q002770.50.4,50
226,Q002770.50.5,50
227,Q002770.51.1,51
228,Q002770.51.2,51
229,Q002770.51.3,51
230,Q002770.51.4,51
231,Q002770.51.5,51
232,Q002770.52.1,52
233,Q002770.52.2,52
234,Q002770.52.3,52
235,Q002770.52.4,52
236,Q002770.52.5,52
237,Q002770.53.1,53
238,Q002770.53.2,53
239,Q002770.53.3,53
240,Q002770.53.4,53
241,Q002770.53.5,53
242,Q002770.53.6,53
243,Q002770.53.7,53
244,Q002770.53.8,53
245,Q002770.54.1,54
246,Q002770.54.2,54
247,Q002770.54.3,54
248,Q002770.54.4,54
249,Q002770.55.1,55
250,Q002770.55.2,55
251,Q002770.55.3,55
252,Q002770.55.4,55
253,Q002770.55.5,55
254,Q002770.56.1,56
255,Q002770.56.2,56
256,Q002770.56.3,56
257,Q002770.56.4,56
258,Q002770.56.5,56
259,Q002770.57.1,57
260,Q002770.57.2,57
261,Q002770.57.3,57
262,Q002770.57.4,57
263,Q002770.58.1,58
264,Q002770.58.2,58
265,Q002770.58.3,58
266,Q002770.58.4,58
267,Q002770.58.5,58
268,Q002770.58.6,58
269,Q002770.59.1,59
270,Q002770.59.2,59
271,Q002770.59.3,59
272,Q002770.59.4,59
273,Q002770.60.1,60
274,Q002770.60.2,60
275,Q002770.60.3,60
276,Q002770.60.4,60
277,Q002770.60.5,60
278,Q002770.61.1,61
279,Q002770.61.2,61
280,Q002770.61.3,61
281,Q002770.61.4,61
282,Q002770.61.5,61
283,Q002770.61.6,61
284,Q002770.62.1,62
285,Q002770.62.2,62
286,Q002770.62.3,62
287,Q002770.63.1,63
288,Q002770.63.2,63
289,Q002770.63.3,63
290,Q002770.63.4,63
291,Q002770.63.5,63
292,Q002770.64.1,64
293,Q002770.64.2,64
294,Q002770.64.3,64
295,Q002770.64.4,64
296,Q002770.65.1,65
297,Q002770.65.2,65
298,Q002770.65.3,65
299,Q002770.65.4,65
300,Q002770.65.5,65
301,Q002770.65.6,65
302,Q002770.65.7,65
303,Q002770.65.8,65
304,Q002770.66.1,66
305,Q002770.66.2,66
306,Q002770.66.3,66
307,Q002770.66.4,66
308,Q002770.66.5,66
309,Q002770.67.1,67
310,Q002770.67.2,67
311,Q002770.67.3,67
312,Q002770.67.4,67
313,Q002770.67.5,67
314,Q002770.67.6,67
315,Q002770.67.7,67
316,Q002770.67.8,67
317,Q002770.68.1,68
318,Q002770.68.2,68
319,Q002770.68.3,68
320,Q002770.68.4,68
321,Q002770.69.1,69
322,Q002770.69.2,69
323,Q002770.69.3,69
324,Q002770.69.4,69
325,Q002770.69.5,69
326,Q002770.69.6,69
327,Q002770.69.7,69
328,Q002770.69.8,69
329,Q002770.70.1,70
330,Q002770.70.2,70
331,Q002770.70.3,70
332,Q002770.70.4,70
333,Q002770.71.1,71
334,Q002770.71.2,71
335,Q002770.71.3,71
336,Q002770.71.4,71
337,Q002770.71.5,71
338,Q002770.71.6,71
339,Q002770.71.7,71
340,Q002770.72.1,72
341,Q002770.72.2,72
342,Q002770.72.3,72
343,Q002770.72.4,72
344,Q002770.73.1,73
345,Q002770.73.2,73
346,Q002770.73.3,73
347,Q002770.73.4,73
348,Q002770.74.1,74
349,Q002770.74.2,74
350,Q002770.74.3,74
351,Q002770.74.4,74
352,Q002770.75.1,75
353,Q002770.75.2,75
354,Q002770.75.3,75
355,Q002770.75.4,75
356,Q002770.76.1,76
357,Q002770.76.2,76
358,Q002770.76.3,76
359,Q002770.76.4,76
360,Q002770.77.1,77
361,Q002770.77.2,77
362,Q002770.77.3,77
363,Q002770.77.4,77
364,Q002770.77.5,77
365,Q002770.77.6,77
366,Q002770.78.1,78
367,Q002770.78.2,78
368,Q002770.78.3,78
369,Q002770.79.1,79
370,Q002770.79.2,79
371,Q002770.79.3,79
372,Q002770.79.4,79
373,Q002770.79.5,79
374,Q002770.80.1,80
375,Q002770.80.2,80
376,Q002770.80.3,80
377,Q002770.80.4,80
378,Q002770.81.1,81
379,Q002770.81.2,81
380,Q002770.81.3,81
381,Q002770.81.4,81
382,Q002770.81.5,81
383,Q002770.81.6,81
384,Q002770.81.7,81
385,Q002770.81.8,81
386,Q002770.82.1,82
387,Q002770.82.2,82
388,Q002770.82.3,82
389,Q002770.82.4,82
390,Q002770.82.5,82
391,Q002770.83.1,83
392,Q002770.83.2,83
393,Q002770.83.3,83
394,Q002770.83.4,83
395,Q002770.83.5,83
396,Q002770.83.6,83
397,Q002770.83.7,83
398,Q002770.83.8,83
399,Q002770.84.1,84
400,Q002770.84.2,84
401,Q002770.84.3,84
402,Q002770.84.4,84
403,Q002770.85.1,85
404,Q002770.85.2,85
405,Q002770.85.3,85
406,Q002770.85.4,85
407,Q002770.85.5,85
408,Q002770.85.6,85
409,Q002770.85.7,85
410,Q002770.85.8,85
411,Q002770.86.1,86
412,Q002770.86.2,86
413,Q002770.86.3,86
414,Q002770.86.4,86
415,Q002770.87.1,87
416,Q002770.87.2,87
417,Q002770.87.3,87
418,Q002770.87.4,87
419,Q002770.87.5,87
420,Q002770.87.6,87
421,Q002770.88.1,88
422,Q002770.88.2,88
423,Q002770.88.3,88
424,Q002770.88.4,88
425,Q002770.88.5,88
426,Q002770.88.6,88
427,Q002770.89.1,89
428,Q002770.89.2,89
429,Q002770.89.3,89
430,Q002770.89.4,89
431,Q002770.89.5,89
432,Q002770.90.1,90
433,Q002770.90.2,90
434,Q002770.90.3,90
435,Q002770.90.4,90
436,Q002770.91.1,91
437,Q002770.91.2,91
438,Q002770.91.3,91
439,Q002770.91.4,91
440,Q002770.92.1,92
441,Q002770.92.2,92
442,Q002770.92.3,92
443,Q002770.92.4,92
444,Q002770.92.5,92
445,Q002770.92.6,92
446,Q002770.93.1,93
447,Q002770.93.2,93
448,Q002770.93.3,93
449,Q002770.94.1,94
450,Q002770.94.2,94
451,Q002770.94.3,94
452,Q002770.94.4,94
453,Q002770.94.5,94
454,Q002770.95.1,95
455,Q002770.95.2,95
456,Q002770.95.3,95
457,Q002770.95.4,95
458,Q002770.96.1,96
459,Q002770.96.2,96
460,Q002770.96.3,96
461,Q002770.96.4,96
462,Q002770.96.5,96
463,Q002770.96.6,96
464,Q002770.96.7,96
465,Q002770.96.8,96
466,Q002770.97.1,97
467,Q002770.97.2,97
468,Q002770.97.3,97
469,Q002770.97.4,97
470,Q002770.97.5,97
471,Q002770.98.1,98
472,Q002770.98.2,98
473,Q002770.98.3,98
474,Q002770.98.4,98
475,Q002770.98.5,98
476,Q002770.98.6,98
477,Q002770.98.7,98
478,Q002770.98.8,98
479,Q002770.99.1,99
480,Q002770.99.2,99
481,Q002770.99.3,99
482,Q002770.99.4,99
483,Q002770.100.1,100
484,Q002770.100.2,100
485,Q002770.100.3,100
486,Q002770.100.4,100
487,Q002770.100.5,100
488,Q002770.100.6,100
489,Q002770.100.7,100
490,Q002770.100.8,100
491,Q002770.101.1,101
492,Q002770.101.2,101
493,Q002770.101.3,101
494,Q002770.101.4,101
495,Q002770.102.1,102
496,Q002770.102.2,102
497,Q002770.102.3,102
498,Q002770.102.4,102
499,Q002770.103.1,103
500,Q002770.103.2,103
501,Q002770.103.3,103
502,Q002770.103.4,103
503,Q002770.103.5,103
504,Q002770.103.6,103
505,Q002770.104.1,104
506,Q002770.104.2,104
507,Q002770.104.3,104
508,Q002770.104.4,104
509,Q002770.104.5,104
510,Q002770.105.1,105
511,Q002770.105.2,105
512,Q002770.105.3,105
513,Q002770.105.4,105
514,Q002770.105.5,105
515,Q002770.106.1,106
516,Q002770.106.2,106
517,Q002770.106.3,106
518,Q002770.106.4,106
519,Q002770.106.5,106
520,Q002770.106.6,106
521,Q002770.107.1,107
522,Q002770.107.2,107
523,Q002770.107.3,107
524,Q002770.107.4,107
525,Q002770.107.5,107
526,Q002770.108.1,108
527,Q002770.108.2,108
528,Q002770.108.3,108
529,Q002770.108.4,108
530,Q002770.108.5,108
531,Q002770.109.1,109
532,Q002770.109.2,109
533,Q002770.109.3,109
534,Q002770.109.4,109
535,Q002770.109.5,109
536,Q002770.110.1,110
537,Q002770.110.2,110
538,Q002770.110.3,110
539,Q002770.110.4,110
540,Q002770.110.5,110
541,Q002770.110.6,110
542,Q002770.111.1,111
543,Q002770.111.2,111
544,Q002770.111.3,111
545,Q002770.111.4,111
546,Q002770.111.5,111
547,Q002770.111.6,111
548,Q002770.111.7,111
549,Q002770.112.1,112
550,Q002770.112.2,112
551,Q002770.112.3,112
552,Q002770.112.4,112
553,Q002770.112.5,112
554,Q002770.113.1,113
555,Q002770.113.2,113
556,Q002770.113.3,113
557,Q002770.113.4,113
558,Q002770.114.1,114
559,Q002770.114.2,114
560,Q002770.114.3,114
561,Q002770.114.4,114
562,Q002770.114.5,114
563,Q002770.115.1,115
564,Q002770.115.2,115
565,Q002770.115.3,115
566,Q002770.115.4,115
567,Q002770.115.5,115
568,Q002770.115.6,115
569,Q002770.116.1,116
570,Q002770.116.2,116
571,Q002770.116.3,116
572,Q002770.116.4,116
573,Q002770.117.1,117
574,Q002770.117.2,117
575,Q002770.117.3,117
576,Q002770.117.4,117
577,Q002770.118.1,118
578,Q002770.118.2,118
579,Q002770.118.3,118
580,Q002770.118.4,118
581,Q002770.119.1,119
582,Q002770.119.2,119
583,Q002770.119.3,119
584,Q002770.119.4,119
585,Q002770.119.5,119
586,Q002770.120.1,120
587,Q002770.120.2,120
588,Q002770.120.3,120
589,Q002770.121.1,121
590,Q002770.121.2,121
591,Q002770.121.3,121
592,Q002770.121.4,121
593,Q002770.121.5,121
594,Q002770.122.1,122
595,Q002770.122.2,122
596,Q002770.122.3,122
597,Q002770.122.4,122
598,Q002770.123.1,123
599,Q002770.123.2,123
600,Q002770.123.3,123
601,Q002770.123.4,123
602,Q002770.123.5,123
603,Q002770.123.6,123
604,Q002770.123.7,123
605,Q002770.124.1,124
606,Q002770.124.2,124
607,Q002770.124.3,124
608,Q002770.124.4,124
609,Q002770.125.1,125
610,Q002770.125.2,125
611,Q002770.125.3,125
612,Q002770.125.4,125
613,Q002770.125.5,125
614,Q002770.126.1,126
615,Q002770.126.2,126
616,Q002770.126.3,126
617,Q002770.126.4,126
618,Q002770.126.5,126
619,Q002770.126.6,126
620,Q002770.127.1,127
621,Q002770.127.2,127
622,Q002770.127.3,127
623,Q002770.127.4,127
624,Q002770.127.5,127
625,Q002770.128.1,128
626,Q002770.128.2,128
627,Q002770.128.3,128
628,Q002770.128.4,128
629,Q002770.128.5,128
630,Q002770.128.6,128
631,Q002770.129.1,129
632,Q002770.129.2,129
633,Q002770.129.3,129
634,Q002770.129.4,129
635,Q002770.129.5,129
636,Q002770.130.1,130
637,Q002770.130.2,130
638,Q002770.130.3,130
639,Q002770.130.4,130
640,Q002770.130.5,130
641,Q002770.130.6,130
642,Q002770.131.1,131
643,Q002770.131.2,131
644,Q002770.131.3,131
645,Q002770.131.4,131
646,Q002770.131.5,131
647,Q002770.132.1,132
648,Q002770.132.2,132
649,Q002770.132.3,132
650,Q002770.132.4,132
651,Q002770.132.5,132
652,Q002770.132.6,132
653,Q002770.133.1,133
654,Q002770.133.2,133
655,Q002770.133.3,133
656,Q002770.133.4,133
657,Q002770.133.5,133
658,Q002770.133.6,133
659,Q002770.133.7,133
660,Q002770.134.1,134
661,Q002770.134.2,134
662,Q002770.134.3,134
663,Q002770.134.4,134
664,Q002770.134.5,134
665,Q002770.135.1,135
666,Q002770.135.2,135
667,Q002770.135.3,135
668,Q002770.135.4,135
669,Q002770.136.1,136
670,Q002770.136.2,136
671,Q002770.136.3,136
672,Q002770.136.4,136
673,Q002770.136.5,136
674,Q002770.137.1,137
675,Q002770.137.2,137
676,Q002770.137.3,137
677,Q002770.137.4,137
678,Q002770.137.5,137
679,Q002770.137.6,137
680,Q002770.138.1,138
681,Q002770.138.2,138
682,Q002770.138.3,138
683,Q002770.138.4,138
684,Q002770.139.1,139
685,Q002770.139.2,139
686,Q002770.139.3,139
687,Q002770.139.4,139
688,Q002770.140.1,140
689,Q002770.140.2,140
690,Q002770.140.3,140
691,Q002770.140.4,140
692,Q002770.141.1,141
693,Q002770.141.2,141
694,Q002770.141.3,141
695,Q002770.141.4,141
696,Q002770.141.5,141
697,Q002770.142.1,142
698,Q002770.142.2,142
699,Q002770.142.3,142
700,Q002770.143.1,143
701,Q002770.143.2,143
702,Q002770.143.3,143
703,Q002770.143.4,143
704,Q002770.143.5,143
705,Q002770.144.1,144
706,Q002770.144.2,144
707,Q002770.144.3,144
708,Q002770.144.4,144
709,Q002770.145.1,145
710,Q002770.145.2,145
711,Q002770.145.3,145
712,Q002770.145.4,145
713,Q002770.145.5,145
714,Q002770.145.6,145
715,Q002770.145.7,145
716,Q002770.146.1,146
717,Q002770.146.2,146
718,Q002770.146.3,146
719,Q002770.146.4,146
720,Q002770.146.5,146
721,Q002770.147.1,147
722,Q002770.147.2,147
723,Q002770.147.3,147
724,Q002770.147.4,147
725,Q002770.148.1,148
726,Q002770.148.2,148
727,Q002770.148.3,148
728,Q002770.148.4,148
729,Q002770.149.1,149
730,Q002770.149.2,149
731,Q002770.149.3,149
732,Q002770.149.4,149
733,Q002770.150.1,150
734,Q002770.150.2,150
735,Q002770.150.3,150
736,Q002770.150.4,150
737,Q002770.151.1,151
738,Q002770.151.2,151
739,Q002770.151.3,151
740,Q002770.152.1,152
741,Q002770.152.2,152
742,Q002770.153.1,153
743,Q002770.153.2,153
744,Q002770.153.3,153
745,Q002770.153.4,153
746,Q002770.154.1,154
747,Q002770.154.2,154
748,Q002770.154.3,154
749,Q002770.154.4,154
750,Q002770.154.5,154
751,Q002770.155.1,155
752,Q002770.155.2,155
753,Q002770.155.3,155
754,Q002770.155.4,155
