{
  "type": "metadata",
  "project": "saao/saa18",
  "source": "http://oracc.org/saao/saa18",
  "license": "This data is released under the CC0 license",
  "license-url": "https://creativecommons.org/publicdomain/zero/1.0/",
  "more-info": "http://oracc.org/doc/opendata/",
  "UTC-timestamp": "2023-03-20T10:28:06",
  "config": {
    "pathname": "saao/saa18",
    "name": "The Babylonian Correspondence of Esarhaddon and Letters to Assurbanipal and Sin-šarru-iškun from Northern and Central Babylonia",
    "abbrev": "SAAo/SAA18",
    "project-type": "corpus",
    "blurb": "The text editions from the book F. S. Reynolds, The Babylonian Correspondence of Esarhaddon and Letters to Assurbanipal and Sin-šarru-iškun from Northern and Central Babylonia (State Archives of Assyria, 18), 2003. The book is not currently available from Eisenbrauns.",
    "public": "yes",
    "options": {
      "views-cuneify": "true",
      "catf-ok": "yes",
      "views-TEI": "true",
      "l2": "yes",
      "g2": "yes",
      "%akk-x-neoass": ". saao/saa14 saao/saa06 atae/ctn6",
      "%akk-x-neobab": ". saao",
      "%akk-x-stdbab": ". saao",
      "build-approved-policy": "atf",
      "build-precompute-html": "0",
      "catalog-build-policy": "custom",
      "catalog-pleiades": "yes",
      "cbd-mode": "dynamic",
      "cbd-periods": "no",
      "outline-default-select": "false",
      "outline-default-sort-fields": "volume,ch_num_name",
      "outline-default-heading-template": "1, 2",
      "outline-default-catalog-fields": "designation,title,ancient_author,ancient_recipient,date",
      "outline-default-catalog-widths": "10,35,20,20,15",
      "outline-special-select": "false",
      "render-rulings": "char",
      "render-accents": "yes",
      "render-heth": "yes",
      "render-allographs": "drop",
      "render-labels": "saa-style"
    }
  },
  "formats": {
    "atf": [
      "P236868",
      "P236871",
      "P236908",
      "P236909",
      "P236911",
      "P236912",
      "P236914",
      "P236962",
      "P236983",
      "P236985",
      "P237026",
      "P237046",
      "P237077",
      "P237109",
      "P237177",
      "P237183",
      "P237193",
      "P237196",
      "P237197",
      "P237205",
      "P237241",
      "P237245",
      "P237250",
      "P237253",
      "P237256",
      "P237257",
      "P237258",
      "P237260",
      "P237263",
      "P237266",
      "P237268",
      "P237271",
      "P237272",
      "P237282",
      "P237324",
      "P237325",
      "P237327",
      "P237328",
      "P237332",
      "P237333",
      "P237334",
      "P237368",
      "P237390",
      "P237391",
      "P237401",
      "P237414",
      "P237415",
      "P237421",
      "P237429",
      "P237430",
      "P237436",
      "P237451",
      "P237452",
      "P237528",
      "P237546",
      "P237552",
      "P237560",
      "P237562",
      "P237581",
      "P237645",
      "P237652",
      "P237657",
      "P237658",
      "P237664",
      "P237671",
      "P237679",
      "P237681",
      "P237682",
      "P237685",
      "P237687",
      "P237692",
      "P237705",
      "P237735",
      "P237748",
      "P237765",
      "P237776",
      "P237777",
      "P237800",
      "P237812",
      "P237816",
      "P237817",
      "P237818",
      "P237820",
      "P237821",
      "P237824",
      "P237828",
      "P237831",
      "P237837",
      "P237838",
      "P237839",
      "P237840",
      "P237844",
      "P237845",
      "P237932",
      "P237947",
      "P237965",
      "P237970",
      "P237972",
      "P237977",
      "P237979",
      "P237980",
      "P237982",
      "P237988",
      "P237992",
      "P237997",
      "P237999",
      "P238000",
      "P238001",
      "P238005",
      "P238010",
      "P238012",
      "P238016",
      "P238053",
      "P238075",
      "P238077",
      "P238105",
      "P238110",
      "P238129",
      "P238131",
      "P238135",
      "P238201",
      "P238248",
      "P238335",
      "P238343",
      "P238351",
      "P238353",
      "P238380",
      "P238418",
      "P238421",
      "P238425",
      "P238447",
      "P238450",
      "P238452",
      "P238460",
      "P238461",
      "P238478",
      "P238479",
      "P238489",
      "P238491",
      "P238496",
      "P238498",
      "P238499",
      "P238506",
      "P238514",
      "P238527",
      "P238535",
      "P238646",
      "P238652",
      "P238655",
      "P238657",
      "P238661",
      "P238666",
      "P238668",
      "P238676",
      "P238727",
      "P238753",
      "P238758",
      "P238858",
      "P238937",
      "P239045",
      "P239167",
      "P239176",
      "P239186",
      "P239188",
      "P239219",
      "P239248",
      "P239258",
      "P239284",
      "P239287",
      "P239291",
      "P239293",
      "P239303",
      "P239313",
      "P239328",
      "P239344",
      "P239347",
      "P239357",
      "P239359",
      "P239386",
      "P239402",
      "P239447",
      "P239450",
      "P239452",
      "P239455",
      "P239462",
      "P239799",
      "P239872",
      "P239969",
      "P240130",
      "P240132",
      "P240245",
      "P240254",
      "P240292",
      "P240331",
      "P240349",
      "P240376",
      "P240381",
      "P240408",
      "P240444",
      "P240445",
      "P334274",
      "P336157",
      "P336788",
      "X180026",
      "X238658"
    ],
    "lem": [
      "P236868",
      "P236871",
      "P236908",
      "P236909",
      "P236911",
      "P236912",
      "P236914",
      "P236962",
      "P236983",
      "P236985",
      "P237026",
      "P237046",
      "P237077",
      "P237109",
      "P237177",
      "P237183",
      "P237193",
      "P237196",
      "P237197",
      "P237205",
      "P237241",
      "P237245",
      "P237250",
      "P237253",
      "P237256",
      "P237257",
      "P237258",
      "P237260",
      "P237263",
      "P237266",
      "P237268",
      "P237271",
      "P237272",
      "P237282",
      "P237324",
      "P237325",
      "P237327",
      "P237328",
      "P237332",
      "P237333",
      "P237334",
      "P237368",
      "P237390",
      "P237391",
      "P237401",
      "P237414",
      "P237415",
      "P237421",
      "P237429",
      "P237430",
      "P237436",
      "P237451",
      "P237452",
      "P237528",
      "P237546",
      "P237552",
      "P237560",
      "P237562",
      "P237581",
      "P237645",
      "P237652",
      "P237657",
      "P237658",
      "P237664",
      "P237671",
      "P237679",
      "P237681",
      "P237682",
      "P237685",
      "P237687",
      "P237692",
      "P237705",
      "P237735",
      "P237748",
      "P237765",
      "P237776",
      "P237777",
      "P237800",
      "P237812",
      "P237816",
      "P237817",
      "P237818",
      "P237820",
      "P237821",
      "P237824",
      "P237828",
      "P237831",
      "P237837",
      "P237838",
      "P237839",
      "P237840",
      "P237844",
      "P237845",
      "P237932",
      "P237947",
      "P237965",
      "P237970",
      "P237972",
      "P237977",
      "P237979",
      "P237980",
      "P237982",
      "P237988",
      "P237992",
      "P237997",
      "P237999",
      "P238000",
      "P238001",
      "P238005",
      "P238010",
      "P238012",
      "P238016",
      "P238053",
      "P238075",
      "P238077",
      "P238105",
      "P238110",
      "P238129",
      "P238131",
      "P238135",
      "P238201",
      "P238248",
      "P238335",
      "P238343",
      "P238351",
      "P238353",
      "P238380",
      "P238418",
      "P238421",
      "P238425",
      "P238447",
      "P238450",
      "P238452",
      "P238460",
      "P238461",
      "P238478",
      "P238479",
      "P238489",
      "P238491",
      "P238496",
      "P238498",
      "P238499",
      "P238506",
      "P238514",
      "P238527",
      "P238535",
      "P238646",
      "P238652",
      "P238655",
      "P238657",
      "P238661",
      "P238666",
      "P238668",
      "P238676",
      "P238727",
      "P238753",
      "P238758",
      "P238858",
      "P238937",
      "P239045",
      "P239167",
      "P239176",
      "P239186",
      "P239188",
      "P239219",
      "P239248",
      "P239258",
      "P239284",
      "P239287",
      "P239291",
      "P239293",
      "P239303",
      "P239313",
      "P239328",
      "P239344",
      "P239347",
      "P239357",
      "P239359",
      "P239386",
      "P239402",
      "P239447",
      "P239450",
      "P239452",
      "P239455",
      "P239462",
      "P239799",
      "P239872",
      "P239969",
      "P240130",
      "P240132",
      "P240245",
      "P240254",
      "P240292",
      "P240331",
      "P240349",
      "P240376",
      "P240381",
      "P240408",
      "P240444",
      "P240445",
      "P334274",
      "P336157",
      "P336788"
    ],
    "tr-en": [
      "P236868",
      "P236871",
      "P236908",
      "P236909",
      "P236911",
      "P236912",
      "P236914",
      "P236962",
      "P236983",
      "P236985",
      "P237026",
      "P237046",
      "P237077",
      "P237109",
      "P237177",
      "P237183",
      "P237193",
      "P237196",
      "P237197",
      "P237205",
      "P237241",
      "P237245",
      "P237250",
      "P237253",
      "P237256",
      "P237257",
      "P237258",
      "P237260",
      "P237263",
      "P237266",
      "P237268",
      "P237271",
      "P237272",
      "P237282",
      "P237324",
      "P237325",
      "P237327",
      "P237328",
      "P237332",
      "P237333",
      "P237334",
      "P237368",
      "P237390",
      "P237391",
      "P237401",
      "P237414",
      "P237415",
      "P237421",
      "P237429",
      "P237430",
      "P237436",
      "P237451",
      "P237452",
      "P237528",
      "P237546",
      "P237552",
      "P237560",
      "P237562",
      "P237581",
      "P237645",
      "P237652",
      "P237657",
      "P237658",
      "P237664",
      "P237671",
      "P237679",
      "P237681",
      "P237682",
      "P237685",
      "P237687",
      "P237692",
      "P237705",
      "P237735",
      "P237748",
      "P237765",
      "P237776",
      "P237777",
      "P237800",
      "P237812",
      "P237816",
      "P237817",
      "P237818",
      "P237820",
      "P237821",
      "P237824",
      "P237828",
      "P237831",
      "P237837",
      "P237838",
      "P237839",
      "P237840",
      "P237844",
      "P237845",
      "P237932",
      "P237947",
      "P237965",
      "P237970",
      "P237972",
      "P237977",
      "P237979",
      "P237980",
      "P237982",
      "P237988",
      "P237992",
      "P237997",
      "P237999",
      "P238000",
      "P238001",
      "P238005",
      "P238010",
      "P238012",
      "P238016",
      "P238053",
      "P238075",
      "P238077",
      "P238105",
      "P238110",
      "P238129",
      "P238131",
      "P238135",
      "P238201",
      "P238248",
      "P238335",
      "P238343",
      "P238351",
      "P238353",
      "P238380",
      "P238418",
      "P238421",
      "P238425",
      "P238447",
      "P238450",
      "P238452",
      "P238460",
      "P238461",
      "P238478",
      "P238479",
      "P238489",
      "P238491",
      "P238496",
      "P238498",
      "P238499",
      "P238506",
      "P238514",
      "P238527",
      "P238535",
      "P238646",
      "P238652",
      "P238655",
      "P238657",
      "P238661",
      "P238666",
      "P238668",
      "P238676",
      "P238727",
      "P238753",
      "P238758",
      "P238858",
      "P238937",
      "P239045",
      "P239167",
      "P239176",
      "P239186",
      "P239188",
      "P239219",
      "P239248",
      "P239258",
      "P239284",
      "P239287",
      "P239291",
      "P239293",
      "P239303",
      "P239313",
      "P239328",
      "P239344",
      "P239347",
      "P239357",
      "P239359",
      "P239386",
      "P239402",
      "P239447",
      "P239450",
      "P239452",
      "P239455",
      "P239462",
      "P239799",
      "P239872",
      "P239969",
      "P240130",
      "P240132",
      "P240245",
      "P240254",
      "P240292",
      "P240331",
      "P240349",
      "P240376",
      "P240381",
      "P240408",
      "P240444",
      "P240445",
      "P334274",
      "P336157",
      "P336788"
    ],
    "xtf": [
      "P236868",
      "P236871",
      "P236908",
      "P236909",
      "P236911",
      "P236912",
      "P236914",
      "P236962",
      "P236983",
      "P236985",
      "P237026",
      "P237046",
      "P237077",
      "P237109",
      "P237177",
      "P237183",
      "P237193",
      "P237196",
      "P237197",
      "P237205",
      "P237241",
      "P237245",
      "P237250",
      "P237253",
      "P237256",
      "P237257",
      "P237258",
      "P237260",
      "P237263",
      "P237266",
      "P237268",
      "P237271",
      "P237272",
      "P237282",
      "P237324",
      "P237325",
      "P237327",
      "P237328",
      "P237332",
      "P237333",
      "P237334",
      "P237368",
      "P237390",
      "P237391",
      "P237401",
      "P237414",
      "P237415",
      "P237421",
      "P237429",
      "P237430",
      "P237436",
      "P237451",
      "P237452",
      "P237528",
      "P237546",
      "P237552",
      "P237560",
      "P237562",
      "P237581",
      "P237645",
      "P237652",
      "P237657",
      "P237658",
      "P237664",
      "P237671",
      "P237679",
      "P237681",
      "P237682",
      "P237685",
      "P237687",
      "P237692",
      "P237705",
      "P237735",
      "P237748",
      "P237765",
      "P237776",
      "P237777",
      "P237800",
      "P237812",
      "P237816",
      "P237817",
      "P237818",
      "P237820",
      "P237821",
      "P237824",
      "P237828",
      "P237831",
      "P237837",
      "P237838",
      "P237839",
      "P237840",
      "P237844",
      "P237845",
      "P237932",
      "P237947",
      "P237965",
      "P237970",
      "P237972",
      "P237977",
      "P237979",
      "P237980",
      "P237982",
      "P237988",
      "P237992",
      "P237997",
      "P237999",
      "P238000",
      "P238001",
      "P238005",
      "P238010",
      "P238012",
      "P238016",
      "P238053",
      "P238075",
      "P238077",
      "P238105",
      "P238110",
      "P238129",
      "P238131",
      "P238135",
      "P238201",
      "P238248",
      "P238335",
      "P238343",
      "P238351",
      "P238353",
      "P238380",
      "P238418",
      "P238421",
      "P238425",
      "P238447",
      "P238450",
      "P238452",
      "P238460",
      "P238461",
      "P238478",
      "P238479",
      "P238489",
      "P238491",
      "P238496",
      "P238498",
      "P238499",
      "P238506",
      "P238514",
      "P238527",
      "P238535",
      "P238646",
      "P238652",
      "P238655",
      "P238657",
      "P238661",
      "P238666",
      "P238668",
      "P238676",
      "P238727",
      "P238753",
      "P238758",
      "P238858",
      "P238937",
      "P239045",
      "P239167",
      "P239176",
      "P239186",
      "P239188",
      "P239219",
      "P239248",
      "P239258",
      "P239284",
      "P239287",
      "P239291",
      "P239293",
      "P239303",
      "P239313",
      "P239328",
      "P239344",
      "P239347",
      "P239357",
      "P239359",
      "P239386",
      "P239402",
      "P239447",
      "P239450",
      "P239452",
      "P239455",
      "P239462",
      "P239799",
      "P239872",
      "P239969",
      "P240130",
      "P240132",
      "P240245",
      "P240254",
      "P240292",
      "P240331",
      "P240349",
      "P240376",
      "P240381",
      "P240408",
      "P240444",
      "P240445",
      "P334274",
      "P336157",
      "P336788",
      "X180026",
      "X238658"
    ]
  }
}
