{
  "type": "metadata",
  "project": "saao/saa15",
  "source": "http://oracc.org/saao/saa15",
  "license": "This data is released under the CC0 license",
  "license-url": "https://creativecommons.org/publicdomain/zero/1.0/",
  "more-info": "http://oracc.org/doc/opendata/",
  "UTC-timestamp": "2023-03-20T10:15:27",
  "config": {
    "pathname": "saao/saa15",
    "name": "The Correspondence of Sargon II, Part III: Letters from Babylonia and the Eastern Provinces",
    "abbrev": "SAAo/SAA15",
    "project-type": "corpus",
    "blurb": "The text editions from the book A. Fuchs and S. Parpola, The Correspondence of Sargon II, Part III: Letters from Babylonia and the Eastern Provinces (State Archives of Assyria, 15), 2001. The book is not currently available from Eisenbrauns. ",
    "public": "yes",
    "options": {
      "views-cuneify": "true",
      "catf-ok": "yes",
      "views-TEI": "true",
      "l2": "yes",
      "g2": "yes",
      "%akk-x-neoass": ". saao/saa14 saao/saa06 atae/ctn6",
      "%akk-x-neobab": ". saao",
      "%akk-x-stdbab": ". saao",
      "build-approved-policy": "atf",
      "build-precompute-html": "0",
      "catalog-build-policy": "custom",
      "catalog-pleiades": "yes",
      "cbd-mode": "dynamic",
      "cbd-periods": "no",
      "outline-default-select": "false",
      "outline-default-sort-fields": "volume,ch_num_name",
      "outline-default-heading-template": "1, 2",
      "outline-default-catalog-fields": "designation,title,ancient_author,ancient_recipient,date",
      "outline-default-catalog-widths": "10,35,20,20,15",
      "outline-special-select": "false",
      "render-rulings": "char",
      "render-accents": "yes",
      "render-heth": "yes",
      "render-allographs": "drop",
      "render-labels": "saa-style"
    }
  },
  "formats": {
    "atf": [
      "P224449",
      "P237089",
      "P238649",
      "P313420",
      "P313421",
      "P313434",
      "P313442",
      "P313444",
      "P313454",
      "P313470",
      "P313476",
      "P313477",
      "P313479",
      "P313481",
      "P313482",
      "P313483",
      "P313486",
      "P313492",
      "P313496",
      "P313498",
      "P313501",
      "P313504",
      "P313506",
      "P313507",
      "P313508",
      "P313515",
      "P313517",
      "P313518",
      "P313560",
      "P313573",
      "P313576",
      "P313581",
      "P313586",
      "P313594",
      "P313595",
      "P313596",
      "P313601",
      "P313610",
      "P313613",
      "P313617",
      "P313618",
      "P313620",
      "P313622",
      "P313624",
      "P313632",
      "P313635",
      "P313637",
      "P313639",
      "P313643",
      "P313646",
      "P313647",
      "P313652",
      "P313653",
      "P313654",
      "P313657",
      "P313659",
      "P313666",
      "P313667",
      "P313673",
      "P313675",
      "P313680",
      "P313692",
      "P313700",
      "P313701",
      "P313702",
      "P313706",
      "P313710",
      "P313714",
      "P313716",
      "P313718",
      "P313721",
      "P313723",
      "P313725",
      "P313728",
      "P313729",
      "P313730",
      "P313733",
      "P313735",
      "P313737",
      "P313740",
      "P313747",
      "P313753",
      "P313754",
      "P313756",
      "P313757",
      "P313766",
      "P313769",
      "P313770",
      "P313772",
      "P313773",
      "P313774",
      "P313776",
      "P313777",
      "P313778",
      "P313781",
      "P313782",
      "P313783",
      "P313785",
      "P313788",
      "P313796",
      "P313798",
      "P313802",
      "P313806",
      "P313809",
      "P313810",
      "P313814",
      "P313821",
      "P313823",
      "P313829",
      "P313835",
      "P313844",
      "P313848",
      "P313849",
      "P313852",
      "P313856",
      "P313859",
      "P313860",
      "P313863",
      "P313866",
      "P313870",
      "P313872",
      "P313877",
      "P313880",
      "P313884",
      "P313887",
      "P313889",
      "P313892",
      "P313894",
      "P313895",
      "P313902",
      "P313903",
      "P313910",
      "P313911",
      "P313912",
      "P313916",
      "P313917",
      "P313920",
      "P313924",
      "P313931",
      "P313934",
      "P313937",
      "P313939",
      "P313942",
      "P313946",
      "P313949",
      "P313952",
      "P313955",
      "P313958",
      "P313961",
      "P313966",
      "P313969",
      "P313973",
      "P313976",
      "P313978",
      "P313980",
      "P313983",
      "P313984",
      "P313986",
      "P313988",
      "P313989",
      "P313992",
      "P314000",
      "P314004",
      "P314008",
      "P314011",
      "P314014",
      "P314016",
      "P314018",
      "P314019",
      "P314023",
      "P314036",
      "P314039",
      "P314042",
      "P314044",
      "P314046",
      "P314052",
      "P314061",
      "P314071",
      "P314073",
      "P314077",
      "P314079",
      "P314084",
      "P314086",
      "P314095",
      "P314096",
      "P314097",
      "P314100",
      "P314111",
      "P314116",
      "P314117",
      "P314120",
      "P314121",
      "P314126",
      "P314127",
      "P314128",
      "P314129",
      "P314135",
      "P314137",
      "P314143",
      "P314149",
      "P314151",
      "P314153",
      "P314155",
      "P314166",
      "P314167",
      "P314171",
      "P314175",
      "P314177",
      "P314180",
      "P314188",
      "P314195",
      "P314196",
      "P314200",
      "P314212",
      "P314214",
      "P314215",
      "P314218",
      "P314230",
      "P314231",
      "P314234",
      "P314241",
      "P314242",
      "P314244",
      "P314246",
      "P314251",
      "P314253",
      "P314254",
      "P314266",
      "P314274",
      "P314276",
      "P314278",
      "P314280",
      "P314286",
      "P314288",
      "P314289",
      "P314290",
      "P314292",
      "P314293",
      "P314295",
      "P314296",
      "P314298",
      "P314301",
      "P314302",
      "P314304",
      "P314311",
      "P314312",
      "P314313",
      "P314320",
      "P314326",
      "P314328",
      "P314329",
      "P314336",
      "P314343",
      "P314384",
      "P334020",
      "P334074",
      "P334075",
      "P334076",
      "P334077",
      "P334097",
      "P334099",
      "P334103",
      "P334104",
      "P334105",
      "P334106",
      "P334107",
      "P334108",
      "P334109",
      "P334110",
      "P334111",
      "P334114",
      "P334115",
      "P334116",
      "P334117",
      "P334119",
      "P334155",
      "P334163",
      "P334167",
      "P334168",
      "P334169",
      "P334177",
      "P334178",
      "P334201",
      "P334202",
      "P334203",
      "P334204",
      "P334206",
      "P334258",
      "P334264",
      "P334302",
      "P334307",
      "P334316",
      "P334343",
      "P334344",
      "P334345",
      "P334346",
      "P334360",
      "P334367",
      "P334375",
      "P334377",
      "P334381",
      "P334386",
      "P334400",
      "P334411",
      "P334413",
      "P334415",
      "P334421",
      "P334441",
      "P334446",
      "P334483",
      "P334500",
      "P334501",
      "P334502",
      "P334504",
      "P334505",
      "P334507",
      "P334536",
      "P334537",
      "P334539",
      "P334540",
      "P334546",
      "P334561",
      "P334562",
      "P334563",
      "P334565",
      "P334583",
      "P334596",
      "P334606",
      "P334609",
      "P334622",
      "P334635",
      "P334648",
      "P334661",
      "P334668",
      "P334671",
      "P334673",
      "P334680",
      "P334683",
      "P334692",
      "P334695",
      "P334696",
      "P334697",
      "P334703",
      "P334704",
      "P334708",
      "P334710",
      "P334711",
      "P334716",
      "P334724",
      "P334726",
      "P334731",
      "P334771",
      "P334778",
      "P334779",
      "P334780",
      "P334781",
      "P334795",
      "P334805",
      "P334806",
      "P334822",
      "P334824",
      "P334835",
      "P334837",
      "P334841",
      "P334846",
      "P334847",
      "P334857",
      "P334858",
      "P334859",
      "P334861",
      "P334890",
      "P334905",
      "P334907",
      "P334909",
      "P334916",
      "P334917",
      "P334920",
      "P335930",
      "P336768",
      "P336769",
      "P336770",
      "P336771",
      "P336772",
      "P336773",
      "P336774",
      "P336775",
      "P336776",
      "P428978",
      "X150289",
      "X150335"
    ],
    "lem": [
      "P224449",
      "P237089",
      "P238649",
      "P313420",
      "P313421",
      "P313434",
      "P313442",
      "P313444",
      "P313454",
      "P313470",
      "P313476",
      "P313477",
      "P313479",
      "P313481",
      "P313482",
      "P313483",
      "P313486",
      "P313492",
      "P313496",
      "P313498",
      "P313501",
      "P313504",
      "P313506",
      "P313507",
      "P313508",
      "P313515",
      "P313517",
      "P313518",
      "P313560",
      "P313573",
      "P313576",
      "P313581",
      "P313586",
      "P313594",
      "P313595",
      "P313596",
      "P313601",
      "P313610",
      "P313613",
      "P313617",
      "P313618",
      "P313620",
      "P313622",
      "P313624",
      "P313632",
      "P313635",
      "P313637",
      "P313639",
      "P313643",
      "P313646",
      "P313647",
      "P313652",
      "P313653",
      "P313654",
      "P313657",
      "P313659",
      "P313666",
      "P313667",
      "P313673",
      "P313675",
      "P313680",
      "P313692",
      "P313700",
      "P313701",
      "P313702",
      "P313706",
      "P313710",
      "P313714",
      "P313716",
      "P313718",
      "P313721",
      "P313723",
      "P313725",
      "P313728",
      "P313729",
      "P313730",
      "P313733",
      "P313735",
      "P313737",
      "P313740",
      "P313747",
      "P313753",
      "P313754",
      "P313756",
      "P313757",
      "P313766",
      "P313769",
      "P313770",
      "P313772",
      "P313773",
      "P313774",
      "P313776",
      "P313777",
      "P313778",
      "P313781",
      "P313782",
      "P313783",
      "P313785",
      "P313788",
      "P313796",
      "P313798",
      "P313802",
      "P313806",
      "P313809",
      "P313810",
      "P313814",
      "P313821",
      "P313823",
      "P313829",
      "P313835",
      "P313844",
      "P313848",
      "P313849",
      "P313852",
      "P313856",
      "P313859",
      "P313860",
      "P313863",
      "P313866",
      "P313870",
      "P313872",
      "P313877",
      "P313880",
      "P313884",
      "P313887",
      "P313889",
      "P313892",
      "P313894",
      "P313895",
      "P313902",
      "P313903",
      "P313910",
      "P313911",
      "P313912",
      "P313916",
      "P313917",
      "P313920",
      "P313924",
      "P313931",
      "P313934",
      "P313937",
      "P313939",
      "P313942",
      "P313946",
      "P313949",
      "P313952",
      "P313955",
      "P313958",
      "P313961",
      "P313966",
      "P313969",
      "P313973",
      "P313976",
      "P313978",
      "P313980",
      "P313983",
      "P313984",
      "P313986",
      "P313988",
      "P313989",
      "P313992",
      "P314000",
      "P314004",
      "P314008",
      "P314011",
      "P314014",
      "P314016",
      "P314018",
      "P314019",
      "P314023",
      "P314036",
      "P314039",
      "P314042",
      "P314044",
      "P314046",
      "P314052",
      "P314061",
      "P314071",
      "P314073",
      "P314077",
      "P314079",
      "P314084",
      "P314086",
      "P314095",
      "P314096",
      "P314097",
      "P314100",
      "P314111",
      "P314116",
      "P314117",
      "P314120",
      "P314121",
      "P314126",
      "P314127",
      "P314128",
      "P314129",
      "P314135",
      "P314137",
      "P314143",
      "P314149",
      "P314151",
      "P314153",
      "P314155",
      "P314166",
      "P314167",
      "P314171",
      "P314175",
      "P314177",
      "P314180",
      "P314188",
      "P314195",
      "P314196",
      "P314200",
      "P314212",
      "P314214",
      "P314215",
      "P314218",
      "P314230",
      "P314231",
      "P314234",
      "P314241",
      "P314242",
      "P314244",
      "P314246",
      "P314251",
      "P314253",
      "P314254",
      "P314266",
      "P314274",
      "P314276",
      "P314278",
      "P314280",
      "P314286",
      "P314288",
      "P314289",
      "P314290",
      "P314292",
      "P314293",
      "P314295",
      "P314296",
      "P314298",
      "P314301",
      "P314302",
      "P314304",
      "P314311",
      "P314312",
      "P314313",
      "P314320",
      "P314326",
      "P314328",
      "P314329",
      "P314336",
      "P314343",
      "P314384",
      "P334020",
      "P334074",
      "P334075",
      "P334076",
      "P334077",
      "P334097",
      "P334099",
      "P334103",
      "P334104",
      "P334105",
      "P334106",
      "P334107",
      "P334108",
      "P334109",
      "P334110",
      "P334111",
      "P334114",
      "P334115",
      "P334116",
      "P334117",
      "P334119",
      "P334155",
      "P334163",
      "P334167",
      "P334168",
      "P334169",
      "P334177",
      "P334178",
      "P334201",
      "P334202",
      "P334203",
      "P334204",
      "P334206",
      "P334258",
      "P334264",
      "P334302",
      "P334307",
      "P334316",
      "P334343",
      "P334344",
      "P334345",
      "P334346",
      "P334360",
      "P334367",
      "P334375",
      "P334377",
      "P334381",
      "P334386",
      "P334400",
      "P334411",
      "P334413",
      "P334415",
      "P334421",
      "P334441",
      "P334446",
      "P334483",
      "P334500",
      "P334501",
      "P334502",
      "P334504",
      "P334505",
      "P334507",
      "P334536",
      "P334537",
      "P334539",
      "P334540",
      "P334546",
      "P334561",
      "P334562",
      "P334563",
      "P334565",
      "P334583",
      "P334596",
      "P334606",
      "P334609",
      "P334622",
      "P334635",
      "P334648",
      "P334661",
      "P334668",
      "P334671",
      "P334673",
      "P334680",
      "P334683",
      "P334692",
      "P334695",
      "P334696",
      "P334697",
      "P334703",
      "P334704",
      "P334708",
      "P334710",
      "P334711",
      "P334716",
      "P334724",
      "P334726",
      "P334731",
      "P334771",
      "P334778",
      "P334779",
      "P334780",
      "P334781",
      "P334795",
      "P334805",
      "P334806",
      "P334822",
      "P334824",
      "P334835",
      "P334837",
      "P334841",
      "P334846",
      "P334847",
      "P334857",
      "P334858",
      "P334859",
      "P334861",
      "P334890",
      "P334905",
      "P334907",
      "P334909",
      "P334916",
      "P334917",
      "P334920",
      "P335930",
      "P336768",
      "P336769",
      "P336770",
      "P336771",
      "P336772",
      "P336773",
      "P336774",
      "P336775",
      "P336776",
      "P428978",
      "X150289"
    ],
    "tr-en": [
      "P224449",
      "P237089",
      "P238649",
      "P313420",
      "P313421",
      "P313434",
      "P313442",
      "P313444",
      "P313454",
      "P313470",
      "P313476",
      "P313477",
      "P313479",
      "P313481",
      "P313482",
      "P313483",
      "P313486",
      "P313492",
      "P313496",
      "P313498",
      "P313501",
      "P313504",
      "P313506",
      "P313507",
      "P313508",
      "P313515",
      "P313517",
      "P313518",
      "P313560",
      "P313573",
      "P313576",
      "P313581",
      "P313586",
      "P313594",
      "P313595",
      "P313596",
      "P313601",
      "P313610",
      "P313613",
      "P313617",
      "P313618",
      "P313620",
      "P313622",
      "P313624",
      "P313632",
      "P313635",
      "P313637",
      "P313639",
      "P313643",
      "P313646",
      "P313647",
      "P313652",
      "P313653",
      "P313654",
      "P313657",
      "P313659",
      "P313666",
      "P313667",
      "P313673",
      "P313675",
      "P313680",
      "P313692",
      "P313700",
      "P313701",
      "P313702",
      "P313706",
      "P313710",
      "P313714",
      "P313716",
      "P313718",
      "P313721",
      "P313723",
      "P313725",
      "P313728",
      "P313729",
      "P313730",
      "P313733",
      "P313735",
      "P313737",
      "P313740",
      "P313747",
      "P313753",
      "P313754",
      "P313756",
      "P313757",
      "P313766",
      "P313769",
      "P313770",
      "P313772",
      "P313773",
      "P313774",
      "P313776",
      "P313777",
      "P313778",
      "P313781",
      "P313782",
      "P313783",
      "P313785",
      "P313788",
      "P313796",
      "P313798",
      "P313802",
      "P313806",
      "P313809",
      "P313810",
      "P313814",
      "P313821",
      "P313823",
      "P313829",
      "P313835",
      "P313844",
      "P313848",
      "P313849",
      "P313852",
      "P313856",
      "P313859",
      "P313860",
      "P313863",
      "P313866",
      "P313870",
      "P313872",
      "P313877",
      "P313880",
      "P313884",
      "P313887",
      "P313889",
      "P313892",
      "P313894",
      "P313895",
      "P313902",
      "P313903",
      "P313910",
      "P313911",
      "P313912",
      "P313916",
      "P313917",
      "P313920",
      "P313924",
      "P313931",
      "P313934",
      "P313937",
      "P313939",
      "P313942",
      "P313946",
      "P313949",
      "P313952",
      "P313955",
      "P313958",
      "P313961",
      "P313966",
      "P313969",
      "P313973",
      "P313976",
      "P313978",
      "P313980",
      "P313983",
      "P313984",
      "P313986",
      "P313988",
      "P313989",
      "P313992",
      "P314000",
      "P314004",
      "P314008",
      "P314011",
      "P314014",
      "P314016",
      "P314018",
      "P314019",
      "P314023",
      "P314036",
      "P314039",
      "P314042",
      "P314044",
      "P314046",
      "P314052",
      "P314061",
      "P314071",
      "P314073",
      "P314077",
      "P314079",
      "P314084",
      "P314086",
      "P314095",
      "P314096",
      "P314097",
      "P314100",
      "P314111",
      "P314116",
      "P314117",
      "P314120",
      "P314121",
      "P314126",
      "P314127",
      "P314128",
      "P314129",
      "P314135",
      "P314137",
      "P314143",
      "P314149",
      "P314151",
      "P314153",
      "P314155",
      "P314166",
      "P314167",
      "P314171",
      "P314175",
      "P314177",
      "P314180",
      "P314188",
      "P314195",
      "P314196",
      "P314200",
      "P314212",
      "P314214",
      "P314215",
      "P314218",
      "P314230",
      "P314231",
      "P314234",
      "P314241",
      "P314242",
      "P314244",
      "P314246",
      "P314251",
      "P314253",
      "P314254",
      "P314266",
      "P314274",
      "P314276",
      "P314278",
      "P314280",
      "P314286",
      "P314288",
      "P314289",
      "P314290",
      "P314292",
      "P314293",
      "P314295",
      "P314296",
      "P314298",
      "P314301",
      "P314302",
      "P314304",
      "P314311",
      "P314312",
      "P314313",
      "P314320",
      "P314326",
      "P314328",
      "P314329",
      "P314336",
      "P314343",
      "P314384",
      "P334020",
      "P334074",
      "P334075",
      "P334076",
      "P334077",
      "P334097",
      "P334099",
      "P334103",
      "P334104",
      "P334105",
      "P334106",
      "P334107",
      "P334108",
      "P334109",
      "P334110",
      "P334111",
      "P334114",
      "P334115",
      "P334116",
      "P334117",
      "P334119",
      "P334155",
      "P334163",
      "P334167",
      "P334168",
      "P334169",
      "P334177",
      "P334178",
      "P334201",
      "P334202",
      "P334203",
      "P334204",
      "P334206",
      "P334258",
      "P334264",
      "P334302",
      "P334307",
      "P334316",
      "P334343",
      "P334344",
      "P334345",
      "P334346",
      "P334360",
      "P334367",
      "P334375",
      "P334377",
      "P334381",
      "P334386",
      "P334400",
      "P334411",
      "P334413",
      "P334415",
      "P334421",
      "P334441",
      "P334446",
      "P334483",
      "P334500",
      "P334501",
      "P334502",
      "P334504",
      "P334505",
      "P334507",
      "P334536",
      "P334537",
      "P334539",
      "P334540",
      "P334546",
      "P334561",
      "P334562",
      "P334563",
      "P334565",
      "P334583",
      "P334596",
      "P334606",
      "P334609",
      "P334622",
      "P334635",
      "P334648",
      "P334661",
      "P334668",
      "P334671",
      "P334673",
      "P334680",
      "P334683",
      "P334692",
      "P334695",
      "P334696",
      "P334697",
      "P334703",
      "P334704",
      "P334708",
      "P334710",
      "P334711",
      "P334716",
      "P334724",
      "P334726",
      "P334731",
      "P334771",
      "P334778",
      "P334779",
      "P334780",
      "P334781",
      "P334795",
      "P334805",
      "P334806",
      "P334822",
      "P334824",
      "P334835",
      "P334837",
      "P334841",
      "P334846",
      "P334847",
      "P334857",
      "P334858",
      "P334859",
      "P334861",
      "P334890",
      "P334905",
      "P334907",
      "P334909",
      "P334916",
      "P334917",
      "P334920",
      "P335930",
      "P336768",
      "P336769",
      "P336770",
      "P336771",
      "P336772",
      "P336773",
      "P336774",
      "P336775",
      "P336776",
      "P428978",
      "X150289"
    ],
    "xtf": [
      "P224449",
      "P237089",
      "P238649",
      "P313420",
      "P313421",
      "P313434",
      "P313442",
      "P313444",
      "P313454",
      "P313470",
      "P313476",
      "P313477",
      "P313479",
      "P313481",
      "P313482",
      "P313483",
      "P313486",
      "P313492",
      "P313496",
      "P313498",
      "P313501",
      "P313504",
      "P313506",
      "P313507",
      "P313508",
      "P313515",
      "P313517",
      "P313518",
      "P313560",
      "P313573",
      "P313576",
      "P313581",
      "P313586",
      "P313594",
      "P313595",
      "P313596",
      "P313601",
      "P313610",
      "P313613",
      "P313617",
      "P313618",
      "P313620",
      "P313622",
      "P313624",
      "P313632",
      "P313635",
      "P313637",
      "P313639",
      "P313643",
      "P313646",
      "P313647",
      "P313652",
      "P313653",
      "P313654",
      "P313657",
      "P313659",
      "P313666",
      "P313667",
      "P313673",
      "P313675",
      "P313680",
      "P313692",
      "P313700",
      "P313701",
      "P313702",
      "P313706",
      "P313710",
      "P313714",
      "P313716",
      "P313718",
      "P313721",
      "P313723",
      "P313725",
      "P313728",
      "P313729",
      "P313730",
      "P313733",
      "P313735",
      "P313737",
      "P313740",
      "P313747",
      "P313753",
      "P313754",
      "P313756",
      "P313757",
      "P313766",
      "P313769",
      "P313770",
      "P313772",
      "P313773",
      "P313774",
      "P313776",
      "P313777",
      "P313778",
      "P313781",
      "P313782",
      "P313783",
      "P313785",
      "P313788",
      "P313796",
      "P313798",
      "P313802",
      "P313806",
      "P313809",
      "P313810",
      "P313814",
      "P313821",
      "P313823",
      "P313829",
      "P313835",
      "P313844",
      "P313848",
      "P313849",
      "P313852",
      "P313856",
      "P313859",
      "P313860",
      "P313863",
      "P313866",
      "P313870",
      "P313872",
      "P313877",
      "P313880",
      "P313884",
      "P313887",
      "P313889",
      "P313892",
      "P313894",
      "P313895",
      "P313902",
      "P313903",
      "P313910",
      "P313911",
      "P313912",
      "P313916",
      "P313917",
      "P313920",
      "P313924",
      "P313931",
      "P313934",
      "P313937",
      "P313939",
      "P313942",
      "P313946",
      "P313949",
      "P313952",
      "P313955",
      "P313958",
      "P313961",
      "P313966",
      "P313969",
      "P313973",
      "P313976",
      "P313978",
      "P313980",
      "P313983",
      "P313984",
      "P313986",
      "P313988",
      "P313989",
      "P313992",
      "P314000",
      "P314004",
      "P314008",
      "P314011",
      "P314014",
      "P314016",
      "P314018",
      "P314019",
      "P314023",
      "P314036",
      "P314039",
      "P314042",
      "P314044",
      "P314046",
      "P314052",
      "P314061",
      "P314071",
      "P314073",
      "P314077",
      "P314079",
      "P314084",
      "P314086",
      "P314095",
      "P314096",
      "P314097",
      "P314100",
      "P314111",
      "P314116",
      "P314117",
      "P314120",
      "P314121",
      "P314126",
      "P314127",
      "P314128",
      "P314129",
      "P314135",
      "P314137",
      "P314143",
      "P314149",
      "P314151",
      "P314153",
      "P314155",
      "P314166",
      "P314167",
      "P314171",
      "P314175",
      "P314177",
      "P314180",
      "P314188",
      "P314195",
      "P314196",
      "P314200",
      "P314212",
      "P314214",
      "P314215",
      "P314218",
      "P314230",
      "P314231",
      "P314234",
      "P314241",
      "P314242",
      "P314244",
      "P314246",
      "P314251",
      "P314253",
      "P314254",
      "P314266",
      "P314274",
      "P314276",
      "P314278",
      "P314280",
      "P314286",
      "P314288",
      "P314289",
      "P314290",
      "P314292",
      "P314293",
      "P314295",
      "P314296",
      "P314298",
      "P314301",
      "P314302",
      "P314304",
      "P314311",
      "P314312",
      "P314313",
      "P314320",
      "P314326",
      "P314328",
      "P314329",
      "P314336",
      "P314343",
      "P314384",
      "P334020",
      "P334074",
      "P334075",
      "P334076",
      "P334077",
      "P334097",
      "P334099",
      "P334103",
      "P334104",
      "P334105",
      "P334106",
      "P334107",
      "P334108",
      "P334109",
      "P334110",
      "P334111",
      "P334114",
      "P334115",
      "P334116",
      "P334117",
      "P334119",
      "P334155",
      "P334163",
      "P334167",
      "P334168",
      "P334169",
      "P334177",
      "P334178",
      "P334201",
      "P334202",
      "P334203",
      "P334204",
      "P334206",
      "P334258",
      "P334264",
      "P334302",
      "P334307",
      "P334316",
      "P334343",
      "P334344",
      "P334345",
      "P334346",
      "P334360",
      "P334367",
      "P334375",
      "P334377",
      "P334381",
      "P334386",
      "P334400",
      "P334411",
      "P334413",
      "P334415",
      "P334421",
      "P334441",
      "P334446",
      "P334483",
      "P334500",
      "P334501",
      "P334502",
      "P334504",
      "P334505",
      "P334507",
      "P334536",
      "P334537",
      "P334539",
      "P334540",
      "P334546",
      "P334561",
      "P334562",
      "P334563",
      "P334565",
      "P334583",
      "P334596",
      "P334606",
      "P334609",
      "P334622",
      "P334635",
      "P334648",
      "P334661",
      "P334668",
      "P334671",
      "P334673",
      "P334680",
      "P334683",
      "P334692",
      "P334695",
      "P334696",
      "P334697",
      "P334703",
      "P334704",
      "P334708",
      "P334710",
      "P334711",
      "P334716",
      "P334724",
      "P334726",
      "P334731",
      "P334771",
      "P334778",
      "P334779",
      "P334780",
      "P334781",
      "P334795",
      "P334805",
      "P334806",
      "P334822",
      "P334824",
      "P334835",
      "P334837",
      "P334841",
      "P334846",
      "P334847",
      "P334857",
      "P334858",
      "P334859",
      "P334861",
      "P334890",
      "P334905",
      "P334907",
      "P334909",
      "P334916",
      "P334917",
      "P334920",
      "P335930",
      "P336768",
      "P336769",
      "P336770",
      "P336771",
      "P336772",
      "P336773",
      "P336774",
      "P336775",
      "P336776",
      "P428978",
      "X150289",
      "X150335"
    ]
  }
}
