{
  "type": "corpus",
  "project": "rinap/rinap4",
  "source": "http://oracc.org/rinap/rinap4",
  "license": "This data is released under the CC0 license",
  "license-url": "https://creativecommons.org/publicdomain/zero/1.0/",
  "more-info": "http://oracc.org/doc/opendata/",
  "UTC-timestamp": "2023-04-05T15:25:08",
  "members": {
    "Q003230": "corpusjson/Q003230.json",
    "Q003231": "corpusjson/Q003231.json",
    "Q003232": "corpusjson/Q003232.json",
    "Q003233": "corpusjson/Q003233.json",
    "Q003234": "corpusjson/Q003234.json",
    "Q003235": "corpusjson/Q003235.json",
    "Q003236": "corpusjson/Q003236.json",
    "Q003237": "corpusjson/Q003237.json",
    "Q003238": "corpusjson/Q003238.json",
    "Q003239": "corpusjson/Q003239.json",
    "Q003240": "corpusjson/Q003240.json",
    "Q003241": "corpusjson/Q003241.json",
    "Q003242": "corpusjson/Q003242.json",
    "Q003243": "corpusjson/Q003243.json",
    "Q003244": "corpusjson/Q003244.json",
    "Q003245": "corpusjson/Q003245.json",
    "Q003246": "corpusjson/Q003246.json",
    "Q003247": "corpusjson/Q003247.json",
    "Q003248": "corpusjson/Q003248.json",
    "Q003249": "corpusjson/Q003249.json",
    "Q003250": "corpusjson/Q003250.json",
    "Q003251": "corpusjson/Q003251.json",
    "Q003252": "corpusjson/Q003252.json",
    "Q003253": "corpusjson/Q003253.json",
    "Q003254": "corpusjson/Q003254.json",
    "Q003255": "corpusjson/Q003255.json",
    "Q003256": "corpusjson/Q003256.json",
    "Q003257": "corpusjson/Q003257.json",
    "Q003258": "corpusjson/Q003258.json",
    "Q003259": "corpusjson/Q003259.json",
    "Q003260": "corpusjson/Q003260.json",
    "Q003261": "corpusjson/Q003261.json",
    "Q003262": "corpusjson/Q003262.json",
    "Q003263": "corpusjson/Q003263.json",
    "Q003264": "corpusjson/Q003264.json",
    "Q003265": "corpusjson/Q003265.json",
    "Q003266": "corpusjson/Q003266.json",
    "Q003267": "corpusjson/Q003267.json",
    "Q003268": "corpusjson/Q003268.json",
    "Q003269": "corpusjson/Q003269.json",
    "Q003270": "corpusjson/Q003270.json",
    "Q003271": "corpusjson/Q003271.json",
    "Q003272": "corpusjson/Q003272.json",
    "Q003273": "corpusjson/Q003273.json",
    "Q003274": "corpusjson/Q003274.json",
    "Q003275": "corpusjson/Q003275.json",
    "Q003276": "corpusjson/Q003276.json",
    "Q003277": "corpusjson/Q003277.json",
    "Q003278": "corpusjson/Q003278.json",
    "Q003279": "corpusjson/Q003279.json",
    "Q003280": "corpusjson/Q003280.json",
    "Q003281": "corpusjson/Q003281.json",
    "Q003282": "corpusjson/Q003282.json",
    "Q003283": "corpusjson/Q003283.json",
    "Q003284": "corpusjson/Q003284.json",
    "Q003285": "corpusjson/Q003285.json",
    "Q003286": "corpusjson/Q003286.json",
    "Q003287": "corpusjson/Q003287.json",
    "Q003288": "corpusjson/Q003288.json",
    "Q003289": "corpusjson/Q003289.json",
    "Q003290": "corpusjson/Q003290.json",
    "Q003291": "corpusjson/Q003291.json",
    "Q003292": "corpusjson/Q003292.json",
    "Q003293": "corpusjson/Q003293.json",
    "Q003294": "corpusjson/Q003294.json",
    "Q003295": "corpusjson/Q003295.json",
    "Q003296": "corpusjson/Q003296.json",
    "Q003297": "corpusjson/Q003297.json",
    "Q003298": "corpusjson/Q003298.json",
    "Q003299": "corpusjson/Q003299.json",
    "Q003300": "corpusjson/Q003300.json",
    "Q003301": "corpusjson/Q003301.json",
    "Q003302": "corpusjson/Q003302.json",
    "Q003303": "corpusjson/Q003303.json",
    "Q003304": "corpusjson/Q003304.json",
    "Q003305": "corpusjson/Q003305.json",
    "Q003306": "corpusjson/Q003306.json",
    "Q003307": "corpusjson/Q003307.json",
    "Q003308": "corpusjson/Q003308.json",
    "Q003309": "corpusjson/Q003309.json",
    "Q003310": "corpusjson/Q003310.json",
    "Q003311": "corpusjson/Q003311.json",
    "Q003312": "corpusjson/Q003312.json",
    "Q003313": "corpusjson/Q003313.json",
    "Q003314": "corpusjson/Q003314.json",
    "Q003315": "corpusjson/Q003315.json",
    "Q003316": "corpusjson/Q003316.json",
    "Q003317": "corpusjson/Q003317.json",
    "Q003318": "corpusjson/Q003318.json",
    "Q003319": "corpusjson/Q003319.json",
    "Q003320": "corpusjson/Q003320.json",
    "Q003321": "corpusjson/Q003321.json",
    "Q003322": "corpusjson/Q003322.json",
    "Q003323": "corpusjson/Q003323.json",
    "Q003324": "corpusjson/Q003324.json",
    "Q003325": "corpusjson/Q003325.json",
    "Q003326": "corpusjson/Q003326.json",
    "Q003327": "corpusjson/Q003327.json",
    "Q003328": "corpusjson/Q003328.json",
    "Q003329": "corpusjson/Q003329.json",
    "Q003330": "corpusjson/Q003330.json",
    "Q003331": "corpusjson/Q003331.json",
    "Q003332": "corpusjson/Q003332.json",
    "Q003333": "corpusjson/Q003333.json",
    "Q003334": "corpusjson/Q003334.json",
    "Q003335": "corpusjson/Q003335.json",
    "Q003336": "corpusjson/Q003336.json",
    "Q003337": "corpusjson/Q003337.json",
    "Q003338": "corpusjson/Q003338.json",
    "Q003339": "corpusjson/Q003339.json",
    "Q003340": "corpusjson/Q003340.json",
    "Q003341": "corpusjson/Q003341.json",
    "Q003342": "corpusjson/Q003342.json",
    "Q003343": "corpusjson/Q003343.json",
    "Q003344": "corpusjson/Q003344.json",
    "Q003345": "corpusjson/Q003345.json",
    "Q003346": "corpusjson/Q003346.json",
    "Q003347": "corpusjson/Q003347.json",
    "Q003348": "corpusjson/Q003348.json",
    "Q003349": "corpusjson/Q003349.json",
    "Q003350": "corpusjson/Q003350.json",
    "Q003351": "corpusjson/Q003351.json",
    "Q003352": "corpusjson/Q003352.json",
    "Q003353": "corpusjson/Q003353.json",
    "Q003354": "corpusjson/Q003354.json",
    "Q003355": "corpusjson/Q003355.json",
    "Q003356": "corpusjson/Q003356.json",
    "Q003357": "corpusjson/Q003357.json",
    "Q003358": "corpusjson/Q003358.json",
    "Q003359": "corpusjson/Q003359.json",
    "Q003360": "corpusjson/Q003360.json",
    "Q003361": "corpusjson/Q003361.json",
    "Q003362": "corpusjson/Q003362.json",
    "Q003363": "corpusjson/Q003363.json",
    "Q003364": "corpusjson/Q003364.json",
    "Q003365": "corpusjson/Q003365.json",
    "Q003366": "corpusjson/Q003366.json",
    "Q003367": "corpusjson/Q003367.json",
    "Q003368": "corpusjson/Q003368.json",
    "Q003369": "corpusjson/Q003369.json",
    "Q003370": "corpusjson/Q003370.json",
    "Q003371": "corpusjson/Q003371.json",
    "Q003372": "corpusjson/Q003372.json",
    "Q003373": "corpusjson/Q003373.json",
    "Q003374": "corpusjson/Q003374.json",
    "Q003375": "corpusjson/Q003375.json",
    "Q003376": "corpusjson/Q003376.json",
    "Q003377": "corpusjson/Q003377.json",
    "Q003378": "corpusjson/Q003378.json",
    "Q003379": "corpusjson/Q003379.json",
    "Q003380": "corpusjson/Q003380.json",
    "Q003381": "corpusjson/Q003381.json",
    "Q003382": "corpusjson/Q003382.json",
    "Q003383": "corpusjson/Q003383.json",
    "Q003384": "corpusjson/Q003384.json",
    "Q003385": "corpusjson/Q003385.json",
    "Q003386": "corpusjson/Q003386.json",
    "Q003387": "corpusjson/Q003387.json",
    "Q003388": "corpusjson/Q003388.json",
    "Q003389": "corpusjson/Q003389.json",
    "Q003390": "corpusjson/Q003390.json",
    "Q003391": "corpusjson/Q003391.json",
    "Q003392": "corpusjson/Q003392.json",
    "Q003393": "corpusjson/Q003393.json",
    "Q003394": "corpusjson/Q003394.json",
    "Q003395": "corpusjson/Q003395.json",
    "Q003396": "corpusjson/Q003396.json",
    "Q003397": "corpusjson/Q003397.json",
    "Q003398": "corpusjson/Q003398.json",
    "Q003399": "corpusjson/Q003399.json",
    "Q003400": "corpusjson/Q003400.json",
    "Q003401": "corpusjson/Q003401.json",
    "Q003402": "corpusjson/Q003402.json",
    "Q003403": "corpusjson/Q003403.json",
    "Q003404": "corpusjson/Q003404.json",
    "Q003405": "corpusjson/Q003405.json",
    "Q003406": "corpusjson/Q003406.json",
    "Q003407": "corpusjson/Q003407.json",
    "Q003408": "corpusjson/Q003408.json",
    "Q003409": "corpusjson/Q003409.json",
    "Q003410": "corpusjson/Q003410.json",
    "Q003411": "corpusjson/Q003411.json",
    "Q003412": "corpusjson/Q003412.json"
  }
}
