{
  "type": "metadata",
  "project": "rinap/rinap4",
  "source": "http://oracc.org/rinap/rinap4",
  "license": "This data is released under the CC0 license",
  "license-url": "https://creativecommons.org/publicdomain/zero/1.0/",
  "more-info": "http://oracc.org/doc/opendata/",
  "UTC-timestamp": "2023-04-05T15:25:55",
  "config": {
    "pathname": "rinap/rinap4",
    "name": "Esarhaddon",
    "abbrev": "RINAP 4",
    "project-type": "corpus",
    "blurb": "The official inscriptions of Esarhaddon, king of Assyria (680-669 BC), edited by Erle Leichty. <a href=\"https://www.eisenbrauns.org/books/titles/978-1-57506-209-9.html\">Buy the book</a> from Eisenbrauns.",
    "public": "yes",
    "options": {
      "views-TEI": "true",
      "catf-ok": "yes",
      "l2": "yes",
      "catalog-build-policy": "local",
      "catalog-pleiades": "yes",
      "cbd-mode": "mixed",
      "build-approved-policy": "atf",
      "build-outlined-policy": "atf",
      "outline-default-sort-fields": "ruler",
      "views-cuneify": "true",
      "views-buy-book": "http://oracc.museum.upenn.edu/rinap/publications/index.html",
      "outline-default-catalog-fields": "designation,popular_name,provenience,object_type",
      "outline-default-catalog-widths": "35,35,15,15",
      "%akk": ".",
      "outline-default-select": "false",
      "outline-special-select": "false",
      "render-accents": "yes",
      "render-heth": "yes",
      "render-inter-det-char": "",
      "render-lnum-char": ")",
      "render-tlat-style": {
        "parentvalue": "rinap",
        "opener": "",
        "closer": ") ",
        "separator": "–"
      },
      "render-left-align-nonx": "yes"
    },
    "labels": {
      "obverse": "Obv.",
      "reverse": "Rev.",
      "left": "Left edge",
      "column": "Col.",
      "o": "Obv.",
      "o?": "Obv.?",
      "r": "Rev.",
      "r?": "Rev.?",
      "l.e.": "Left edge",
      "r.e.": "Right edge",
      "b.e.": "Bottom edge",
      "e.": "Edge"
    }
  },
  "formats": {
    "atf": [
      "Q003230",
      "Q003231",
      "Q003232",
      "Q003233",
      "Q003234",
      "Q003235",
      "Q003236",
      "Q003237",
      "Q003238",
      "Q003239",
      "Q003240",
      "Q003241",
      "Q003242",
      "Q003243",
      "Q003244",
      "Q003245",
      "Q003246",
      "Q003247",
      "Q003248",
      "Q003249",
      "Q003250",
      "Q003251",
      "Q003252",
      "Q003253",
      "Q003254",
      "Q003255",
      "Q003256",
      "Q003257",
      "Q003258",
      "Q003259",
      "Q003260",
      "Q003261",
      "Q003262",
      "Q003263",
      "Q003264",
      "Q003265",
      "Q003266",
      "Q003267",
      "Q003268",
      "Q003269",
      "Q003270",
      "Q003271",
      "Q003272",
      "Q003273",
      "Q003274",
      "Q003275",
      "Q003276",
      "Q003277",
      "Q003278",
      "Q003279",
      "Q003280",
      "Q003281",
      "Q003282",
      "Q003283",
      "Q003284",
      "Q003285",
      "Q003286",
      "Q003287",
      "Q003288",
      "Q003289",
      "Q003290",
      "Q003291",
      "Q003292",
      "Q003293",
      "Q003294",
      "Q003295",
      "Q003296",
      "Q003297",
      "Q003298",
      "Q003299",
      "Q003300",
      "Q003301",
      "Q003302",
      "Q003303",
      "Q003304",
      "Q003305",
      "Q003306",
      "Q003307",
      "Q003308",
      "Q003309",
      "Q003310",
      "Q003311",
      "Q003312",
      "Q003313",
      "Q003314",
      "Q003315",
      "Q003316",
      "Q003317",
      "Q003318",
      "Q003319",
      "Q003320",
      "Q003321",
      "Q003322",
      "Q003323",
      "Q003324",
      "Q003325",
      "Q003326",
      "Q003327",
      "Q003328",
      "Q003329",
      "Q003330",
      "Q003331",
      "Q003332",
      "Q003333",
      "Q003334",
      "Q003335",
      "Q003336",
      "Q003337",
      "Q003338",
      "Q003339",
      "Q003340",
      "Q003341",
      "Q003342",
      "Q003343",
      "Q003344",
      "Q003345",
      "Q003346",
      "Q003347",
      "Q003348",
      "Q003349",
      "Q003350",
      "Q003351",
      "Q003352",
      "Q003353",
      "Q003354",
      "Q003355",
      "Q003356",
      "Q003357",
      "Q003358",
      "Q003359",
      "Q003360",
      "Q003361",
      "Q003362",
      "Q003363",
      "Q003364",
      "Q003365",
      "Q003366",
      "Q003367",
      "Q003368",
      "Q003369",
      "Q003370",
      "Q003371",
      "Q003372",
      "Q003373",
      "Q003374",
      "Q003375",
      "Q003376",
      "Q003377",
      "Q003378",
      "Q003379",
      "Q003380",
      "Q003381",
      "Q003382",
      "Q003383",
      "Q003384",
      "Q003385",
      "Q003386",
      "Q003387",
      "Q003388",
      "Q003389",
      "Q003390",
      "Q003391",
      "Q003392",
      "Q003393",
      "Q003394",
      "Q003395",
      "Q003396",
      "Q003397",
      "Q003398",
      "Q003399",
      "Q003400",
      "Q003401",
      "Q003402",
      "Q003403",
      "Q003404",
      "Q003405",
      "Q003406",
      "Q003407",
      "Q003408",
      "Q003409",
      "Q003410",
      "Q003411",
      "Q003412"
    ],
    "lem": [
      "Q003230",
      "Q003231",
      "Q003232",
      "Q003233",
      "Q003234",
      "Q003235",
      "Q003236",
      "Q003237",
      "Q003238",
      "Q003239",
      "Q003240",
      "Q003241",
      "Q003242",
      "Q003243",
      "Q003244",
      "Q003245",
      "Q003246",
      "Q003247",
      "Q003248",
      "Q003249",
      "Q003250",
      "Q003251",
      "Q003252",
      "Q003253",
      "Q003254",
      "Q003255",
      "Q003256",
      "Q003257",
      "Q003258",
      "Q003259",
      "Q003260",
      "Q003261",
      "Q003262",
      "Q003263",
      "Q003264",
      "Q003265",
      "Q003266",
      "Q003267",
      "Q003268",
      "Q003269",
      "Q003270",
      "Q003271",
      "Q003272",
      "Q003273",
      "Q003274",
      "Q003275",
      "Q003276",
      "Q003277",
      "Q003278",
      "Q003279",
      "Q003280",
      "Q003281",
      "Q003282",
      "Q003283",
      "Q003284",
      "Q003285",
      "Q003286",
      "Q003287",
      "Q003288",
      "Q003289",
      "Q003290",
      "Q003291",
      "Q003292",
      "Q003293",
      "Q003294",
      "Q003295",
      "Q003297",
      "Q003298",
      "Q003299",
      "Q003300",
      "Q003302",
      "Q003303",
      "Q003304",
      "Q003305",
      "Q003306",
      "Q003307",
      "Q003308",
      "Q003309",
      "Q003310",
      "Q003311",
      "Q003312",
      "Q003313",
      "Q003314",
      "Q003315",
      "Q003316",
      "Q003317",
      "Q003319",
      "Q003320",
      "Q003321",
      "Q003322",
      "Q003323",
      "Q003324",
      "Q003325",
      "Q003326",
      "Q003327",
      "Q003328",
      "Q003329",
      "Q003330",
      "Q003332",
      "Q003333",
      "Q003334",
      "Q003335",
      "Q003336",
      "Q003337",
      "Q003338",
      "Q003339",
      "Q003340",
      "Q003341",
      "Q003342",
      "Q003343",
      "Q003345",
      "Q003346",
      "Q003347",
      "Q003348",
      "Q003349",
      "Q003350",
      "Q003351",
      "Q003352",
      "Q003353",
      "Q003354",
      "Q003355",
      "Q003356",
      "Q003357",
      "Q003358",
      "Q003359",
      "Q003360",
      "Q003361",
      "Q003362",
      "Q003363",
      "Q003364",
      "Q003365",
      "Q003366",
      "Q003367",
      "Q003368",
      "Q003369",
      "Q003370",
      "Q003371",
      "Q003372",
      "Q003373",
      "Q003374",
      "Q003375",
      "Q003376",
      "Q003377",
      "Q003378",
      "Q003379",
      "Q003380",
      "Q003381",
      "Q003382",
      "Q003383",
      "Q003384",
      "Q003385",
      "Q003386",
      "Q003387",
      "Q003388",
      "Q003389",
      "Q003390",
      "Q003391",
      "Q003392",
      "Q003393",
      "Q003394",
      "Q003395",
      "Q003396",
      "Q003397",
      "Q003398",
      "Q003399",
      "Q003400",
      "Q003401",
      "Q003403",
      "Q003404",
      "Q003405",
      "Q003406",
      "Q003407",
      "Q003408",
      "Q003409",
      "Q003410",
      "Q003411",
      "Q003412"
    ],
    "tr-en": [
      "Q003230",
      "Q003231",
      "Q003232",
      "Q003233",
      "Q003234",
      "Q003235",
      "Q003236",
      "Q003237",
      "Q003238",
      "Q003239",
      "Q003240",
      "Q003241",
      "Q003242",
      "Q003243",
      "Q003244",
      "Q003245",
      "Q003246",
      "Q003247",
      "Q003248",
      "Q003249",
      "Q003250",
      "Q003251",
      "Q003252",
      "Q003253",
      "Q003254",
      "Q003255",
      "Q003256",
      "Q003257",
      "Q003258",
      "Q003259",
      "Q003260",
      "Q003261",
      "Q003262",
      "Q003263",
      "Q003264",
      "Q003265",
      "Q003266",
      "Q003267",
      "Q003268",
      "Q003269",
      "Q003270",
      "Q003271",
      "Q003272",
      "Q003273",
      "Q003274",
      "Q003275",
      "Q003276",
      "Q003277",
      "Q003278",
      "Q003279",
      "Q003280",
      "Q003281",
      "Q003282",
      "Q003283",
      "Q003284",
      "Q003285",
      "Q003286",
      "Q003287",
      "Q003288",
      "Q003289",
      "Q003290",
      "Q003291",
      "Q003292",
      "Q003293",
      "Q003294",
      "Q003295",
      "Q003297",
      "Q003298",
      "Q003299",
      "Q003300",
      "Q003302",
      "Q003303",
      "Q003304",
      "Q003305",
      "Q003306",
      "Q003307",
      "Q003308",
      "Q003309",
      "Q003310",
      "Q003311",
      "Q003312",
      "Q003313",
      "Q003314",
      "Q003315",
      "Q003316",
      "Q003317",
      "Q003319",
      "Q003320",
      "Q003321",
      "Q003322",
      "Q003323",
      "Q003324",
      "Q003325",
      "Q003326",
      "Q003327",
      "Q003328",
      "Q003329",
      "Q003330",
      "Q003332",
      "Q003333",
      "Q003334",
      "Q003335",
      "Q003336",
      "Q003337",
      "Q003338",
      "Q003339",
      "Q003340",
      "Q003341",
      "Q003342",
      "Q003343",
      "Q003345",
      "Q003346",
      "Q003347",
      "Q003348",
      "Q003349",
      "Q003350",
      "Q003351",
      "Q003352",
      "Q003353",
      "Q003354",
      "Q003355",
      "Q003356",
      "Q003357",
      "Q003358",
      "Q003359",
      "Q003360",
      "Q003361",
      "Q003362",
      "Q003363",
      "Q003364",
      "Q003365",
      "Q003366",
      "Q003367",
      "Q003368",
      "Q003369",
      "Q003370",
      "Q003371",
      "Q003372",
      "Q003373",
      "Q003374",
      "Q003375",
      "Q003376",
      "Q003377",
      "Q003378",
      "Q003379",
      "Q003380",
      "Q003381",
      "Q003382",
      "Q003383",
      "Q003384",
      "Q003385",
      "Q003386",
      "Q003387",
      "Q003388",
      "Q003389",
      "Q003390",
      "Q003391",
      "Q003392",
      "Q003393",
      "Q003394",
      "Q003395",
      "Q003396",
      "Q003397",
      "Q003398",
      "Q003399",
      "Q003400",
      "Q003401",
      "Q003403",
      "Q003404",
      "Q003405",
      "Q003406",
      "Q003407",
      "Q003408",
      "Q003409",
      "Q003410",
      "Q003411",
      "Q003412"
    ],
    "xtf": [
      "Q003230",
      "Q003231",
      "Q003232",
      "Q003233",
      "Q003234",
      "Q003235",
      "Q003236",
      "Q003237",
      "Q003238",
      "Q003239",
      "Q003240",
      "Q003241",
      "Q003242",
      "Q003243",
      "Q003244",
      "Q003245",
      "Q003246",
      "Q003247",
      "Q003248",
      "Q003249",
      "Q003250",
      "Q003251",
      "Q003252",
      "Q003253",
      "Q003254",
      "Q003255",
      "Q003256",
      "Q003257",
      "Q003258",
      "Q003259",
      "Q003260",
      "Q003261",
      "Q003262",
      "Q003263",
      "Q003264",
      "Q003265",
      "Q003266",
      "Q003267",
      "Q003268",
      "Q003269",
      "Q003270",
      "Q003271",
      "Q003272",
      "Q003273",
      "Q003274",
      "Q003275",
      "Q003276",
      "Q003277",
      "Q003278",
      "Q003279",
      "Q003280",
      "Q003281",
      "Q003282",
      "Q003283",
      "Q003284",
      "Q003285",
      "Q003286",
      "Q003287",
      "Q003288",
      "Q003289",
      "Q003290",
      "Q003291",
      "Q003292",
      "Q003293",
      "Q003294",
      "Q003295",
      "Q003296",
      "Q003297",
      "Q003298",
      "Q003299",
      "Q003300",
      "Q003301",
      "Q003302",
      "Q003303",
      "Q003304",
      "Q003305",
      "Q003306",
      "Q003307",
      "Q003308",
      "Q003309",
      "Q003310",
      "Q003311",
      "Q003312",
      "Q003313",
      "Q003314",
      "Q003315",
      "Q003316",
      "Q003317",
      "Q003318",
      "Q003319",
      "Q003320",
      "Q003321",
      "Q003322",
      "Q003323",
      "Q003324",
      "Q003325",
      "Q003326",
      "Q003327",
      "Q003328",
      "Q003329",
      "Q003330",
      "Q003331",
      "Q003332",
      "Q003333",
      "Q003334",
      "Q003335",
      "Q003336",
      "Q003337",
      "Q003338",
      "Q003339",
      "Q003340",
      "Q003341",
      "Q003342",
      "Q003343",
      "Q003344",
      "Q003345",
      "Q003346",
      "Q003347",
      "Q003348",
      "Q003349",
      "Q003350",
      "Q003351",
      "Q003352",
      "Q003353",
      "Q003354",
      "Q003355",
      "Q003356",
      "Q003357",
      "Q003358",
      "Q003359",
      "Q003360",
      "Q003361",
      "Q003362",
      "Q003363",
      "Q003364",
      "Q003365",
      "Q003366",
      "Q003367",
      "Q003368",
      "Q003369",
      "Q003370",
      "Q003371",
      "Q003372",
      "Q003373",
      "Q003374",
      "Q003375",
      "Q003376",
      "Q003377",
      "Q003378",
      "Q003379",
      "Q003380",
      "Q003381",
      "Q003382",
      "Q003383",
      "Q003384",
      "Q003385",
      "Q003386",
      "Q003387",
      "Q003388",
      "Q003389",
      "Q003390",
      "Q003391",
      "Q003392",
      "Q003393",
      "Q003394",
      "Q003395",
      "Q003396",
      "Q003397",
      "Q003398",
      "Q003399",
      "Q003400",
      "Q003401",
      "Q003402",
      "Q003403",
      "Q003404",
      "Q003405",
      "Q003406",
      "Q003407",
      "Q003408",
      "Q003409",
      "Q003410",
      "Q003411",
      "Q003412"
    ]
  },
  "witnesses": {
    "Q003230": {
      "has-witness": [
        "rinap/sources:P392358",
        "rinap/sources:P392361",
        "rinap/sources:P392595",
        "rinap/sources:P393959",
        "rinap/sources:P393984",
        "rinap/sources:P422090",
        "rinap/sources:P422091",
        "rinap/sources:P422293",
        "rinap/sources:P422295",
        "rinap/sources:P422647",
        "rinap/sources:P422650",
        "rinap/sources:P422654",
        "rinap/sources:P422726",
        "rinap/sources:P422832",
        "rinap/sources:P422991",
        "rinap/sources:P423017",
        "rinap/sources:P423070",
        "rinap/sources:P424984",
        "rinap/sources:P425101",
        "rinap/sources:P450387",
        "rinap/sources:P450388",
        "rinap/sources:P450389",
        "rinap/sources:P450390",
        "rinap/sources:P450391",
        "rinap/sources:P450392",
        "rinap/sources:P450393",
        "rinap/sources:P450394",
        "rinap/sources:P450395",
        "rinap/sources:P450396",
        "rinap/sources:P450397",
        "rinap/sources:P450398",
        "rinap/sources:P450399",
        "rinap/sources:P450400"
      ]
    },
    "Q003231": {
      "has-witness": [
        "rinap/sources:P304575",
        "rinap/sources:P398714",
        "rinap/sources:P421808",
        "rinap/sources:P450401",
        "rinap/sources:P450402",
        "rinap/sources:P450403",
        "rinap/sources:P450404"
      ]
    },
    "Q003232": {
      "has-witness": [
        "rinap/sources:P393970"
      ]
    },
    "Q003233": {
      "has-witness": [
        "rinap/sources:P450405"
      ]
    },
    "Q003234": {
      "has-witness": [
        "rinap/sources:P450406"
      ]
    },
    "Q003235": {
      "has-witness": [
        "rinap/sources:P423196"
      ]
    },
    "Q003236": {
      "has-witness": [
        "rinap/sources:P450407"
      ]
    },
    "Q003237": {
      "has-witness": [
        "rinap/sources:P450408"
      ]
    },
    "Q003238": {
      "has-witness": [
        "rinap/sources:P450409"
      ]
    },
    "Q003239": {
      "has-witness": [
        "rinap/sources:P393952"
      ]
    },
    "Q003240": {
      "has-witness": [
        "rinap/sources:P394643",
        "rinap/sources:P422122",
        "rinap/sources:P422320"
      ]
    },
    "Q003241": {
      "has-witness": [
        "rinap/sources:P422404",
        "rinap/sources:P450410"
      ]
    },
    "Q003242": {
      "has-witness": [
        "rinap/sources:P423177"
      ]
    },
    "Q003243": {
      "has-witness": [
        "rinap/sources:P422739"
      ]
    },
    "Q003244": {
      "has-witness": [
        "rinap/sources:P450411"
      ]
    },
    "Q003245": {
      "has-witness": [
        "rinap/sources:P450412"
      ]
    },
    "Q003246": {
      "has-witness": [
        "rinap/sources:P450413"
      ]
    },
    "Q003247": {
      "has-witness": [
        "rinap/sources:P393949"
      ]
    },
    "Q003248": {
      "has-witness": [
        "rinap/sources:P450414"
      ]
    },
    "Q003249": {
      "has-witness": [
        "rinap/sources:P450415"
      ]
    },
    "Q003250": {
      "has-witness": [
        "rinap/sources:P450416"
      ]
    },
    "Q003251": {
      "has-witness": [
        "rinap/sources:P450417",
        "rinap/sources:P450418",
        "rinap/sources:P450419"
      ]
    },
    "Q003252": {
      "has-witness": [
        "rinap/sources:P428613"
      ]
    },
    "Q003253": {
      "has-witness": [
        "rinap/sources:P450420",
        "rinap/sources:P450421",
        "rinap/sources:P450422",
        "rinap/sources:P450423",
        "rinap/sources:P450424"
      ]
    },
    "Q003254": {
      "has-witness": [
        "rinap/sources:P450425"
      ]
    },
    "Q003255": {
      "has-witness": [
        "rinap/sources:P450426"
      ]
    },
    "Q003256": {
      "has-witness": [
        "rinap/sources:P450427"
      ]
    },
    "Q003257": {
      "has-witness": [
        "rinap/sources:P450428"
      ]
    },
    "Q003258": {
      "has-witness": [
        "rinap/sources:P450429"
      ]
    },
    "Q003259": {
      "has-witness": [
        "rinap/sources:P394592"
      ]
    },
    "Q003260": {
      "has-witness": [
        "rinap/sources:P397669"
      ]
    },
    "Q003261": {
      "has-witness": [
        "rinap/sources:P425908"
      ]
    },
    "Q003262": {
      "has-witness": [
        "rinap/sources:P394715",
        "rinap/sources:P397213"
      ]
    },
    "Q003263": {
      "has-witness": [
        "rinap/sources:P394796"
      ]
    },
    "Q003264": {
      "has-witness": [
        "rinap/sources:P450430"
      ]
    },
    "Q003265": {
      "has-witness": [
        "rinap/sources:P450431"
      ]
    },
    "Q003266": {
      "has-witness": [
        "rinap/sources:P424684"
      ]
    },
    "Q003267": {
      "has-witness": [
        "rinap/sources:P394821"
      ]
    },
    "Q003268": {
      "has-witness": [
        "rinap/sources:P400428"
      ]
    },
    "Q003269": {
      "has-witness": [
        "rinap/sources:P395575"
      ]
    },
    "Q003270": {
      "has-witness": [
        "rinap/sources:P398469"
      ]
    },
    "Q003271": {
      "has-witness": [
        "rinap/sources:P400449"
      ]
    },
    "Q003272": {
      "has-witness": [
        "rinap/sources:P450432"
      ]
    },
    "Q003273": {
      "has-witness": [
        "rinap/sources:P394392"
      ]
    },
    "Q003274": {
      "has-witness": [
        "rinap/sources:P397334"
      ]
    },
    "Q003275": {
      "has-witness": [
        "rinap/sources:P238702"
      ]
    },
    "Q003276": {
      "has-witness": [
        "rinap/sources:P400437"
      ]
    },
    "Q003277": {
      "has-witness": [
        "rinap/sources:P393794",
        "rinap/sources:P394681",
        "rinap/sources:P403324"
      ]
    },
    "Q003278": {
      "has-witness": [
        "rinap/sources:P425741"
      ]
    },
    "Q003279": {
      "has-witness": [
        "rinap/sources:P398451"
      ]
    },
    "Q003280": {
      "has-witness": [
        "rinap/sources:P395744"
      ]
    },
    "Q003281": {
      "has-witness": [
        "rinap/sources:P425736"
      ]
    },
    "Q003282": {
      "has-witness": [
        "rinap/sources:P396011"
      ]
    },
    "Q003283": {
      "has-witness": [
        "rinap/sources:P394624",
        "rinap/sources:P395585"
      ]
    },
    "Q003284": {
      "has-witness": [
        "rinap/sources:P424487"
      ]
    },
    "Q003285": {
      "has-witness": [
        "rinap/sources:P400398"
      ]
    },
    "Q003286": {
      "has-witness": [
        "rinap/sources:P257223",
        "rinap/sources:P450433",
        "rinap/sources:P450434",
        "rinap/sources:P450435",
        "rinap/sources:P450436",
        "rinap/sources:P450437",
        "rinap/sources:P450438",
        "rinap/sources:P450439",
        "rinap/sources:P450440"
      ]
    },
    "Q003287": {
      "has-witness": [
        "rinap/sources:P450441",
        "rinap/sources:P450442",
        "rinap/sources:P450443"
      ]
    },
    "Q003288": {
      "has-witness": [
        "rinap/sources:P450444",
        "rinap/sources:P450445",
        "rinap/sources:P450446"
      ]
    },
    "Q003289": {
      "has-witness": [
        "rinap/sources:P403357",
        "rinap/sources:P450447"
      ]
    },
    "Q003290": {
      "has-witness": [
        "rinap/sources:P450448",
        "rinap/sources:P450449",
        "rinap/sources:P450450",
        "rinap/sources:P450451",
        "rinap/sources:P450452",
        "rinap/sources:P450453",
        "rinap/sources:P450454",
        "rinap/sources:P450455",
        "rinap/sources:P450456",
        "rinap/sources:P450457"
      ]
    },
    "Q003291": {
      "has-witness": [
        "rinap/sources:P450458",
        "rinap/sources:P450459",
        "rinap/sources:P450460"
      ]
    },
    "Q003292": {
      "has-witness": [
        "rinap/sources:P450461"
      ]
    },
    "Q003293": {
      "has-witness": [
        "rinap/sources:P450462",
        "rinap/sources:P450463",
        "rinap/sources:P450464",
        "rinap/sources:P450465",
        "rinap/sources:P450466"
      ]
    },
    "Q003294": {
      "has-witness": [
        "rinap/sources:P450467"
      ]
    },
    "Q003295": {
      "has-witness": [
        "rinap/sources:P450468"
      ]
    },
    "Q003296": {
      "has-witness": [
        "rinap/sources:P450469"
      ]
    },
    "Q003297": {
      "has-witness": [
        "rinap/sources:P450470"
      ]
    },
    "Q003298": {
      "has-witness": [
        "rinap/sources:P450471"
      ]
    },
    "Q003299": {
      "has-witness": [
        "rinap/sources:P450472"
      ]
    },
    "Q003300": {
      "has-witness": [
        "rinap/sources:P450473"
      ]
    },
    "Q003301": {
      "has-witness": [
        "rinap/sources:P450474"
      ]
    },
    "Q003302": {
      "has-witness": [
        "rinap/sources:P450475"
      ]
    },
    "Q003303": {
      "has-witness": [
        "rinap/sources:P450476"
      ]
    },
    "Q003304": {
      "has-witness": [
        "rinap/sources:P345495",
        "rinap/sources:P450477",
        "rinap/sources:P450478",
        "rinap/sources:P450479"
      ]
    },
    "Q003305": {
      "has-witness": [
        "rinap/sources:P450480"
      ]
    },
    "Q003306": {
      "has-witness": [
        "rinap/sources:P393940",
        "rinap/sources:P393948",
        "rinap/sources:P393950",
        "rinap/sources:P393951",
        "rinap/sources:P450481",
        "rinap/sources:P450482",
        "rinap/sources:P450483"
      ]
    },
    "Q003307": {
      "has-witness": [
        "rinap/sources:P225251",
        "rinap/sources:P225252",
        "rinap/sources:P393947",
        "rinap/sources:P393953",
        "rinap/sources:P429079",
        "rinap/sources:P429080"
      ]
    },
    "Q003308": {
      "has-witness": [
        "rinap/sources:P429026"
      ]
    },
    "Q003309": {
      "has-witness": [
        "rinap/sources:P450484"
      ]
    },
    "Q003310": {
      "has-witness": [
        "rinap/sources:P450485"
      ]
    },
    "Q003311": {
      "has-witness": [
        "rinap/sources:P450486"
      ]
    },
    "Q003312": {
      "has-witness": [
        "rinap/sources:P450487",
        "rinap/sources:P450488"
      ]
    },
    "Q003313": {
      "has-witness": [
        "rinap/sources:P450489",
        "rinap/sources:P450490"
      ]
    },
    "Q003314": {
      "has-witness": [
        "rinap/sources:P450491"
      ]
    },
    "Q003315": {
      "has-witness": [
        "rinap/sources:P450492"
      ]
    },
    "Q003316": {
      "has-witness": [
        "rinap/sources:P371257"
      ]
    },
    "Q003317": {
      "has-witness": [
        "rinap/sources:P427876",
        "rinap/sources:P427877"
      ]
    },
    "Q003318": {
      "has-witness": [
        "rinap/sources:P450493"
      ]
    },
    "Q003319": {
      "has-witness": [
        "rinap/sources:P225171"
      ]
    },
    "Q003320": {
      "has-witness": [
        "rinap/sources:P450494"
      ]
    },
    "Q003321": {
      "has-witness": [
        "rinap/sources:P225223"
      ]
    },
    "Q003322": {
      "has-witness": [
        "rinap/sources:P450495"
      ]
    },
    "Q003323": {
      "has-witness": [
        "rinap/sources:P450496"
      ]
    },
    "Q003324": {
      "has-witness": [
        "rinap/sources:P450497"
      ]
    },
    "Q003325": {
      "has-witness": [
        "rinap/sources:P427874",
        "rinap/sources:P427875"
      ]
    },
    "Q003326": {
      "has-witness": [
        "rinap/sources:P450498"
      ]
    },
    "Q003327": {
      "has-witness": [
        "rinap/sources:P371256"
      ]
    },
    "Q003328": {
      "has-witness": [
        "rinap/sources:P424569"
      ]
    },
    "Q003329": {
      "has-witness": [
        "rinap/sources:P400399"
      ]
    },
    "Q003330": {
      "has-witness": [
        "rinap/sources:P397406"
      ]
    },
    "Q003331": {
      "has-witness": [
        "rinap/sources:P450499"
      ]
    },
    "Q003332": {
      "has-witness": [
        "rinap/sources:P450500"
      ]
    },
    "Q003333": {
      "has-witness": [
        "rinap/sources:P345512",
        "rinap/sources:P423861",
        "rinap/sources:P450501",
        "rinap/sources:P450502",
        "rinap/sources:P450503"
      ]
    },
    "Q003334": {
      "has-witness": [
        "rinap/sources:P345513",
        "rinap/sources:P345514"
      ]
    },
    "Q003335": {
      "has-witness": [
        "rinap/sources:P285940",
        "rinap/sources:P345515",
        "rinap/sources:P345516",
        "rinap/sources:P450504",
        "rinap/sources:P450505"
      ]
    },
    "Q003336": {
      "has-witness": [
        "rinap/sources:P345518"
      ]
    },
    "Q003337": {
      "has-witness": [
        "rinap/sources:P422068"
      ]
    },
    "Q003338": {
      "has-witness": [
        "rinap/sources:P422403"
      ]
    },
    "Q003339": {
      "has-witness": [
        "rinap/sources:P450507"
      ]
    },
    "Q003340": {
      "has-witness": [
        "rinap/sources:P453467"
      ]
    },
    "Q003341": {
      "has-witness": [
        "rinap/sources:P450508"
      ]
    },
    "Q003342": {
      "has-witness": [
        "rinap/sources:P450509"
      ]
    },
    "Q003343": {
      "has-witness": [
        "rinap/sources:P453468"
      ]
    },
    "Q003344": {
      "has-witness": [
        "rinap/sources:P345512",
        "rinap/sources:P345518",
        "rinap/sources:P453467",
        "rinap/sources:P453468"
      ]
    },
    "Q003345": {
      "has-witness": [
        "rinap/sources:P393783"
      ]
    },
    "Q003346": {
      "has-witness": [
        "rinap/sources:P450510"
      ]
    },
    "Q003347": {
      "has-witness": [
        "rinap/sources:P450511"
      ]
    },
    "Q003348": {
      "has-witness": [
        "rinap/sources:P450512",
        "rinap/sources:P450513",
        "rinap/sources:P450514",
        "rinap/sources:P450596"
      ]
    },
    "Q003349": {
      "has-witness": [
        "rinap/sources:P450515",
        "rinap/sources:P450516",
        "rinap/sources:P450517"
      ]
    },
    "Q003350": {
      "has-witness": [
        "rinap/sources:P450518",
        "rinap/sources:P450519",
        "rinap/sources:P450520",
        "rinap/sources:P450521"
      ]
    },
    "Q003351": {
      "has-witness": [
        "rinap/sources:P450522",
        "rinap/sources:P450523",
        "rinap/sources:P450524",
        "rinap/sources:P450525",
        "rinap/sources:P450526",
        "rinap/sources:P450527",
        "rinap/sources:P450528"
      ]
    },
    "Q003352": {
      "has-witness": [
        "rinap/sources:P450529"
      ]
    },
    "Q003353": {
      "has-witness": [
        "rinap/sources:P450530"
      ]
    },
    "Q003354": {
      "has-witness": [
        "rinap/sources:P450531"
      ]
    },
    "Q003355": {
      "has-witness": [
        "rinap/sources:P257579",
        "rinap/sources:P450532",
        "rinap/sources:P450533",
        "rinap/sources:P450534",
        "rinap/sources:P450535",
        "rinap/sources:P450536",
        "rinap/sources:P450537",
        "rinap/sources:P450538"
      ]
    },
    "Q003356": {
      "has-witness": [
        "rinap/sources:P366022"
      ]
    },
    "Q003357": {
      "has-witness": [
        "rinap/sources:P223806",
        "rinap/sources:P226077",
        "rinap/sources:P301563",
        "rinap/sources:P301920",
        "rinap/sources:P450539",
        "rinap/sources:P450540",
        "rinap/sources:P450541",
        "rinap/sources:P450542",
        "rinap/sources:P450543",
        "rinap/sources:P450544",
        "rinap/sources:P450545",
        "rinap/sources:P450546",
        "rinap/sources:P450547",
        "rinap/sources:P450548",
        "rinap/sources:P450549"
      ]
    },
    "Q003358": {
      "has-witness": [
        "rinap/sources:P259355",
        "rinap/sources:P450550",
        "rinap/sources:P450551",
        "rinap/sources:P450552"
      ]
    },
    "Q003359": {
      "has-witness": [
        "rinap/sources:P450553"
      ]
    },
    "Q003360": {
      "has-witness": [
        "rinap/sources:P264848",
        "rinap/sources:P450554"
      ]
    },
    "Q003361": {
      "has-witness": [
        "rinap/sources:P257443",
        "rinap/sources:P263443"
      ]
    },
    "Q003362": {
      "has-witness": [
        "rinap/sources:P238636",
        "rinap/sources:P297261",
        "rinap/sources:P298274",
        "rinap/sources:P407926",
        "rinap/sources:P450555",
        "rinap/sources:P450556",
        "rinap/sources:P450557"
      ]
    },
    "Q003363": {
      "has-witness": [
        "rinap/sources:P297260",
        "rinap/sources:P304565",
        "rinap/sources:P450597"
      ]
    },
    "Q003364": {
      "has-witness": [
        "rinap/sources:P345496",
        "rinap/sources:P450558",
        "rinap/sources:P450559"
      ]
    },
    "Q003365": {
      "has-witness": [
        "rinap/sources:P304564"
      ]
    },
    "Q003366": {
      "has-witness": [
        "rinap/sources:P450560",
        "rinap/sources:P450561",
        "rinap/sources:P450562",
        "rinap/sources:P450563"
      ]
    },
    "Q003367": {
      "has-witness": [
        "rinap/sources:P450564"
      ]
    },
    "Q003368": {
      "has-witness": [
        "rinap/sources:P349312"
      ]
    },
    "Q003369": {
      "has-witness": [
        "rinap/sources:P450565"
      ]
    },
    "Q003370": {
      "has-witness": [
        "rinap/sources:P450566"
      ]
    },
    "Q003371": {
      "has-witness": [
        "rinap/sources:P450567"
      ]
    },
    "Q003372": {
      "has-witness": [
        "rinap/sources:P450568"
      ]
    },
    "Q003373": {
      "has-witness": [
        "rinap/sources:P450569"
      ]
    },
    "Q003374": {
      "has-witness": [
        "rinap/sources:P450570"
      ]
    },
    "Q003375": {
      "has-witness": [
        "rinap/sources:P450571"
      ]
    },
    "Q003376": {
      "has-witness": [
        "rinap/sources:P424528"
      ]
    },
    "Q003377": {
      "has-witness": [
        "rinap/sources:P450572"
      ]
    },
    "Q003378": {
      "has-witness": [
        "rinap/sources:P450573",
        "rinap/sources:P450574"
      ]
    },
    "Q003379": {
      "has-witness": [
        "rinap/sources:P429995"
      ]
    },
    "Q003380": {
      "has-witness": [
        "rinap/sources:P450575"
      ]
    },
    "Q003381": {
      "has-witness": [
        "rinap/sources:P450576"
      ]
    },
    "Q003382": {
      "has-witness": [
        "rinap/sources:P414186"
      ]
    },
    "Q003383": {
      "has-witness": [
        "rinap/sources:P394575"
      ]
    },
    "Q003384": {
      "has-witness": [
        "rinap/sources:P395560"
      ]
    },
    "Q003385": {
      "has-witness": [
        "rinap/sources:P395568"
      ]
    },
    "Q003386": {
      "has-witness": [
        "rinap/sources:P395578"
      ]
    },
    "Q003387": {
      "has-witness": [
        "rinap/sources:P396332"
      ]
    },
    "Q003388": {
      "has-witness": [
        "rinap/sources:P400267"
      ]
    },
    "Q003389": {
      "has-witness": [
        "rinap/sources:P399176"
      ]
    },
    "Q003390": {
      "has-witness": [
        "rinap/sources:P400436"
      ]
    },
    "Q003391": {
      "has-witness": [
        "rinap/sources:P238763"
      ]
    },
    "Q003392": {
      "has-witness": [
        "rinap/sources:P418695"
      ]
    },
    "Q003393": {
      "has-witness": [
        "rinap/sources:P450577"
      ]
    },
    "Q003394": {
      "has-witness": [
        "rinap/sources:P450578"
      ]
    },
    "Q003395": {
      "has-witness": [
        "rinap/sources:P450579"
      ]
    },
    "Q003396": {
      "has-witness": [
        "rinap/sources:P450580"
      ]
    },
    "Q003397": {
      "has-witness": [
        "rinap/sources:P450581"
      ]
    },
    "Q003398": {
      "has-witness": [
        "rinap/sources:P450582"
      ]
    },
    "Q003399": {
      "has-witness": [
        "rinap/sources:P450583"
      ]
    },
    "Q003400": {
      "has-witness": [
        "rinap/sources:P450584"
      ]
    },
    "Q003401": {
      "has-witness": [
        "rinap/sources:P450585"
      ]
    },
    "Q003402": {
      "has-witness": [
        "rinap/sources:P450586"
      ]
    },
    "Q003403": {
      "has-witness": [
        "rinap/sources:P450587"
      ]
    },
    "Q003404": {
      "has-witness": [
        "rinap/sources:P450588"
      ]
    },
    "Q003405": {
      "has-witness": [
        "rinap/sources:P394645",
        "rinap/sources:P450589"
      ]
    },
    "Q003406": {
      "has-witness": [
        "rinap/sources:P450590"
      ]
    },
    "Q003407": {
      "has-witness": [
        "rinap/sources:P450591"
      ]
    },
    "Q003408": {
      "has-witness": [
        "rinap/sources:P450591"
      ]
    },
    "Q003409": {
      "has-witness": [
        "rinap/sources:P450592"
      ]
    },
    "Q003410": {
      "has-witness": [
        "rinap/sources:P450593"
      ]
    },
    "Q003411": {
      "has-witness": [
        "rinap/sources:P450594"
      ]
    },
    "Q003412": {
      "has-witness": [
        "rinap/sources:P450595"
      ]
    }
  }
}
