{
  "sortvals": {
    "sessions": {
      "Ashurbanipal": "1",
      "Ashurbanipal ?": "2",
      "Esarhaddon": "3",
      "Esarhaddon ?": "4",
      "Sargon II": "5",
      "Sargon II ?": "6",
      "Sennacherib": "7",
      "Sennacherib ?": "8",
      "Shalmaneser V": "9",
      "Shalmaneser V ?": "10",
      "Tiglath-pileser III": "11",
      "Tiglath-pileser III ?": "12"
    },
    "rulers": {
      "Esarhaddon": "1",
      "Esarhaddon ?": "2"
    },
    "places": {
      "Abu Habba": "1",
      "Abu Habba ?": "2",
      "Abu Halawa": "3",
      "Abu Halawa ?": "4",
      "Abu Hatab": "5",
      "Abu Hatab ?": "6",
      "Abu Jawan": "7",
      "Abu Jawan ?": "8",
      "Abu Salabikh": "9",
      "Abu Salabikh ?": "10",
      "Abu Sêcher": "11",
      "Abu Sêcher ?": "12",
      "Adab": "13",
      "Adab ?": "14",
      "Agrab": "15",
      "Agrab ?": "16",
      "Alalakh": "17",
      "Alalakh ?": "18",
      "Amarna": "19",
      "Amarna ?": "20",
      "As-Sib": "21",
      "As-Sib ?": "22",
      "Asmar": "23",
      "Asmar ?": "24",
      "Assur": "25",
      "Assur ?": "26",
      "Assyria": "27",
      "Assyria ?": "28",
      "Babaz": "29",
      "Babaz ?": "30",
      "Babylon": "31",
      "Babylon ?": "32",
      "Babylon (Bābili)": "33",
      "Babylon (Bābili) ?": "34",
      "Babylonia": "35",
      "Babylonia ?": "36",
      "Balawat": "37",
      "Balawat ?": "38",
      "Bassetki": "39",
      "Bassetki ?": "40",
      "Ben Shemen": "41",
      "Ben Shemen ?": "42",
      "Beydar": "43",
      "Beydar ?": "44",
      "Birs Nimrud (Borsippa)": "45",
      "Birs Nimrud (Borsippa) ?": "46",
      "Boghazkoi": "47",
      "Boghazkoi ?": "48",
      "Borsippa": "49",
      "Borsippa ?": "50",
      "Cave Kalm-karra": "51",
      "Cave Kalm-karra ?": "52",
      "Chagar Bazar": "53",
      "Chagar Bazar ?": "54",
      "Choga Mish": "55",
      "Choga Mish ?": "56",
      "Choga Zanbil": "57",
      "Choga Zanbil ?": "58",
      "Der": "59",
      "Der ?": "60",
      "Diyala": "61",
      "Diyala ?": "62",
      "Drehem": "63",
      "Drehem ?": "64",
      "Dur-Kurigalzu": "65",
      "Dur-Kurigalzu ?": "66",
      "Dusabar": "67",
      "Dusabar ?": "68",
      "Ebla": "69",
      "Ebla ?": "70",
      "Elbonia": "71",
      "Elbonia ?": "72",
      "Emar": "73",
      "Emar ?": "74",
      "Eridu": "75",
      "Eridu ?": "76",
      "Eshnunna": "77",
      "Eshnunna ?": "78",
      "Fara": "79",
      "Fara ?": "80",
      "Garshana": "81",
      "Garshana ?": "82",
      "Gasur": "83",
      "Gasur ?": "84",
      "Gawra": "85",
      "Gawra ?": "86",
      "Ghazir": "87",
      "Ghazir ?": "88",
      "Girsu": "89",
      "Girsu ?": "90",
      "Godin Tepe": "91",
      "Godin Tepe ?": "92",
      "Habuba Kabira": "93",
      "Habuba Kabira ?": "94",
      "Haddad": "95",
      "Haddad ?": "96",
      "Harmal": "97",
      "Harmal ?": "98",
      "Hillah": "99",
      "Hillah ?": "100",
      "Himrin": "101",
      "Himrin ?": "102",
      "Hissar": "103",
      "Hissar ?": "104",
      "Ishchali": "105",
      "Ishchali ?": "106",
      "Isin": "107",
      "Isin ?": "108",
      "Jebel Aruda": "109",
      "Jebel Aruda ?": "110",
      "Jemdet Nasr": "111",
      "Jemdet Nasr ?": "112",
      "Kazallu": "113",
      "Kazallu ?": "114",
      "Khafaje": "115",
      "Khafaje ?": "116",
      "Khum": "117",
      "Khum ?": "118",
      "Kibbutz Hama-apil": "119",
      "Kibbutz Hama-apil ?": "120",
      "Kish": "121",
      "Kish ?": "122",
      "Kisurra": "123",
      "Kisurra ?": "124",
      "Kultepe": "125",
      "Kultepe ?": "126",
      "Kutha": "127",
      "Kutha ?": "128",
      "Kuyunjik (Nineveh)": "129",
      "Kuyunjik (Nineveh) ?": "130",
      "Lagash": "131",
      "Lagash ?": "132",
      "Larsa": "133",
      "Larsa ?": "134",
      "Malyan": "135",
      "Malyan ?": "136",
      "Mari": "137",
      "Mari ?": "138",
      "Mazyad": "139",
      "Mazyad ?": "140",
      "Me-Turan": "141",
      "Me-Turan ?": "142",
      "Megiddo": "143",
      "Megiddo ?": "144",
      "Merejib": "145",
      "Merejib ?": "146",
      "Mugdan": "147",
      "Mugdan ?": "148",
      "Nahr el-Kelb": "149",
      "Nahr el-Kelb ?": "150",
      "Nahrawan": "151",
      "Nahrawan ?": "152",
      "Negub Tunnel": "153",
      "Negub Tunnel ?": "154",
      "Nimrud": "155",
      "Nimrud ?": "156",
      "Nimrud (Kalhu)": "157",
      "Nimrud (Kalhu) ?": "158",
      "Nineveh": "159",
      "Nineveh ?": "160",
      "Nippur": "161",
      "Nippur ?": "162",
      "Nuffar (Nippur)": "163",
      "Nuffar (Nippur) ?": "164",
      "Nuzi": "165",
      "Nuzi ?": "166",
      "Ozbaki": "167",
      "Ozbaki ?": "168",
      "Palmyra": "169",
      "Palmyra ?": "170",
      "Persepolis (Pārśa)": "171",
      "Persepolis (Pārśa) ?": "172",
      "Qalat Sherqat (Assur)": "173",
      "Qalat Sherqat (Assur) ?": "174",
      "SI.A-a": "175",
      "SI.A-a ?": "176",
      "Sagub": "177",
      "Sagub ?": "178",
      "Seleucia": "179",
      "Seleucia ?": "180",
      "Sepphoris": "181",
      "Sepphoris ?": "182",
      "Shaduppum": "183",
      "Shaduppum ?": "184",
      "Shahr-i Sokhta": "185",
      "Shahr-i Sokhta ?": "186",
      "Sialk": "187",
      "Sialk ?": "188",
      "Sippar": "189",
      "Sippar ?": "190",
      "Sippar Yahrurum": "191",
      "Sippar Yahrurum ?": "192",
      "Sultan Tepe": "193",
      "Sultan Tepe ?": "194",
      "Susa": "195",
      "Susa ?": "196",
      "Syria": "197",
      "Syria ?": "198",
      "Tell Abu Habbah (Sippar-Yahrurum)": "199",
      "Tell Abu Habbah (Sippar-Yahrurum) ?": "200",
      "Tell Ahmar (Til Barsip)": "201",
      "Tell Ahmar (Til Barsip) ?": "202",
      "Tell Billa": "203",
      "Tell Billa ?": "204",
      "Tell Brak": "205",
      "Tell Brak ?": "206",
      "Tell Dhiba'i": "207",
      "Tell Dhiba'i ?": "208",
      "Tell Sabaa": "209",
      "Tell Sabaa ?": "210",
      "Tell Sherif Khan (Tarbisu)": "211",
      "Tell Sherif Khan (Tarbisu) ?": "212",
      "Tell Yarah": "213",
      "Tell Yarah ?": "214",
      "Tell al Rimah": "215",
      "Tell al Rimah ?": "216",
      "Tuttul": "217",
      "Tuttul ?": "218",
      "Tutub": "219",
      "Tutub ?": "220",
      "Ubaid": "221",
      "Ubaid ?": "222",
      "Ugarit": "223",
      "Ugarit ?": "224",
      "Umm al-Aqarib": "225",
      "Umm al-Aqarib ?": "226",
      "Umm al-Hafriyat": "227",
      "Umm al-Hafriyat ?": "228",
      "Umm al-Jir": "229",
      "Umm al-Jir ?": "230",
      "Umma": "231",
      "Umma ?": "232",
      "Uqair": "233",
      "Uqair ?": "234",
      "Ur": "235",
      "Ur ?": "236",
      "Urkesh": "237",
      "Urkesh ?": "238",
      "Uruk": "239",
      "Uruk ?": "240",
      "Urusagrig": "241",
      "Urusagrig ?": "242",
      "Warka": "243",
      "Warka ?": "244",
      "Warka (Uruk)": "245",
      "Warka (Uruk) ?": "246",
      "Wilayah": "247",
      "Wilayah ?": "248",
      "Yahya": "249",
      "Yahya ?": "250",
      "Zabalam": "251",
      "Zabalam ?": "252",
      "Zagabal": "253",
      "Zagabal ?": "254",
      "Zinčirli (Samal)": "255",
      "Zinčirli (Samal) ?": "256",
      "el-Ghab": "257",
      "el-Ghab ?": "258",
      "el-Lahm": "259",
      "el-Lahm ?": "260",
      "unclear": "261",
      "unclear ?": "262"
    },
    "supergenres": {
      "ELA": "1",
      "ELA ?": "2",
      "LEX": "3",
      "LEX ?": "4",
      "LIT": "5",
      "LIT ?": "6",
      "STL": "7",
      "STL ?": "8",
      "unknown": "9",
      "unknown ?": "10"
    },
    "subgenres": {
      "Esarhaddon": "1"
    },
    "periods": {
      "Pre-Writing": "1",
      "Pre-Writing ?": "2",
      "Egyptian 0": "3",
      "Egyptian 0 ?": "4",
      "Uruk V": "5",
      "Uruk V ?": "6",
      "Uruk IV": "7",
      "Uruk IV ?": "8",
      "Uruk III": "9",
      "Uruk III ?": "10",
      "Archaic": "11",
      "Archaic ?": "12",
      "Proto-Elamite": "13",
      "Proto-Elamite ?": "14",
      "Linear Elamite": "15",
      "Linear Elamite ?": "16",
      "ED I": "17",
      "ED I ?": "18",
      "ED I-II": "19",
      "ED I-II ?": "20",
      "Early Dynastic I-II": "21",
      "Early Dynastic I-II ?": "22",
      "ED II": "23",
      "ED II ?": "24",
      "ED IIIa": "25",
      "ED IIIa ?": "26",
      "ED IIIb": "27",
      "ED IIIb ?": "28",
      "Early Dynastic IIIa": "29",
      "Early Dynastic IIIa ?": "30",
      "Early Dynastic IIIb": "31",
      "Early Dynastic IIIb ?": "32",
      "Early Dynastic": "33",
      "Early Dynastic ?": "34",
      "Third Millennium": "35",
      "Third Millennium ?": "36",
      "Ebla": "37",
      "Ebla ?": "38",
      "Old Akkadian": "39",
      "Old Akkadian ?": "40",
      "Old Elamite": "41",
      "Old Elamite ?": "42",
      "Harappan": "43",
      "Harappan ?": "44",
      "Lagash II": "45",
      "Lagash II ?": "46",
      "Lagaš II": "47",
      "Lagaš II ?": "48",
      "Ur III": "49",
      "Ur III ?": "50",
      "Old Assyrian": "51",
      "Old Assyrian ?": "52",
      "Early Old Babylonian": "53",
      "Early Old Babylonian ?": "54",
      "Old Babylonian": "55",
      "Old Babylonian ?": "56",
      "Middle Assyrian": "57",
      "Middle Assyrian ?": "58",
      "Middle Babylonian": "59",
      "Middle Babylonian ?": "60",
      "Middle Elamite": "61",
      "Middle Elamite ?": "62",
      "Middle Hittite": "63",
      "Middle Hittite ?": "64",
      "Hittite": "65",
      "Hittite ?": "66",
      "Neo-Assyrian": "67",
      "Neo-Assyrian ?": "68",
      "Neo-Babylonian": "69",
      "Neo-Babylonian ?": "70",
      "1st Millennium": "71",
      "1st Millennium ?": "72",
      "Late Babylonian": "73",
      "Late Babylonian ?": "74",
      "Persian": "75",
      "Persian ?": "76",
      "Achaemenid": "77",
      "Achaemenid ?": "78",
      "Neo-Elamite": "79",
      "Neo-Elamite ?": "80",
      "Seleucid": "81",
      "Seleucid ?": "82",
      "Hellenistic": "83",
      "Hellenistic ?": "84",
      "Parthian": "85",
      "Parthian ?": "86",
      "Roman": "87",
      "Roman ?": "88",
      "Uncertain": "89",
      "Uncertain ?": "90"
    },
    "genres": {
      "Administrative": "1",
      "Administrative ?": "2",
      "Administrative (including legal)": "3",
      "Administrative (including legal) ?": "4",
      "Astrological": "5",
      "Astrological ?": "6",
      "Astrology": "7",
      "Astrology ?": "8",
      "Astronomical": "9",
      "Astronomical ?": "10",
      "Astronomy": "11",
      "Astronomy ?": "12",
      "Building Inscription": "13",
      "Building Inscription ?": "14",
      "Fake (modern)": "15",
      "Fake (modern) ?": "16",
      "Hemerological": "17",
      "Hemerological ?": "18",
      "Hemerology": "19",
      "Hemerology ?": "20",
      "Historical": "21",
      "Historical ?": "22",
      "Hymn-Prayer": "23",
      "Hymn-Prayer ?": "24",
      "Incantation-Ritual": "25",
      "Incantation-Ritual ?": "26",
      "Legal": "27",
      "Legal ?": "28",
      "Letter": "29",
      "Letter ?": "30",
      "Lexical": "31",
      "Lexical ?": "32",
      "Lexical; Literary": "33",
      "Lexical; Literary ?": "34",
      "Lexical; Literary; Mathematical": "35",
      "Lexical; Literary; Mathematical ?": "36",
      "Lexical; Mathematical": "37",
      "Lexical; Mathematical ?": "38",
      "Lexical; School": "39",
      "Lexical; School ?": "40",
      "Literary": "41",
      "Literary ?": "42",
      "Literary/ administrative": "43",
      "Literary/ administrative ?": "44",
      "Literary; letter": "45",
      "Literary; letter ?": "46",
      "Literary; lexical": "47",
      "Literary; lexical ?": "48",
      "Literary; mathematical": "49",
      "Literary; mathematical ?": "50",
      "Mathematical": "51",
      "Mathematical ?": "52",
      "Medical": "53",
      "Medical ?": "54",
      "Prayer/Incantation": "55",
      "Prayer/Incantation ?": "56",
      "Ritual": "57",
      "Ritual ?": "58",
      "Royal": "59",
      "Royal ?": "60",
      "Royal Inscription": "61",
      "Royal Inscription ?": "62",
      "royal inscription": "63",
      "royal inscription ?": "64",
      "Royal/Monumental": "65",
      "Royal/Monumental ?": "66",
      "Omen": "67",
      "Omen ?": "68",
      "Other (see subgenre)": "69",
      "Other (see subgenre) ?": "70",
      "School": "71",
      "School ?": "72",
      "school; literary": "73",
      "school; literary ?": "74",
      "Scholarly": "75",
      "Scholarly ?": "76",
      "Scientific": "77",
      "Scientific ?": "78",
      "Uncertain": "79",
      "Uncertain ?": "80",
      "Votive": "81",
      "Votive ?": "82"
    }
  }
}
