{
  "type": "catalogue",
  "project": "saao/saa09",
  "source": "http://oracc.org/saao/saa09",
  "license": "This data is released under the CC0 license",
  "license-url": "https://creativecommons.org/publicdomain/zero/1.0/",
  "more-info": "http://oracc.org/doc/opendata/",
  "UTC-timestamp": "2023-03-20T10:02:11",
  "members": {
    "P313634": {
      "langs": "0x08000000",
      "project": "saa09",
      "designation": "SAA 09 011",
      "atae_lists": "atae/saao:P313634",
      "has_date": "unknown",
      "accession_no": "K 01974",
      "archive": "099 - Miscellaneous",
      "cdli_accession_no": "K 01974",
      "cdli_id": "P313634",
      "cdli_museum_no": "BM —",
      "ch_name": "Oracle Reports to Assurbanipal",
      "ch_no": "Ch. 3",
      "ch_num_name": "Ch. 3 (Oracle Reports to Assurbanipal)",
      "collection": "British Museum, London, UK",
      "comp_wit": "witness",
      "credits": "Adapted from Simo Parpola, Assyrian Prophecies (State Archives of Assyria, 9), 1997. Lemmatised by Mikko Luukko, 2012, as part of the AHRC-funded research project “Mechanisms of Communication in an Ancient Empire: The Correspondence between the King of Assyria and his Magnates in the 8th Century BC” (AH/F016581/1; University College London) directed by Karen Radner. The annotated edition is released under the Creative Commons Attribution Share-Alike license 3.0.  Please cite this page as http://oracc.org/saao/P313634/.",
      "ct_53_no": "CT 53 219",
      "date_of_origin": "Assurbanipal.000.00.00",
      "display_name": "SAA 09 011",
      "edited_twice": "no",
      "genre": "Prophecy",
      "id_text": "P313634",
      "language": "Akkadian",
      "material": "clay",
      "museum_no": "BM —",
      "object_type": "tablet",
      "oracc_header": "&P313634 = SAA 09 011#project: saao/saa22#atf: lang nb#key: file=SAA22/SAA22.saa#key: musno=K 01974#key: cdli=K 01974#key: date=Ashurbanipal#key: writer=#key: preservation=",
      "period": "Neo-Assyrian",
      "please_cite": "Please cite this page as http://oracc.org/saao/P313634/.",
      "pleiades_id": "874621",
      "primary_publication": "CT 53 219",
      "proposed_date": "(668-ca. 631)",
      "provenience": "Kuyunjik (Nineveh)",
      "pleiades_coord": "[43.151937,36.358684]",
      "regnal_dates": "668–ca. 631 BC",
      "rework": "no",
      "ruler": "Ashurbanipal",
      "saa_attribution": "Adapted from Simo Parpola, Assyrian Prophecies (State Archives of Assyria, 9), 1997. Lemmatised by Mikko Luukko, 2012, as part of the AHRC-funded research project “Mechanisms of Communication in an Ancient Empire: The Correspondence between the King of Assyria and his Magnates in the 8th Century BC” (AH/F016581/1; University College London) directed by Karen Radner. The annotated edition is released under the Creative Commons Attribution Share-Alike license 3.0.",
      "saa_cdli_accession": "yes",
      "saa_cdli_id": "yes",
      "saa_cdli_museum": "yes",
      "saao_lists": "saao/saa09:P313634",
      "script": "Neo-Assyrian",
      "script_remarks": "inscribed",
      "script_type": "Cuneiform",
      "secondary_record": "no",
      "short_title": "Prophecies",
      "title": "Report on a Vision and an Oracle to Assurbanipal",
      "vol_title": "Assyrian Prophecies",
      "volume": "SAA 9",
      "public": "no",
      "images": [],
      "trans": [
        "en"
      ]
    },
    "P314355": {
      "langs": "0x08000000",
      "project": "saa09",
      "designation": "SAA 09 010",
      "atae_lists": "atae/saao:P314355",
      "has_date": "no",
      "accession_no": "1883-01-18, 0726",
      "ancient_author": "Dunnaša-amur of Arbela",
      "archive": "099 - Miscellaneous",
      "cdli_accession_no": "1883-01-18, 0726",
      "cdli_id": "P314355",
      "cdli_museum_no": "BM —",
      "ch_name": "Oracle Reports to Assurbanipal",
      "ch_no": "Ch. 3",
      "ch_num_name": "Ch. 3 (Oracle Reports to Assurbanipal)",
      "collection": "British Museum, London, UK",
      "comp_wit": "witness",
      "credits": "Adapted from Simo Parpola, Assyrian Prophecies (State Archives of Assyria, 9), 1997. Lemmatised by Mikko Luukko, 2012, as part of the AHRC-funded research project “Mechanisms of Communication in an Ancient Empire: The Correspondence between the King of Assyria and his Magnates in the 8th Century BC” (AH/F016581/1; University College London) directed by Karen Radner. The annotated edition is released under the Creative Commons Attribution Share-Alike license 3.0.  Please cite this page as http://oracc.org/saao/P314355/.",
      "ct_53_no": "CT 53 946",
      "date_of_origin": "Assurbanipal.000.00.00",
      "display_name": "SAA 09 010",
      "edited_twice": "no",
      "genre": "Prophecy",
      "id_text": "P314355",
      "language": "Akkadian",
      "material": "clay",
      "museum_no": "BM —",
      "object_type": "tablet",
      "oracc_header": "&P314355 = SAA 09 010#project: saao/saa22#atf: lang nb#key: file=SAA22/SAA22.saa#key: musno=1883-01-18, 0726#key: cdli=1883-01-18, 0726#key: date=Ashurbanipal#key: writer=Dunnaša-amur of Arbela#key: preservation=",
      "period": "Neo-Assyrian",
      "please_cite": "Please cite this page as http://oracc.org/saao/P314355/.",
      "pleiades_id": "874621",
      "primary_publication": "CT 53 946",
      "proposed_date": "(668-ca. 631)",
      "provenience": "Kuyunjik (Nineveh)",
      "pleiades_coord": "[43.151937,36.358684]",
      "regnal_dates": "668–ca. 631 BC",
      "rework": "no",
      "ruler": "Ashurbanipal",
      "saa_attribution": "Adapted from Simo Parpola, Assyrian Prophecies (State Archives of Assyria, 9), 1997. Lemmatised by Mikko Luukko, 2012, as part of the AHRC-funded research project “Mechanisms of Communication in an Ancient Empire: The Correspondence between the King of Assyria and his Magnates in the 8th Century BC” (AH/F016581/1; University College London) directed by Karen Radner. The annotated edition is released under the Creative Commons Attribution Share-Alike license 3.0.",
      "saa_cdli_accession": "yes",
      "saa_cdli_id": "yes",
      "saa_cdli_museum": "yes",
      "saao_lists": "saao/saa09:P314355",
      "script": "Neo-Assyrian",
      "script_remarks": "inscribed",
      "script_type": "Cuneiform",
      "secondary_record": "no",
      "short_title": "Prophecies",
      "title": "Fragment of a Prophecy",
      "vol_title": "Assyrian Prophecies",
      "volume": "SAA 9",
      "public": "no",
      "images": [],
      "trans": [
        "en"
      ]
    },
    "P333952": {
      "langs": "0x08000000",
      "project": "saa09",
      "designation": "SAA 09 001",
      "atae_lists": "atae/saao:P333952",
      "has_date": "no",
      "accession_no": "K 04310",
      "ancient_author": "Issar-la-tašiyaṭ of Arbela, Sinqiša-amur of Arbela, Remutti-Allati of Dara-ahuya, Baya of Arbela, Ilussa-amur of the Inner City, Issar-beli-da’’ini, royal votaress, Ahat-abiša of Arbela, La-dagil-ili of Arbela, two unknown prophets",
      "archive": "099 - Miscellaneous",
      "cdli_accession_no": "K 04310",
      "cdli_id": "P333952",
      "cdli_museum_no": "BM —",
      "ch_name": "Oracle Collections",
      "ch_no": "Ch. 1",
      "ch_num_name": "Ch. 1 (Oracle Collections)",
      "collection": "British Museum, London, UK",
      "comp_wit": "witness",
      "credits": "Adapted from Simo Parpola, Assyrian Prophecies (State Archives of Assyria, 9), 1997. Lemmatised by Mikko Luukko, 2012, as part of the AHRC-funded research project “Mechanisms of Communication in an Ancient Empire: The Correspondence between the King of Assyria and his Magnates in the 8th Century BC” (AH/F016581/1; University College London) directed by Karen Radner. The annotated edition is released under the Creative Commons Attribution Share-Alike license 3.0. Please cite this page as http://oracc.org/saao/P333952/.",
      "date_of_origin": "Esarhaddon.000.00.00",
      "display_name": "SAA 09 001",
      "edited_twice": "no",
      "genre": "Prophecy",
      "id_text": "P333952",
      "language": "Akkadian",
      "material": "clay",
      "museum_no": "BM —",
      "object_type": "tablet",
      "oracc_header": "&P333952 = SAA 09 001#project: saao/saa22#atf: lang nb#key: file=SAA22/SAA22.saa#key: musno=K 04310#key: cdli=K 04310#key: date=Esarhaddon#key: writer=Issar-la-tašiyaṭ of Arbela, Sinqiša-amur of Arbela, Remutti-Allati of Dara-ahuya, Baya of Arbela, Ilussa-amur of the Inner City, Issar-beli-da’’ini, royal votaress, Ahat-abiša of Arbela, La-dagil-ili of Arbela, two unknown prophets#key: preservation=",
      "other_pub": "4 R 2 61",
      "period": "Neo-Assyrian",
      "please_cite": "Please cite this page as http://oracc.org/saao/P333952/.",
      "pleiades_id": "874621",
      "primary_publication": "4 R 2 61",
      "proposed_date": "(673)",
      "provenience": "Kuyunjik (Nineveh)",
      "pleiades_coord": "[43.151937,36.358684]",
      "regnal_dates": "680–669 BC",
      "rework": "no",
      "ruler": "Esarhaddon",
      "saa_attribution": "Adapted from Simo Parpola, Assyrian Prophecies (State Archives of Assyria, 9), 1997. Lemmatised by Mikko Luukko, 2012, as part of the AHRC-funded research project “Mechanisms of Communication in an Ancient Empire: The Correspondence between the King of Assyria and his Magnates in the 8th Century BC” (AH/F016581/1; University College London) directed by Karen Radner. The annotated edition is released under the Creative Commons Attribution Share-Alike license 3.0.",
      "saa_cdli_accession": "yes",
      "saa_cdli_id": "yes",
      "saa_cdli_museum": "yes",
      "saao_lists": "saao/saa09:P333952",
      "script": "Neo-Assyrian",
      "script_remarks": "inscribed",
      "script_type": "Cuneiform",
      "secondary_record": "no",
      "short_title": "Prophecies",
      "title": "Oracles of Encouragement to Esarhaddon",
      "vol_title": "Assyrian Prophecies",
      "volume": "SAA 9",
      "public": "no",
      "images": [],
      "trans": [
        "en"
      ]
    },
    "P334828": {
      "langs": "0x08000000",
      "project": "saa09",
      "designation": "SAA 09 008",
      "atae_lists": "atae/saao:P334828",
      "has_date": "no",
      "abl_no": "ABL 1280",
      "accession_no": "K 01545",
      "archive": "099 - Miscellaneous",
      "cdli_accession_no": "K 01545",
      "cdli_id": "P334828",
      "cdli_museum_no": "BM —",
      "ch_name": "Oracle Reports to Assurbanipal",
      "ch_no": "Ch. 3",
      "ch_num_name": "Ch. 3 (Oracle Reports to Assurbanipal)",
      "collection": "British Museum, London, UK",
      "comp_wit": "witness",
      "credits": "Adapted from Simo Parpola, Assyrian Prophecies (State Archives of Assyria, 9), 1997. Lemmatised by Mikko Luukko, 2012, as part of the AHRC-funded research project “Mechanisms of Communication in an Ancient Empire: The Correspondence between the King of Assyria and his Magnates in the 8th Century BC” (AH/F016581/1; University College London) directed by Karen Radner. The annotated edition is released under the Creative Commons Attribution Share-Alike license 3.0.  Please cite this page as http://oracc.org/saao/P334828/.",
      "date_of_origin": "Assurbanipal.000.00.00",
      "display_name": "SAA 09 008",
      "edited_twice": "no",
      "genre": "Prophecy",
      "id_text": "P334828",
      "language": "Akkadian",
      "material": "clay",
      "museum_no": "BM —",
      "object_type": "tablet",
      "oracc_header": "&P334828 = SAA 09 008#project: saao/saa22#atf: lang nb#key: file=SAA22/SAA22.saa#key: musno=K 01545#key: cdli=K 01545#key: date=Ashurbanipal#key: writer=#key: preservation=",
      "period": "Neo-Assyrian",
      "please_cite": "Please cite this page as http://oracc.org/saao/P334828/.",
      "pleiades_id": "874621",
      "primary_publication": "ABL 1280",
      "proposed_date": "(646 or 653)",
      "provenience": "Kuyunjik (Nineveh)",
      "pleiades_coord": "[43.151937,36.358684]",
      "regnal_dates": "668–ca. 631 BC",
      "rework": "no",
      "ruler": "Ashurbanipal",
      "saa_attribution": "Adapted from Simo Parpola, Assyrian Prophecies (State Archives of Assyria, 9), 1997. Lemmatised by Mikko Luukko, 2012, as part of the AHRC-funded research project “Mechanisms of Communication in an Ancient Empire: The Correspondence between the King of Assyria and his Magnates in the 8th Century BC” (AH/F016581/1; University College London) directed by Karen Radner. The annotated edition is released under the Creative Commons Attribution Share-Alike license 3.0.",
      "saa_cdli_accession": "yes",
      "saa_cdli_id": "yes",
      "saa_cdli_museum": "yes",
      "saao_lists": "saao/saa09:P334828",
      "script": "Neo-Assyrian",
      "script_remarks": "inscribed",
      "script_type": "Cuneiform",
      "secondary_record": "no",
      "short_title": "Prophecies",
      "title": "Words Concerning the Elamites",
      "vol_title": "Assyrian Prophecies",
      "volume": "SAA 9",
      "public": "no",
      "images": [],
      "trans": [
        "en"
      ]
    },
    "P334927": {
      "langs": "0x08000000",
      "project": "saa09",
      "designation": "SAA 09 003",
      "atae_lists": "atae/saao:P334927",
      "has_date": "no",
      "accession_no": "K 02401",
      "ancient_author": "La-dagil-ili of Arbela",
      "archive": "099 - Miscellaneous",
      "cdli_accession_no": "K 02401",
      "cdli_id": "P334927",
      "cdli_museum_no": "BM —",
      "ch_name": "Oracle Collections",
      "ch_no": "Ch. 1",
      "ch_num_name": "Ch. 1 (Oracle Collections)",
      "collection": "British Museum, London, UK",
      "comp_wit": "witness",
      "credits": "Adapted from Simo Parpola, Assyrian Prophecies (State Archives of Assyria, 9), 1997. Lemmatised by Mikko Luukko, 2012, as part of the AHRC-funded research project “Mechanisms of Communication in an Ancient Empire: The Correspondence between the King of Assyria and his Magnates in the 8th Century BC” (AH/F016581/1; University College London) directed by Karen Radner. The annotated edition is released under the Creative Commons Attribution Share-Alike license 3.0.  Please cite this page as http://oracc.org/saao/P334927/.",
      "date_of_origin": "Esarhaddon.000.00.00",
      "display_name": "SAA 09 003",
      "edited_twice": "no",
      "genre": "Prophecy",
      "id_text": "P334927",
      "language": "Akkadian",
      "material": "clay",
      "museum_no": "BM —",
      "object_type": "tablet",
      "oracc_header": "&P334927 = SAA 09 003#project: saao/saa22#atf: lang nb#key: file=SAA22/SAA22.saa#key: musno=K 02401#key: cdli=K 02401#key: date=Esarhaddon#key: writer=La-dagil-ili of Arbela#key: preservation=",
      "other_pub": "ABRT 1 22-23",
      "period": "Neo-Assyrian",
      "please_cite": "Please cite this page as http://oracc.org/saao/P334927/.",
      "pleiades_id": "874621",
      "primary_publication": "ABRT 1 22-23",
      "proposed_date": "(680)",
      "provenience": "Kuyunjik (Nineveh)",
      "pleiades_coord": "[43.151937,36.358684]",
      "regnal_dates": "680–669 BC",
      "rework": "no",
      "ruler": "Esarhaddon",
      "saa_attribution": "Adapted from Simo Parpola, Assyrian Prophecies (State Archives of Assyria, 9), 1997. Lemmatised by Mikko Luukko, 2012, as part of the AHRC-funded research project “Mechanisms of Communication in an Ancient Empire: The Correspondence between the King of Assyria and his Magnates in the 8th Century BC” (AH/F016581/1; University College London) directed by Karen Radner. The annotated edition is released under the Creative Commons Attribution Share-Alike license 3.0.",
      "saa_cdli_accession": "yes",
      "saa_cdli_id": "yes",
      "saa_cdli_museum": "yes",
      "saao_lists": "saao/saa09:P334927",
      "script": "Neo-Assyrian",
      "script_remarks": "inscribed",
      "script_type": "Cuneiform",
      "secondary_record": "no",
      "short_title": "Prophecies",
      "title": "The Covenant of Aššur",
      "vol_title": "Assyrian Prophecies",
      "volume": "SAA 9",
      "public": "no",
      "images": [],
      "trans": [
        "en"
      ]
    },
    "P334928": {
      "langs": "0x08000000",
      "project": "saa09",
      "designation": "SAA 09 007",
      "atae_lists": "atae/saao:P334928",
      "has_date": "no",
      "accession_no": "K 00883",
      "ancient_author": "Mullissu-kabtat",
      "archive": "099 - Miscellaneous",
      "cdli_accession_no": "K 00883",
      "cdli_id": "P334928",
      "cdli_museum_no": "BM —",
      "ch_name": "Oracle Reports to Assurbanipal",
      "ch_no": "Ch. 3",
      "ch_num_name": "Ch. 3 (Oracle Reports to Assurbanipal)",
      "collection": "British Museum, London, UK",
      "comp_wit": "witness",
      "credits": "Adapted from Simo Parpola, Assyrian Prophecies (State Archives of Assyria, 9), 1997. Lemmatised by Mikko Luukko, 2012, as part of the AHRC-funded research project “Mechanisms of Communication in an Ancient Empire: The Correspondence between the King of Assyria and his Magnates in the 8th Century BC” (AH/F016581/1; University College London) directed by Karen Radner. The annotated edition is released under the Creative Commons Attribution Share-Alike license 3.0.  Please cite this page as http://oracc.org/saao/P334928/.",
      "date_of_origin": "Esarhaddon.000.00.00",
      "display_name": "SAA 09 007",
      "edited_twice": "no",
      "genre": "Prophecy",
      "id_text": "P334928",
      "language": "Akkadian",
      "material": "clay",
      "museum_no": "BM —",
      "object_type": "tablet",
      "oracc_header": "&P334928 = SAA 09 007#project: saao/saa22#atf: lang nb#key: file=SAA22/SAA22.saa#key: musno=K 00883#key: cdli=K 00883#key: date=Esarhaddon#key: writer=Mullissu-kabtat#key: preservation=",
      "other_pub": "ABRT 1 26-27",
      "period": "Neo-Assyrian",
      "please_cite": "Please cite this page as http://oracc.org/saao/P334928/.",
      "pleiades_id": "874621",
      "primary_publication": "ABRT 1 26-27",
      "proposed_date": "(674-671)",
      "provenience": "Kuyunjik (Nineveh)",
      "pleiades_coord": "[43.151937,36.358684]",
      "regnal_dates": "680–669 BC",
      "rework": "no",
      "ruler": "Esarhaddon",
      "saa_attribution": "Adapted from Simo Parpola, Assyrian Prophecies (State Archives of Assyria, 9), 1997. Lemmatised by Mikko Luukko, 2012, as part of the AHRC-funded research project “Mechanisms of Communication in an Ancient Empire: The Correspondence between the King of Assyria and his Magnates in the 8th Century BC” (AH/F016581/1; University College London) directed by Karen Radner. The annotated edition is released under the Creative Commons Attribution Share-Alike license 3.0.",
      "saa_cdli_accession": "yes",
      "saa_cdli_id": "yes",
      "saa_cdli_museum": "yes",
      "saao_lists": "saao/saa09:P334928",
      "script": "Neo-Assyrian",
      "script_remarks": "inscribed",
      "script_type": "Cuneiform",
      "secondary_record": "no",
      "short_title": "Prophecies",
      "title": "Prophecies for Crown Prince Assurbanipal",
      "vol_title": "Assyrian Prophecies",
      "volume": "SAA 9",
      "public": "no",
      "images": [],
      "trans": [
        "en"
      ]
    },
    "P336677": {
      "langs": "0x08000000",
      "project": "saa09",
      "designation": "SAA 09 004",
      "atae_lists": "atae/saao:P336677",
      "has_date": "no",
      "accession_no": "1883-01-18, 0839",
      "archive": "099 - Miscellaneous",
      "cdli_accession_no": "1883-01-18, 0839",
      "cdli_id": "P336677",
      "cdli_museum_no": "BM —",
      "ch_name": "Oracle Collections",
      "ch_no": "Ch. 1",
      "ch_num_name": "Ch. 1 (Oracle Collections)",
      "collection": "British Museum, London, UK",
      "comp_wit": "witness",
      "credits": "Adapted from Simo Parpola, Assyrian Prophecies (State Archives of Assyria, 9), 1997. Lemmatised by Mikko Luukko, 2012, as part of the AHRC-funded research project “Mechanisms of Communication in an Ancient Empire: The Correspondence between the King of Assyria and his Magnates in the 8th Century BC” (AH/F016581/1; University College London) directed by Karen Radner. The annotated edition is released under the Creative Commons Attribution Share-Alike license 3.0.  Please cite this page as http://oracc.org/saao/P336677/.",
      "date_of_origin": "Esarhaddon.000.00.00",
      "display_name": "SAA 09 004",
      "edited_twice": "no",
      "genre": "Prophecy",
      "id_text": "P336677",
      "language": "Akkadian",
      "material": "clay",
      "museum_no": "BM —",
      "object_type": "tablet",
      "oracc_header": "&P336677 = SAA 09 004#project: saao/saa22#atf: lang nb#key: file=SAA22/SAA22.saa#key: musno=1883-01-18, 0839#key: cdli=1883-01-18, 0839#key: date=Esarhaddon#key: writer=#key: preservation=",
      "period": "Neo-Assyrian",
      "please_cite": "Please cite this page as http://oracc.org/saao/P336677/.",
      "pleiades_id": "874621",
      "proposed_date": "(680)",
      "provenience": "Kuyunjik (Nineveh)",
      "pleiades_coord": "[43.151937,36.358684]",
      "regnal_dates": "680–669 BC",
      "rework": "no",
      "ruler": "Esarhaddon",
      "saa_attribution": "Adapted from Simo Parpola, Assyrian Prophecies (State Archives of Assyria, 9), 1997. Lemmatised by Mikko Luukko, 2012, as part of the AHRC-funded research project “Mechanisms of Communication in an Ancient Empire: The Correspondence between the King of Assyria and his Magnates in the 8th Century BC” (AH/F016581/1; University College London) directed by Karen Radner. The annotated edition is released under the Creative Commons Attribution Share-Alike license 3.0.",
      "saa_cdli_accession": "yes",
      "saa_cdli_id": "yes",
      "saa_cdli_museum": "yes",
      "saao_lists": "saao/saa09:P336677",
      "script": "Neo-Assyrian",
      "script_remarks": "inscribed",
      "script_type": "Cuneiform",
      "secondary_record": "no",
      "short_title": "Prophecies",
      "title": "Fragment of a Collection of Encouragement Oracles",
      "vol_title": "Assyrian Prophecies",
      "volume": "SAA 9",
      "trans": [
        "en"
      ]
    },
    "P336678": {
      "langs": "0x08000000",
      "project": "saa09",
      "designation": "SAA 09 006",
      "atae_lists": "atae/saao:P336678",
      "has_date": "no",
      "accession_no": "1891-05-09 Bu, 0106 + 1891-05-09 Bu, 0109",
      "ancient_author": "Tašmetu-ereš of Arbela",
      "archive": "099 - Miscellaneous",
      "cdli_accession_no": "1891-05-09 Bu, 0106 + 1891-05-09 Bu, 0109",
      "cdli_id": "P336678",
      "cdli_museum_no": "BM —",
      "ch_name": "Oracle Reports to Esarhaddon",
      "ch_no": "Ch. 2",
      "ch_num_name": "Ch. 2 (Oracle Reports to Esarhaddon)",
      "collection": "British Museum, London, UK",
      "comp_wit": "witness",
      "credits": "Adapted from Simo Parpola, Assyrian Prophecies (State Archives of Assyria, 9), 1997. Lemmatised by Mikko Luukko, 2012, as part of the AHRC-funded research project “Mechanisms of Communication in an Ancient Empire: The Correspondence between the King of Assyria and his Magnates in the 8th Century BC” (AH/F016581/1; University College London) directed by Karen Radner. The annotated edition is released under the Creative Commons Attribution Share-Alike license 3.0.  Please cite this page as http://oracc.org/saao/P336678/.",
      "date_of_origin": "Esarhaddon.000.00.00",
      "display_name": "SAA 09 006",
      "edited_twice": "no",
      "genre": "Prophecy",
      "id_text": "P336678",
      "language": "Akkadian",
      "material": "clay",
      "museum_no": "BM —",
      "object_type": "tablet",
      "oracc_header": "&P336678 = SAA 09 006#project: saao/saa22#atf: lang nb#key: file=SAA22/SAA22.saa#key: musno=1891-05-09 Bu, 0106 + 1891-05-09 Bu, 0109#key: cdli=1891-05-09 Bu, 0106 + 1891-05-09 Bu, 0109#key: date=Esarhaddon#key: writer=Tašmetu-ereš of Arbela#key: preservation=",
      "period": "Neo-Assyrian",
      "please_cite": "Please cite this page as http://oracc.org/saao/P336678/.",
      "pleiades_id": "874621",
      "proposed_date": "(680-669)",
      "provenience": "Kuyunjik (Nineveh)",
      "pleiades_coord": "[43.151937,36.358684]",
      "regnal_dates": "680–669 BC",
      "rework": "no",
      "ruler": "Esarhaddon",
      "saa_attribution": "Adapted from Simo Parpola, Assyrian Prophecies (State Archives of Assyria, 9), 1997. Lemmatised by Mikko Luukko, 2012, as part of the AHRC-funded research project “Mechanisms of Communication in an Ancient Empire: The Correspondence between the King of Assyria and his Magnates in the 8th Century BC” (AH/F016581/1; University College London) directed by Karen Radner. The annotated edition is released under the Creative Commons Attribution Share-Alike license 3.0.",
      "saa_cdli_accession": "yes",
      "saa_cdli_id": "yes",
      "saa_cdli_museum": "yes",
      "saao_lists": "saao/saa09:P336678",
      "script": "Neo-Assyrian",
      "script_remarks": "inscribed",
      "script_type": "Cuneiform",
      "secondary_record": "no",
      "short_title": "Prophecies",
      "title": "An Oracle from Tašmetu-ereš of Arbela",
      "vol_title": "Assyrian Prophecies",
      "volume": "SAA 9",
      "trans": [
        "en"
      ]
    },
    "P337152": {
      "langs": "0x08000000",
      "project": "saa09",
      "designation": "SAA 09 002",
      "atae_lists": "atae/saao:P337152",
      "has_date": "no",
      "accession_no": "K 12033 + 1882-05-22, 0527",
      "ancient_author": "Nabu-hussanni of the Inner City, Baya of Arbela, La-dagil-ili of Arbela, Urkittu-šarrat of Calah, Sinqiša-amur of Arbela, unknown prophet",
      "archive": "099 - Miscellaneous",
      "cdli_accession_no": "K 12033 + 1882-05-22, 0527",
      "cdli_id": "P337152",
      "cdli_museum_no": "BM —",
      "ch_name": "Oracle Collections",
      "ch_no": "Ch. 1",
      "ch_num_name": "Ch. 1 (Oracle Collections)",
      "collection": "British Museum, London, UK",
      "comp_wit": "witness",
      "credits": "Adapted from Simo Parpola, Assyrian Prophecies (State Archives of Assyria, 9), 1997. Lemmatised by Mikko Luukko, 2012, as part of the AHRC-funded research project “Mechanisms of Communication in an Ancient Empire: The Correspondence between the King of Assyria and his Magnates in the 8th Century BC” (AH/F016581/1; University College London) directed by Karen Radner. The annotated edition is released under the Creative Commons Attribution Share-Alike license 3.0.  Please cite this page as http://oracc.org/saao/P337152/.",
      "date_of_origin": "Esarhaddon.000.00.00",
      "display_name": "SAA 09 002",
      "edited_twice": "no",
      "genre": "Prophecy",
      "id_text": "P337152",
      "language": "Akkadian",
      "material": "clay",
      "museum_no": "BM —",
      "object_type": "tablet",
      "oracc_header": "&P337152 = SAA 09 002#project: saao/saa22#atf: lang nb#key: file=SAA22/SAA22.saa#key: musno=K 12033 + 1882-05-22, 0527#key: cdli=K 12033 + 1882-05-22, 0527#key: date=Esarhaddon#key: writer=Nabu-hussanni of the Inner City, Baya of Arbela, La-dagil-ili of Arbela, Urkittu-šarrat of Calah, Sinqiša-amur of Arbela, unknown prophet#key: preservation=",
      "other_pub": "TI pl.2f+",
      "period": "Neo-Assyrian",
      "please_cite": "Please cite this page as http://oracc.org/saao/P337152/.",
      "pleiades_id": "874621",
      "primary_publication": "TI pl.2f+",
      "proposed_date": "(679)",
      "provenience": "Kuyunjik (Nineveh)",
      "pleiades_coord": "[43.151937,36.358684]",
      "regnal_dates": "680–669 BC",
      "rework": "no",
      "ruler": "Esarhaddon",
      "saa_attribution": "Adapted from Simo Parpola, Assyrian Prophecies (State Archives of Assyria, 9), 1997. Lemmatised by Mikko Luukko, 2012, as part of the AHRC-funded research project “Mechanisms of Communication in an Ancient Empire: The Correspondence between the King of Assyria and his Magnates in the 8th Century BC” (AH/F016581/1; University College London) directed by Karen Radner. The annotated edition is released under the Creative Commons Attribution Share-Alike license 3.0.",
      "saa_cdli_accession": "yes",
      "saa_cdli_id": "yes",
      "saa_cdli_museum": "yes",
      "saao_lists": "saao/saa09:P337152",
      "script": "Neo-Assyrian",
      "script_remarks": "inscribed",
      "script_type": "Cuneiform",
      "secondary_record": "no",
      "short_title": "Prophecies",
      "title": "Oracles Concerning Babylon and the Stabilization of the King’s Rule",
      "vol_title": "Assyrian Prophecies",
      "volume": "SAA 9",
      "public": "no",
      "images": [],
      "trans": [
        "en"
      ]
    },
    "P337153": {
      "langs": "0x08000000",
      "project": "saa09",
      "designation": "SAA 09 005",
      "atae_lists": "atae/saao:P337153",
      "has_date": "no",
      "accession_no": "K 06259",
      "archive": "099 - Miscellaneous",
      "cdli_accession_no": "K 06259",
      "cdli_id": "P337153",
      "cdli_museum_no": "BM —",
      "ch_name": "Oracle Reports to Esarhaddon",
      "ch_no": "Ch. 2",
      "ch_num_name": "Ch. 2 (Oracle Reports to Esarhaddon)",
      "collection": "British Museum, London, UK",
      "comp_wit": "witness",
      "credits": "Adapted from Simo Parpola, Assyrian Prophecies (State Archives of Assyria, 9), 1997. Lemmatised by Mikko Luukko, 2012, as part of the AHRC-funded research project “Mechanisms of Communication in an Ancient Empire: The Correspondence between the King of Assyria and his Magnates in the 8th Century BC” (AH/F016581/1; University College London) directed by Karen Radner. The annotated edition is released under the Creative Commons Attribution Share-Alike license 3.0.  Please cite this page as http://oracc.org/saao/P337153/.",
      "date_of_origin": "Esarhaddon.000.00.00",
      "display_name": "SAA 09 005",
      "edited_twice": "no",
      "genre": "Prophecy",
      "id_text": "P337153",
      "language": "Akkadian",
      "material": "clay",
      "museum_no": "BM —",
      "object_type": "tablet",
      "oracc_header": "&P337153 = SAA 09 005#project: saao/saa22#atf: lang nb#key: file=SAA22/SAA22.saa#key: musno=K 06259#key: cdli=K 06259#key: date=Esarhaddon#key: writer=#key: preservation=",
      "other_pub": "TI pl.4",
      "period": "Neo-Assyrian",
      "please_cite": "Please cite this page as http://oracc.org/saao/P337153/.",
      "pleiades_id": "874621",
      "primary_publication": "TI pl.4",
      "proposed_date": "(680-669)",
      "provenience": "Kuyunjik (Nineveh)",
      "pleiades_coord": "[43.151937,36.358684]",
      "regnal_dates": "680–669 BC",
      "rework": "no",
      "ruler": "Esarhaddon",
      "saa_attribution": "Adapted from Simo Parpola, Assyrian Prophecies (State Archives of Assyria, 9), 1997. Lemmatised by Mikko Luukko, 2012, as part of the AHRC-funded research project “Mechanisms of Communication in an Ancient Empire: The Correspondence between the King of Assyria and his Magnates in the 8th Century BC” (AH/F016581/1; University College London) directed by Karen Radner. The annotated edition is released under the Creative Commons Attribution Share-Alike license 3.0.",
      "saa_cdli_accession": "yes",
      "saa_cdli_id": "yes",
      "saa_cdli_museum": "yes",
      "saao_lists": "saao/saa09:P337153",
      "script": "Neo-Assyrian",
      "script_remarks": "inscribed",
      "script_type": "Cuneiform",
      "secondary_record": "no",
      "short_title": "Prophecies",
      "title": "An Oracle to the Queen Mother",
      "vol_title": "Assyrian Prophecies",
      "volume": "SAA 9",
      "public": "no",
      "images": [],
      "trans": [
        "en"
      ]
    },
    "P337163": {
      "langs": "0x08000000",
      "project": "saa09",
      "designation": "SAA 09 009",
      "atae_lists": "atae/saao:P337163",
      "has_date": "yes, but date partially preserved",
      "date": "650-I-18",
      "year": "650",
      "month": "I",
      "day": "18",
      "accession_no": "K 01292 + DT 130",
      "ancient_author": "Dunnaša-amur of Arbela",
      "archive": "099 - Miscellaneous",
      "cdli_accession_no": "K 01292 + DT 130",
      "cdli_id": "P337163",
      "cdli_museum_no": "BM —",
      "ch_name": "Oracle Reports to Assurbanipal",
      "ch_no": "Ch. 3",
      "ch_num_name": "Ch. 3 (Oracle Reports to Assurbanipal)",
      "collection": "British Museum, London, UK",
      "comp_wit": "witness",
      "credits": "Adapted from Simo Parpola, Assyrian Prophecies (State Archives of Assyria, 9), 1997. Lemmatised by Mikko Luukko, 2012, as part of the AHRC-funded research project “Mechanisms of Communication in an Ancient Empire: The Correspondence between the King of Assyria and his Magnates in the 8th Century BC” (AH/F016581/1; University College London) directed by Karen Radner. The annotated edition is released under the Creative Commons Attribution Share-Alike license 3.0.  Please cite this page as http://oracc.org/saao/P337163/.",
      "date_gen": "650-I-18",
      "date_of_origin": "Assurbanipal.limu Bel-Harran-shaddu’a.01.18",
      "display_name": "SAA 09 009",
      "edited_twice": "no",
      "eponym": "Bēl-Harrān-šaddû’a",
      "genre": "Prophecy",
      "id_text": "P337163",
      "language": "Akkadian",
      "long_date": "Nisan[nu] 18th, eponymy of Bēl-Harrān-šaddû’a, governor of Tyre",
      "long_date_gen": "Nisannu 18th, eponymy of Bēl-Harrān-šaddû’a",
      "material": "clay",
      "museum_no": "BM —",
      "object_type": "tablet",
      "oracc_header": "&P337163 = SAA 09 009#project: saao/saa22#atf: lang nb#key: file=SAA22/SAA22.saa#key: musno=K 01292 + DT 130#key: cdli=K 01292 + DT 130#key: date=Ashurbanipal#key: writer=Dunnaša-amur of Arbela#key: preservation=",
      "other_pub": "ZA 24 169+",
      "period": "Neo-Assyrian",
      "please_cite": "Please cite this page as http://oracc.org/saao/P337163/.",
      "pleiades_id": "874621",
      "primary_publication": "ZA 24 169+",
      "provenience": "Kuyunjik (Nineveh)",
      "pleiades_coord": "[43.151937,36.358684]",
      "regnal_dates": "668–ca. 631 BC",
      "rework": "no",
      "ruler": "Ashurbanipal",
      "saa_attribution": "Adapted from Simo Parpola, Assyrian Prophecies (State Archives of Assyria, 9), 1997. Lemmatised by Mikko Luukko, 2012, as part of the AHRC-funded research project “Mechanisms of Communication in an Ancient Empire: The Correspondence between the King of Assyria and his Magnates in the 8th Century BC” (AH/F016581/1; University College London) directed by Karen Radner. The annotated edition is released under the Creative Commons Attribution Share-Alike license 3.0.",
      "saa_cdli_accession": "yes",
      "saa_cdli_id": "yes",
      "saa_cdli_museum": "yes",
      "saao_lists": "saao/saa09:P337163",
      "script": "Neo-Assyrian",
      "script_remarks": "inscribed",
      "script_type": "Cuneiform",
      "secondary_record": "no",
      "short_title": "Prophecies",
      "title": "Words of Encouragement to Assurbanipal",
      "vol_title": "Assyrian Prophecies",
      "volume": "SAA 9",
      "public": "no",
      "images": [],
      "trans": [
        "en"
      ]
    }
  },
  "summaries": {
    "P313634": "<p id=\"P313634\">saao/saa09:P313634 = SAA 09 011. Neo-Assyrian Kuyunjik (Nineveh) (Prophecy)</p>",
    "P314355": "<p id=\"P314355\">saao/saa09:P314355 = SAA 09 010. Neo-Assyrian Kuyunjik (Nineveh) (Prophecy)</p>",
    "P333952": "<p id=\"P333952\">saao/saa09:P333952 = SAA 09 001. Neo-Assyrian Kuyunjik (Nineveh) (Prophecy)</p>",
    "P334828": "<p id=\"P334828\">saao/saa09:P334828 = SAA 09 008. Neo-Assyrian Kuyunjik (Nineveh) (Prophecy)</p>",
    "P334927": "<p id=\"P334927\">saao/saa09:P334927 = SAA 09 003. Neo-Assyrian Kuyunjik (Nineveh) (Prophecy)</p>",
    "P334928": "<p id=\"P334928\">saao/saa09:P334928 = SAA 09 007. Neo-Assyrian Kuyunjik (Nineveh) (Prophecy)</p>",
    "P336677": "<p id=\"P336677\">saao/saa09:P336677 = SAA 09 004. Neo-Assyrian Kuyunjik (Nineveh) (Prophecy)</p>",
    "P336678": "<p id=\"P336678\">saao/saa09:P336678 = SAA 09 006. Neo-Assyrian Kuyunjik (Nineveh) (Prophecy)</p>",
    "P337152": "<p id=\"P337152\">saao/saa09:P337152 = SAA 09 002. Neo-Assyrian Kuyunjik (Nineveh) (Prophecy)</p>",
    "P337153": "<p id=\"P337153\">saao/saa09:P337153 = SAA 09 005. Neo-Assyrian Kuyunjik (Nineveh) (Prophecy)</p>",
    "P337163": "<p id=\"P337163\">saao/saa09:P337163 = SAA 09 009. Neo-Assyrian Kuyunjik (Nineveh) (Prophecy)</p>"
  }
}
