{
  "type": "corpus",
  "project": "saao/saa01",
  "source": "http://oracc.org/saao/saa01",
  "license": "This data is released under the CC0 license",
  "license-url": "https://creativecommons.org/publicdomain/zero/1.0/",
  "more-info": "http://oracc.org/doc/opendata/",
  "UTC-timestamp": "2023-03-20T09:37:25",
  "members": {
    "P224395": "corpusjson/P224395.json",
    "P224403": "corpusjson/P224403.json",
    "P224417": "corpusjson/P224417.json",
    "P224431": "corpusjson/P224431.json",
    "P224433": "corpusjson/P224433.json",
    "P224447": "corpusjson/P224447.json",
    "P224485": "corpusjson/P224485.json",
    "P224487": "corpusjson/P224487.json",
    "P224587": "corpusjson/P224587.json",
    "P313416": "corpusjson/P313416.json",
    "P313417": "corpusjson/P313417.json",
    "P313425": "corpusjson/P313425.json",
    "P313427": "corpusjson/P313427.json",
    "P313435": "corpusjson/P313435.json",
    "P313437": "corpusjson/P313437.json",
    "P313439": "corpusjson/P313439.json",
    "P313447": "corpusjson/P313447.json",
    "P313458": "corpusjson/P313458.json",
    "P313487": "corpusjson/P313487.json",
    "P313491": "corpusjson/P313491.json",
    "P313497": "corpusjson/P313497.json",
    "P313502": "corpusjson/P313502.json",
    "P313505": "corpusjson/P313505.json",
    "P313509": "corpusjson/P313509.json",
    "P313511": "corpusjson/P313511.json",
    "P313523": "corpusjson/P313523.json",
    "P313527": "corpusjson/P313527.json",
    "P313543": "corpusjson/P313543.json",
    "P313551": "corpusjson/P313551.json",
    "P313559": "corpusjson/P313559.json",
    "P313571": "corpusjson/P313571.json",
    "P313598": "corpusjson/P313598.json",
    "P313600": "corpusjson/P313600.json",
    "P313614": "corpusjson/P313614.json",
    "P313623": "corpusjson/P313623.json",
    "P313626": "corpusjson/P313626.json",
    "P313627": "corpusjson/P313627.json",
    "P313629": "corpusjson/P313629.json",
    "P313644": "corpusjson/P313644.json",
    "P313648": "corpusjson/P313648.json",
    "P313660": "corpusjson/P313660.json",
    "P313677": "corpusjson/P313677.json",
    "P313684": "corpusjson/P313684.json",
    "P313699": "corpusjson/P313699.json",
    "P313719": "corpusjson/P313719.json",
    "P313722": "corpusjson/P313722.json",
    "P313726": "corpusjson/P313726.json",
    "P313742": "corpusjson/P313742.json",
    "P313748": "corpusjson/P313748.json",
    "P313755": "corpusjson/P313755.json",
    "P313759": "corpusjson/P313759.json",
    "P313762": "corpusjson/P313762.json",
    "P313807": "corpusjson/P313807.json",
    "P313815": "corpusjson/P313815.json",
    "P313832": "corpusjson/P313832.json",
    "P313854": "corpusjson/P313854.json",
    "P313864": "corpusjson/P313864.json",
    "P313871": "corpusjson/P313871.json",
    "P313874": "corpusjson/P313874.json",
    "P313876": "corpusjson/P313876.json",
    "P313878": "corpusjson/P313878.json",
    "P313879": "corpusjson/P313879.json",
    "P313885": "corpusjson/P313885.json",
    "P313897": "corpusjson/P313897.json",
    "P313904": "corpusjson/P313904.json",
    "P313907": "corpusjson/P313907.json",
    "P313915": "corpusjson/P313915.json",
    "P313919": "corpusjson/P313919.json",
    "P313923": "corpusjson/P313923.json",
    "P313938": "corpusjson/P313938.json",
    "P313947": "corpusjson/P313947.json",
    "P313974": "corpusjson/P313974.json",
    "P313975": "corpusjson/P313975.json",
    "P314001": "corpusjson/P314001.json",
    "P314003": "corpusjson/P314003.json",
    "P314022": "corpusjson/P314022.json",
    "P314026": "corpusjson/P314026.json",
    "P314030": "corpusjson/P314030.json",
    "P314032": "corpusjson/P314032.json",
    "P314048": "corpusjson/P314048.json",
    "P314051": "corpusjson/P314051.json",
    "P314054": "corpusjson/P314054.json",
    "P314056": "corpusjson/P314056.json",
    "P314134": "corpusjson/P314134.json",
    "P314144": "corpusjson/P314144.json",
    "P314157": "corpusjson/P314157.json",
    "P314211": "corpusjson/P314211.json",
    "P314223": "corpusjson/P314223.json",
    "P314227": "corpusjson/P314227.json",
    "P314232": "corpusjson/P314232.json",
    "P314238": "corpusjson/P314238.json",
    "P314243": "corpusjson/P314243.json",
    "P314248": "corpusjson/P314248.json",
    "P314257": "corpusjson/P314257.json",
    "P314260": "corpusjson/P314260.json",
    "P314272": "corpusjson/P314272.json",
    "P314273": "corpusjson/P314273.json",
    "P314275": "corpusjson/P314275.json",
    "P314282": "corpusjson/P314282.json",
    "P314287": "corpusjson/P314287.json",
    "P314297": "corpusjson/P314297.json",
    "P314316": "corpusjson/P314316.json",
    "P334036": "corpusjson/P334036.json",
    "P334037": "corpusjson/P334037.json",
    "P334038": "corpusjson/P334038.json",
    "P334039": "corpusjson/P334039.json",
    "P334040": "corpusjson/P334040.json",
    "P334041": "corpusjson/P334041.json",
    "P334042": "corpusjson/P334042.json",
    "P334043": "corpusjson/P334043.json",
    "P334044": "corpusjson/P334044.json",
    "P334045": "corpusjson/P334045.json",
    "P334046": "corpusjson/P334046.json",
    "P334047": "corpusjson/P334047.json",
    "P334048": "corpusjson/P334048.json",
    "P334049": "corpusjson/P334049.json",
    "P334050": "corpusjson/P334050.json",
    "P334051": "corpusjson/P334051.json",
    "P334053": "corpusjson/P334053.json",
    "P334054": "corpusjson/P334054.json",
    "P334055": "corpusjson/P334055.json",
    "P334056": "corpusjson/P334056.json",
    "P334078": "corpusjson/P334078.json",
    "P334079": "corpusjson/P334079.json",
    "P334080": "corpusjson/P334080.json",
    "P334081": "corpusjson/P334081.json",
    "P334082": "corpusjson/P334082.json",
    "P334083": "corpusjson/P334083.json",
    "P334100": "corpusjson/P334100.json",
    "P334101": "corpusjson/P334101.json",
    "P334102": "corpusjson/P334102.json",
    "P334113": "corpusjson/P334113.json",
    "P334118": "corpusjson/P334118.json",
    "P334120": "corpusjson/P334120.json",
    "P334124": "corpusjson/P334124.json",
    "P334125": "corpusjson/P334125.json",
    "P334127": "corpusjson/P334127.json",
    "P334135": "corpusjson/P334135.json",
    "P334136": "corpusjson/P334136.json",
    "P334141": "corpusjson/P334141.json",
    "P334142": "corpusjson/P334142.json",
    "P334143": "corpusjson/P334143.json",
    "P334144": "corpusjson/P334144.json",
    "P334158": "corpusjson/P334158.json",
    "P334160": "corpusjson/P334160.json",
    "P334165": "corpusjson/P334165.json",
    "P334166": "corpusjson/P334166.json",
    "P334170": "corpusjson/P334170.json",
    "P334171": "corpusjson/P334171.json",
    "P334172": "corpusjson/P334172.json",
    "P334173": "corpusjson/P334173.json",
    "P334174": "corpusjson/P334174.json",
    "P334175": "corpusjson/P334175.json",
    "P334176": "corpusjson/P334176.json",
    "P334190": "corpusjson/P334190.json",
    "P334193": "corpusjson/P334193.json",
    "P334194": "corpusjson/P334194.json",
    "P334195": "corpusjson/P334195.json",
    "P334209": "corpusjson/P334209.json",
    "P334210": "corpusjson/P334210.json",
    "P334211": "corpusjson/P334211.json",
    "P334212": "corpusjson/P334212.json",
    "P334213": "corpusjson/P334213.json",
    "P334214": "corpusjson/P334214.json",
    "P334271": "corpusjson/P334271.json",
    "P334272": "corpusjson/P334272.json",
    "P334273": "corpusjson/P334273.json",
    "P334284": "corpusjson/P334284.json",
    "P334288": "corpusjson/P334288.json",
    "P334298": "corpusjson/P334298.json",
    "P334314": "corpusjson/P334314.json",
    "P334317": "corpusjson/P334317.json",
    "P334328": "corpusjson/P334328.json",
    "P334329": "corpusjson/P334329.json",
    "P334330": "corpusjson/P334330.json",
    "P334331": "corpusjson/P334331.json",
    "P334332": "corpusjson/P334332.json",
    "P334333": "corpusjson/P334333.json",
    "P334334": "corpusjson/P334334.json",
    "P334335": "corpusjson/P334335.json",
    "P334336": "corpusjson/P334336.json",
    "P334359": "corpusjson/P334359.json",
    "P334372": "corpusjson/P334372.json",
    "P334384": "corpusjson/P334384.json",
    "P334385": "corpusjson/P334385.json",
    "P334390": "corpusjson/P334390.json",
    "P334394": "corpusjson/P334394.json",
    "P334396": "corpusjson/P334396.json",
    "P334397": "corpusjson/P334397.json",
    "P334403": "corpusjson/P334403.json",
    "P334422": "corpusjson/P334422.json",
    "P334432": "corpusjson/P334432.json",
    "P334435": "corpusjson/P334435.json",
    "P334442": "corpusjson/P334442.json",
    "P334443": "corpusjson/P334443.json",
    "P334444": "corpusjson/P334444.json",
    "P334445": "corpusjson/P334445.json",
    "P334496": "corpusjson/P334496.json",
    "P334499": "corpusjson/P334499.json",
    "P334512": "corpusjson/P334512.json",
    "P334519": "corpusjson/P334519.json",
    "P334520": "corpusjson/P334520.json",
    "P334567": "corpusjson/P334567.json",
    "P334568": "corpusjson/P334568.json",
    "P334586": "corpusjson/P334586.json",
    "P334587": "corpusjson/P334587.json",
    "P334588": "corpusjson/P334588.json",
    "P334592": "corpusjson/P334592.json",
    "P334598": "corpusjson/P334598.json",
    "P334610": "corpusjson/P334610.json",
    "P334621": "corpusjson/P334621.json",
    "P334631": "corpusjson/P334631.json",
    "P334632": "corpusjson/P334632.json",
    "P334634": "corpusjson/P334634.json",
    "P334643": "corpusjson/P334643.json",
    "P334644": "corpusjson/P334644.json",
    "P334658": "corpusjson/P334658.json",
    "P334665": "corpusjson/P334665.json",
    "P334667": "corpusjson/P334667.json",
    "P334676": "corpusjson/P334676.json",
    "P334687": "corpusjson/P334687.json",
    "P334689": "corpusjson/P334689.json",
    "P334693": "corpusjson/P334693.json",
    "P334699": "corpusjson/P334699.json",
    "P334709": "corpusjson/P334709.json",
    "P334715": "corpusjson/P334715.json",
    "P334718": "corpusjson/P334718.json",
    "P334721": "corpusjson/P334721.json",
    "P334727": "corpusjson/P334727.json",
    "P334728": "corpusjson/P334728.json",
    "P334729": "corpusjson/P334729.json",
    "P334739": "corpusjson/P334739.json",
    "P334773": "corpusjson/P334773.json",
    "P334774": "corpusjson/P334774.json",
    "P334776": "corpusjson/P334776.json",
    "P334789": "corpusjson/P334789.json",
    "P334791": "corpusjson/P334791.json",
    "P334792": "corpusjson/P334792.json",
    "P334794": "corpusjson/P334794.json",
    "P334804": "corpusjson/P334804.json",
    "P334807": "corpusjson/P334807.json",
    "P334810": "corpusjson/P334810.json",
    "P334820": "corpusjson/P334820.json",
    "P334826": "corpusjson/P334826.json",
    "P334830": "corpusjson/P334830.json",
    "P334834": "corpusjson/P334834.json",
    "P334849": "corpusjson/P334849.json",
    "P334864": "corpusjson/P334864.json",
    "P334895": "corpusjson/P334895.json",
    "P334903": "corpusjson/P334903.json",
    "P334904": "corpusjson/P334904.json",
    "P334910": "corpusjson/P334910.json",
    "P334912": "corpusjson/P334912.json",
    "P334918": "corpusjson/P334918.json",
    "P334922": "corpusjson/P334922.json",
    "P334923": "corpusjson/P334923.json",
    "P336167": "corpusjson/P336167.json",
    "P336172": "corpusjson/P336172.json",
    "P336595": "corpusjson/P336595.json",
    "P336596": "corpusjson/P336596.json",
    "P336597": "corpusjson/P336597.json",
    "P393855": "corpusjson/P393855.json",
    "P393866": "corpusjson/P393866.json",
    "P428858": "corpusjson/P428858.json",
    "X010028": "corpusjson/X010028.json"
  }
}
