{
  "sortvals": {
    "ch_no": {
      "Ch. 1": "1",
      "Ch. 2": "2"
    },
    "ch_name": {
      "Treaties of the Ninth and Eighth Centuries B.C.": "1",
      "Treaties of the Seventh Century B.C.": "2"
    },
    "genre": {
      "Treaty": "1"
    },
    "title": {
      "A Vassal Treaty": "1",
      "Accession Treaty of Esarhaddon": "2",
      "Assurbanipal’s Treaty with Babylonian Allies": "3",
      "Assurbanipal’s Treaty with the Qedar Tribe": "4",
      "Esarhaddon’s Succession Treaty": "5",
      "Esarhaddon’s Treaty Inscription": "6",
      "Esarhaddon’s Treaty with Baal, King of Tyre": "7",
      "Extract from a Treaty of Sin-šarru-iškun": "8",
      "Oath of Loyalty to Esarhaddon": "9",
      "Sennacherib’s Succession Treaty": "10",
      "Sin-šarru-iškun’s Treaty with Babylonian Allies": "11",
      "Tell Tayinat Version of Esarhaddon’s Succession Treaty": "12",
      "Treaty of Aššur-nerari V with Mati’-ilu, King of Arpad": "13",
      "Treaty of Šamši-Adad V with Marduk-zakir-šumi, King of Babylon": "14",
      "Zakutu Treaty": "15"
    },
    "vol_title": {
      "Neo-Assyrian Treaties and Loyalty Oaths": "1"
    },
    "ch_num_name": {
      "Ch. 1 (Treaties of the Ninth and Eighth Centuries B.C.)": "1",
      "Ch. 2 (Treaties of the Seventh Century B.C.)": "2"
    },
    "period": {
      "Neo-Assyrian": "1"
    },
    "short_title": {
      "Treaties and Loyalty Oaths": "1"
    },
    "date": {
      "672-II-16": "1",
      "672-II-18": "2"
    },
    "volume": {
      "SAA 2": "1"
    },
    "designation": {
      "SAA 02 001": "1",
      "SAA 02 002": "2",
      "SAA 02 003": "3",
      "SAA 02 004": "4",
      "SAA 02 005": "5",
      "SAA 02 006": "6",
      "SAA 02 007": "7",
      "SAA 02 008": "8",
      "SAA 02 009": "9",
      "SAA 02 010": "10",
      "SAA 02 011": "11",
      "SAA 02 012": "12",
      "SAA 02 013": "13",
      "SAA 02 014": "14",
      "SAA 02 015": "15"
    }
  }
}
