{
  "type": "glossary",
  "project": "cams/barutu",
  "source": "http://oracc.org/cams/barutu",
  "license": "This data is released under the CC0 license",
  "license-url": "https://creativecommons.org/publicdomain/zero/1.0/",
  "more-info": "http://oracc.org/doc/opendata/",
  "UTC-timestamp": "2019-02-09T12:38:21",
  "lang": "qpn-x-divine",
  "entries": [
    {
      "headword": "Adad[1]DN",
      "id": "qpn-x-divine.x0000000",
      "icount": "3",
      "ipct": "100",
      "xis": "qpn.r000001",
      "dc_title": "cams/barutu/qpn-x-divine/Adad[1]",
      "cf": "Adad",
      "gw": "1",
      "pos": "DN",
      "forms": [
        {
          "type": "form",
          "id": "qpn-x-divine.x0000001",
          "n": "{d}IŠKUR",
          "icount": "3",
          "ipct": "100",
          "xis": "qpn.r000001"
        }
      ],
      "norms": [
        {
          "id": "qpn-x-divine.x0000002",
          "icount": "3",
          "ipct": "100",
          "xis": "qpn.r000001",
          "n": "Adad",
          "forms": [
            {
              "type": "normform",
              "id": "qpn-x-divine.x0000003",
              "ref": "qpn-x-divine.x0000001",
              "icount": "3",
              "ipct": "100",
              "xis": "qpn.r000001"
            }
          ]
        }
      ],
      "senses": [
        {
          "type": "sense",
          "id": "qpn-x-divine.x0000004",
          "n": "Adad[1//1]DN'DN",
          "icount": "3",
          "ipct": "100",
          "xis": "qpn.r000001",
          "num": "1.",
          "pos": "DN",
          "mng": "1",
          "forms": [
            {
              "type": "form",
              "id": "qpn-x-divine.x0000005",
              "n": "%akk-x-oldbab:{d}IŠKUR",
              "ref": "qpn-x-divine.x0000001",
              "icount": "3",
              "ipct": "100",
              "xis": "qpn.r000001"
            }
          ],
          "norms": [
            {
              "id": "qpn-x-divine.x0000006",
              "n": "Adad",
              "icount": "3",
              "ipct": "100",
              "xis": "qpn.r000001"
            }
          ],
          "sigs": [
            {
              "type": "sig",
              "id": "qpn-x-divine.x0000007",
              "sig": "@cams/barutu%akk-x-oldbab:{d}IŠKUR=Adad[1//1]DN'DN$Adad",
              "icount": "3",
              "ipct": "100",
              "xis": "qpn.r000001"
            }
          ]
        }
      ],
      "periods": [
        {
          "p": "Old Babylonian",
          "icount": "3",
          "ipct": "100",
          "xis": "qpn.r000001.p.s000"
        }
      ]
    },
    {
      "headword": "Nergal[1]DN",
      "id": "qpn-x-divine.x0000008",
      "icount": "1",
      "ipct": "100",
      "xis": "qpn.r000002",
      "dc_title": "cams/barutu/qpn-x-divine/Nergal[1]",
      "cf": "Nergal",
      "gw": "1",
      "pos": "DN",
      "forms": [
        {
          "type": "form",
          "id": "qpn-x-divine.x0000009",
          "n": "{d}NE.IRI.GAL",
          "icount": "1",
          "ipct": "100",
          "xis": "qpn.r000002"
        }
      ],
      "norms": [
        {
          "id": "qpn-x-divine.x0000010",
          "icount": "1",
          "ipct": "100",
          "xis": "qpn.r000002",
          "n": "Nergal",
          "forms": [
            {
              "type": "normform",
              "id": "qpn-x-divine.x0000011",
              "ref": "qpn-x-divine.x0000009",
              "icount": "1",
              "ipct": "100",
              "xis": "qpn.r000002"
            }
          ]
        }
      ],
      "senses": [
        {
          "type": "sense",
          "id": "qpn-x-divine.x0000012",
          "n": "Nergal[1//1]DN'DN",
          "icount": "1",
          "ipct": "100",
          "xis": "qpn.r000002",
          "num": "1.",
          "pos": "DN",
          "mng": "1",
          "forms": [
            {
              "type": "form",
              "id": "qpn-x-divine.x0000013",
              "n": "%akk-x-oldbab:{d}NE.IRI.GAL",
              "ref": "qpn-x-divine.x0000009",
              "icount": "1",
              "ipct": "100",
              "xis": "qpn.r000002"
            }
          ],
          "norms": [
            {
              "id": "qpn-x-divine.x0000014",
              "n": "Nergal",
              "icount": "1",
              "ipct": "100",
              "xis": "qpn.r000002"
            }
          ],
          "sigs": [
            {
              "type": "sig",
              "id": "qpn-x-divine.x0000015",
              "sig": "@cams/barutu%akk-x-oldbab:{d}NE.IRI.GAL=Nergal[1//1]DN'DN$Nergal",
              "icount": "1",
              "ipct": "100",
              "xis": "qpn.r000002"
            }
          ]
        }
      ],
      "periods": [
        {
          "p": "Old Babylonian",
          "icount": "1",
          "ipct": "100",
          "xis": "qpn.r000002.p.s000"
        }
      ]
    },
    {
      "headword": "Ninkarak[1]DN",
      "id": "qpn-x-divine.x0000016",
      "icount": "1",
      "ipct": "100",
      "xis": "qpn.r000003",
      "dc_title": "cams/barutu/qpn-x-divine/Ninkarak[1]",
      "cf": "Ninkarak",
      "gw": "1",
      "pos": "DN",
      "forms": [
        {
          "type": "form",
          "id": "qpn-x-divine.x0000017",
          "n": "{d}NIN.KAR.RA.AK",
          "icount": "1",
          "ipct": "100",
          "xis": "qpn.r000003"
        }
      ],
      "norms": [
        {
          "id": "qpn-x-divine.x0000018",
          "icount": "1",
          "ipct": "100",
          "xis": "qpn.r000003",
          "n": "Ninkarak",
          "forms": [
            {
              "type": "normform",
              "id": "qpn-x-divine.x0000019",
              "ref": "qpn-x-divine.x0000017",
              "icount": "1",
              "ipct": "100",
              "xis": "qpn.r000003"
            }
          ]
        }
      ],
      "senses": [
        {
          "type": "sense",
          "id": "qpn-x-divine.x0000020",
          "n": "Ninkarak[1//1]DN'DN",
          "icount": "1",
          "ipct": "100",
          "xis": "qpn.r000003",
          "num": "1.",
          "pos": "DN",
          "mng": "1",
          "forms": [
            {
              "type": "form",
              "id": "qpn-x-divine.x0000021",
              "n": "%akk-x-oldbab:{d}NIN.KAR.RA.AK",
              "ref": "qpn-x-divine.x0000017",
              "icount": "1",
              "ipct": "100",
              "xis": "qpn.r000003"
            }
          ],
          "norms": [
            {
              "id": "qpn-x-divine.x0000022",
              "n": "Ninkarak",
              "icount": "1",
              "ipct": "100",
              "xis": "qpn.r000003"
            }
          ],
          "sigs": [
            {
              "type": "sig",
              "id": "qpn-x-divine.x0000023",
              "sig": "@cams/barutu%akk-x-oldbab:{d}NIN.KAR.RA.AK=Ninkarak[1//1]DN'DN$Ninkarak",
              "icount": "1",
              "ipct": "100",
              "xis": "qpn.r000003"
            }
          ]
        }
      ],
      "periods": [
        {
          "p": "Old Babylonian",
          "icount": "1",
          "ipct": "100",
          "xis": "qpn.r000003.p.s000"
        }
      ]
    }
  ],
  "instances": {
    "qpn.r000001": [
      "cams/barutu:P365126.31.2",
      "cams/barutu:P365126.33.1",
      "cams/barutu:P365126.34.4"
    ],
    "qpn.r000002": [
      "cams/barutu:P365126.30.1"
    ],
    "qpn.r000003": [
      "cams/barutu:P365126.40.2"
    ],
    "qpn.r000001.p.s000": [
      "cams/barutu:P365126.31.2",
      "cams/barutu:P365126.33.1",
      "cams/barutu:P365126.34.4"
    ],
    "qpn.r000002.p.s000": [
      "cams/barutu:P365126.30.1"
    ],
    "qpn.r000003.p.s000": [
      "cams/barutu:P365126.40.2"
    ]
  },
  "summaries": {
    "qpn-x-divine.x0000000": "<p class=\"summary\" id=\"qpn-x-divine.x0000000\"><span class=\"summary\"><span class=\"summary-headword\"><a href=\"javascript:p3Article('/cams/barutu/cbd/qpn-x-divine/qpn-x-divine.x0000000.html')\"><span class=\"cf\">Adad</span> [<span class=\"gw\">1</span>] <span class=\"cf\">DN</span></a> (3x) </span>Old Babylonian  \"1\"</span></p>",
    "qpn-x-divine.x0000008": "<p class=\"summary\" id=\"qpn-x-divine.x0000008\"><span class=\"summary\"><span class=\"summary-headword\"><a href=\"javascript:p3Article('/cams/barutu/cbd/qpn-x-divine/qpn-x-divine.x0000008.html')\"><span class=\"cf\">Nergal</span> [<span class=\"gw\">1</span>] <span class=\"cf\">DN</span></a> (1x) </span>Old Babylonian  \"1\"</span></p>",
    "qpn-x-divine.x0000016": "<p class=\"summary\" id=\"qpn-x-divine.x0000016\"><span class=\"summary\"><span class=\"summary-headword\"><a href=\"javascript:p3Article('/cams/barutu/cbd/qpn-x-divine/qpn-x-divine.x0000016.html')\"><span class=\"cf\">Ninkarak</span> [<span class=\"gw\">1</span>] <span class=\"cf\">DN</span></a> (1x) </span>Old Babylonian  \"1\"</span></p>"
  }
}
