{
  "type": "corpus",
  "project": "saao/saa17",
  "source": "http://oracc.org/saao/saa17",
  "license": "This data is released under the CC0 license",
  "license-url": "https://creativecommons.org/publicdomain/zero/1.0/",
  "more-info": "http://oracc.org/doc/opendata/",
  "UTC-timestamp": "2023-03-20T10:17:00",
  "members": {
    "P236889": "corpusjson/P236889.json",
    "P236891": "corpusjson/P236891.json",
    "P236892": "corpusjson/P236892.json",
    "P236894": "corpusjson/P236894.json",
    "P236913": "corpusjson/P236913.json",
    "P236963": "corpusjson/P236963.json",
    "P237051": "corpusjson/P237051.json",
    "P237075": "corpusjson/P237075.json",
    "P237076": "corpusjson/P237076.json",
    "P237090": "corpusjson/P237090.json",
    "P237107": "corpusjson/P237107.json",
    "P237181": "corpusjson/P237181.json",
    "P237192": "corpusjson/P237192.json",
    "P237207": "corpusjson/P237207.json",
    "P237240": "corpusjson/P237240.json",
    "P237251": "corpusjson/P237251.json",
    "P237259": "corpusjson/P237259.json",
    "P237326": "corpusjson/P237326.json",
    "P237440": "corpusjson/P237440.json",
    "P237453": "corpusjson/P237453.json",
    "P237514": "corpusjson/P237514.json",
    "P237542": "corpusjson/P237542.json",
    "P237554": "corpusjson/P237554.json",
    "P237651": "corpusjson/P237651.json",
    "P237680": "corpusjson/P237680.json",
    "P237730": "corpusjson/P237730.json",
    "P237783": "corpusjson/P237783.json",
    "P237788": "corpusjson/P237788.json",
    "P237819": "corpusjson/P237819.json",
    "P237829": "corpusjson/P237829.json",
    "P237830": "corpusjson/P237830.json",
    "P237832": "corpusjson/P237832.json",
    "P237833": "corpusjson/P237833.json",
    "P237834": "corpusjson/P237834.json",
    "P237836": "corpusjson/P237836.json",
    "P237843": "corpusjson/P237843.json",
    "P237847": "corpusjson/P237847.json",
    "P237901": "corpusjson/P237901.json",
    "P237905": "corpusjson/P237905.json",
    "P237906": "corpusjson/P237906.json",
    "P237907": "corpusjson/P237907.json",
    "P237911": "corpusjson/P237911.json",
    "P237916": "corpusjson/P237916.json",
    "P237922": "corpusjson/P237922.json",
    "P237925": "corpusjson/P237925.json",
    "P237927": "corpusjson/P237927.json",
    "P237933": "corpusjson/P237933.json",
    "P237936": "corpusjson/P237936.json",
    "P237939": "corpusjson/P237939.json",
    "P237946": "corpusjson/P237946.json",
    "P237959": "corpusjson/P237959.json",
    "P237960": "corpusjson/P237960.json",
    "P237963": "corpusjson/P237963.json",
    "P237968": "corpusjson/P237968.json",
    "P237978": "corpusjson/P237978.json",
    "P237983": "corpusjson/P237983.json",
    "P237986": "corpusjson/P237986.json",
    "P237989": "corpusjson/P237989.json",
    "P237990": "corpusjson/P237990.json",
    "P237993": "corpusjson/P237993.json",
    "P237994": "corpusjson/P237994.json",
    "P237996": "corpusjson/P237996.json",
    "P238004": "corpusjson/P238004.json",
    "P238006": "corpusjson/P238006.json",
    "P238007": "corpusjson/P238007.json",
    "P238011": "corpusjson/P238011.json",
    "P238014": "corpusjson/P238014.json",
    "P238056": "corpusjson/P238056.json",
    "P238057": "corpusjson/P238057.json",
    "P238080": "corpusjson/P238080.json",
    "P238083": "corpusjson/P238083.json",
    "P238098": "corpusjson/P238098.json",
    "P238099": "corpusjson/P238099.json",
    "P238100": "corpusjson/P238100.json",
    "P238103": "corpusjson/P238103.json",
    "P238116": "corpusjson/P238116.json",
    "P238118": "corpusjson/P238118.json",
    "P238119": "corpusjson/P238119.json",
    "P238121": "corpusjson/P238121.json",
    "P238128": "corpusjson/P238128.json",
    "P238317": "corpusjson/P238317.json",
    "P238331": "corpusjson/P238331.json",
    "P238334": "corpusjson/P238334.json",
    "P238347": "corpusjson/P238347.json",
    "P238349": "corpusjson/P238349.json",
    "P238350": "corpusjson/P238350.json",
    "P238352": "corpusjson/P238352.json",
    "P238354": "corpusjson/P238354.json",
    "P238355": "corpusjson/P238355.json",
    "P238365": "corpusjson/P238365.json",
    "P238373": "corpusjson/P238373.json",
    "P238385": "corpusjson/P238385.json",
    "P238390": "corpusjson/P238390.json",
    "P238427": "corpusjson/P238427.json",
    "P238431": "corpusjson/P238431.json",
    "P238436": "corpusjson/P238436.json",
    "P238437": "corpusjson/P238437.json",
    "P238439": "corpusjson/P238439.json",
    "P238440": "corpusjson/P238440.json",
    "P238441": "corpusjson/P238441.json",
    "P238443": "corpusjson/P238443.json",
    "P238444": "corpusjson/P238444.json",
    "P238445": "corpusjson/P238445.json",
    "P238449": "corpusjson/P238449.json",
    "P238453": "corpusjson/P238453.json",
    "P238455": "corpusjson/P238455.json",
    "P238457": "corpusjson/P238457.json",
    "P238468": "corpusjson/P238468.json",
    "P238470": "corpusjson/P238470.json",
    "P238481": "corpusjson/P238481.json",
    "P238482": "corpusjson/P238482.json",
    "P238483": "corpusjson/P238483.json",
    "P238486": "corpusjson/P238486.json",
    "P238500": "corpusjson/P238500.json",
    "P238503": "corpusjson/P238503.json",
    "P238504": "corpusjson/P238504.json",
    "P238509": "corpusjson/P238509.json",
    "P238510": "corpusjson/P238510.json",
    "P238511": "corpusjson/P238511.json",
    "P238518": "corpusjson/P238518.json",
    "P238519": "corpusjson/P238519.json",
    "P238599": "corpusjson/P238599.json",
    "P238645": "corpusjson/P238645.json",
    "P238647": "corpusjson/P238647.json",
    "P238648": "corpusjson/P238648.json",
    "P238656": "corpusjson/P238656.json",
    "P238660": "corpusjson/P238660.json",
    "P238665": "corpusjson/P238665.json",
    "P238667": "corpusjson/P238667.json",
    "P238669": "corpusjson/P238669.json",
    "P238677": "corpusjson/P238677.json",
    "P238682": "corpusjson/P238682.json",
    "P238683": "corpusjson/P238683.json",
    "P238701": "corpusjson/P238701.json",
    "P238712": "corpusjson/P238712.json",
    "P238713": "corpusjson/P238713.json",
    "P238715": "corpusjson/P238715.json",
    "P238718": "corpusjson/P238718.json",
    "P238724": "corpusjson/P238724.json",
    "P238726": "corpusjson/P238726.json",
    "P238839": "corpusjson/P238839.json",
    "P238844": "corpusjson/P238844.json",
    "P238854": "corpusjson/P238854.json",
    "P239020": "corpusjson/P239020.json",
    "P239023": "corpusjson/P239023.json",
    "P239161": "corpusjson/P239161.json",
    "P239163": "corpusjson/P239163.json",
    "P239168": "corpusjson/P239168.json",
    "P239170": "corpusjson/P239170.json",
    "P239171": "corpusjson/P239171.json",
    "P239177": "corpusjson/P239177.json",
    "P239178": "corpusjson/P239178.json",
    "P239179": "corpusjson/P239179.json",
    "P239180": "corpusjson/P239180.json",
    "P239182": "corpusjson/P239182.json",
    "P239190": "corpusjson/P239190.json",
    "P239191": "corpusjson/P239191.json",
    "P239283": "corpusjson/P239283.json",
    "P239286": "corpusjson/P239286.json",
    "P239288": "corpusjson/P239288.json",
    "P239290": "corpusjson/P239290.json",
    "P239295": "corpusjson/P239295.json",
    "P239306": "corpusjson/P239306.json",
    "P239346": "corpusjson/P239346.json",
    "P239348": "corpusjson/P239348.json",
    "P239352": "corpusjson/P239352.json",
    "P239355": "corpusjson/P239355.json",
    "P239392": "corpusjson/P239392.json",
    "P239395": "corpusjson/P239395.json",
    "P239398": "corpusjson/P239398.json",
    "P239399": "corpusjson/P239399.json",
    "P239403": "corpusjson/P239403.json",
    "P239415": "corpusjson/P239415.json",
    "P239416": "corpusjson/P239416.json",
    "P239417": "corpusjson/P239417.json",
    "P239428": "corpusjson/P239428.json",
    "P239449": "corpusjson/P239449.json",
    "P239463": "corpusjson/P239463.json",
    "P239466": "corpusjson/P239466.json",
    "P239468": "corpusjson/P239468.json",
    "P239878": "corpusjson/P239878.json",
    "P239973": "corpusjson/P239973.json",
    "P240131": "corpusjson/P240131.json",
    "P240133": "corpusjson/P240133.json",
    "P240148": "corpusjson/P240148.json",
    "P240149": "corpusjson/P240149.json",
    "P240177": "corpusjson/P240177.json",
    "P240182": "corpusjson/P240182.json",
    "P240184": "corpusjson/P240184.json",
    "P240213": "corpusjson/P240213.json",
    "P240217": "corpusjson/P240217.json",
    "P240228": "corpusjson/P240228.json",
    "P240255": "corpusjson/P240255.json",
    "P240261": "corpusjson/P240261.json",
    "P240284": "corpusjson/P240284.json",
    "P240285": "corpusjson/P240285.json",
    "P240308": "corpusjson/P240308.json",
    "P240311": "corpusjson/P240311.json",
    "P240360": "corpusjson/P240360.json",
    "P240426": "corpusjson/P240426.json",
    "P240432": "corpusjson/P240432.json",
    "P334701": "corpusjson/P334701.json",
    "P334712": "corpusjson/P334712.json",
    "P334717": "corpusjson/P334717.json",
    "P336156": "corpusjson/P336156.json",
    "P385923": "corpusjson/P385923.json",
    "P396013": "corpusjson/P396013.json"
  }
}
