{
  "type": "portal",
  "project": "tcma",
  "source": "http://oracc.org/tcma",
  "license": "This data is released under the CC0 license",
  "license-url": "https://creativecommons.org/publicdomain/zero/1.0/",
  "more-info": "http://oracc.org/doc/opendata/",
  "UTC-timestamp": "2023-04-06T18:50:25",
  "chunks": [
    {
      "type": "h1",
      "url": "tcma/index.html#d2e44",
      "text": "Text Corpus of Middle Assyrian"
    },
    {
      "type": "div",
      "url": "tcma/index.html#innerContent",
      "text": "Middle Assyrian cylinder seal. Image by Daderot@wikimedia, listed as open domain       The Middle Assyrian empire (ca. 1500‒1000 BCE) saw the expansion of the small state centred around the city of Assur (modern Qal’at Sherqat) towards the West. During the reign of Shalmaneser I (1273‒1244/1263‒1234 BCE), the rival state of Hanigalbat was defeated and new Assyrian colonies were founded at former settlements in the Habur region. Local administration from these places yielded, together with texts from the city of Aššur, a large number of over 3,000 cuneiform tablets.The Middle Assyrian period formally ends with the long reign of Tiglath-Pileser II (967–935 BCE), after which the Neo-Assyrian period started with a revival of Assyrian power under the leadership of Aššur-dān II (934–912 BCE). However, only a few texts can be dated to the period from the second half of the reign of Tiglath-Pileser I (1074–1056 BCE) onwards. The project TCMA (Text Corpus of Middle Assyrian) seeks to provide online transliterations, translations, and bibliographical references to Middle Assyrian administrative documents. The goal is to eventually provide editions of all administrative documents and Assyrian scholarly compositions.       At the moment of writing (02.2022) the project containts over 1,700 texts. Well known text publications are available in edition, such as KAV, KAJ and the tablets from Tell Sheikh Hamad puhlished in BATSH 4, 9, and 18. In addition, texts written in the Assyrian language from the M 2 library such as the Middle Assyrian Laws (MAL) and the Coronation ritual are included.    To use TCMA effectively use “Browse the corpus” to find all texts available in one place, ordered after their main text publication. You can also easily find tablets by using their Oracc P number or museum number. Text are ordered under their first main text publication. Therefore VAT 8956 would be found as KAJ 316, even though it was re-published with improved copy as MARV 1 22. If only published as an article, the museum number is used. The large inventory published by Köcher in AfO 18, is included here as VAT 16462. An exception are the texts re-listed in KAM 7, e.g., the letter A 02429 is included as KAM 7, 145. Tablets of private collections are named after the author of their editions, e.g., Wilhelm 1997: AOAT 247. This letter is is found in the folder \"Private collection\", together with Faist 2001: AOAT 265. For convenience, large numbers of texts published in journals are still listed under the volume of this folder. Thus Tell Rimah texts are found in Iraq 30, listed after their siglum TR. In addition, texts from Tell Billa (JCS 7) and Tell Ali (Iraq 70) use a siglum named after their findspot (Billa and Ali). To find texts from one specific place, go the findspots where they are listed in their respective subproject. The indices of the general glossary and proper nouns can be accessed below in the menu \"glossaries,\" however each subproject has its own set. Go to the plus symbol on the left side of each subproject to find them. This makes it easy to compare between the vocabulary and onomasticon of each site. As such, all proper nouns and nouns are standardized to (idealized) Standard Babylonian. This means that Urad-Šerūa is found in the onomasticon under (W) as Warad-Šerūa. Clicking on this name will give a list of attestation with different spellings and their Middle Assyrian realization (Urad-Šerūa) automatically rendered. Note that following general Oracc conventions, statives are listed as adjectives. However, statives that use a direct object are given with secondary meaning as being verbal. A good example of this is  našû   “lifted,” which can be found with secondary meaning “bring (V).” Adjectives of secondary stems are listed separately (but finite verbs unfortunately not), e.g.,  šūšubu  “settled.”       [https://www.uni-marburg.de/de/cnms/altorientalistik]"
    },
    {
      "type": "div",
      "url": "tcma/index.html#Breadcrumb",
      "text": "home  » Laws and Scholarly Tablets"
    },
    {
      "type": "h1",
      "url": "tcma/index.html#d2e168",
      "text": "Laws and Scholarly Tablets"
    },
    {
      "type": "div",
      "url": "tcma/index.html#innerContent",
      "text": "Perhaps the most well-known tablets from the corpus are the Middle Assyrian laws (MAL) and the Palace Edicts (MAPD). These are Assyrian compositions, written in the Assyrian dialect and therefore included here. In addition, there are a number of scholarly tablets written in the Assyrian dialect, including rituals, historical texts, incantations, and hippology. Most tablets derive from the alleged “Tiglathpileser-library” and were found at the Assur temple (M 2 archive), although the idea of a library founded by king Tiglathpileser I is now rejected by most scholars."
    },
    {
      "type": "div",
      "url": "tcma/index.html#Breadcrumb",
      "text": "home  » Glossaries"
    },
    {
      "type": "h1",
      "url": "tcma/index.html#d2e304",
      "text": "Glossaries"
    },
    {
      "type": "div",
      "url": "tcma/index.html#innerContent",
      "text": "A list of various glossaries available for the main corpus.  Each subproject has functional glossaries and lists of proper nouns. Go to the plus symbol on the left side of each subproject to find them. This makes it easy to compare between the vocabulary and onomasticon of each site. As such, all proper nouns and nouns are standardized to (idealized) Standard Babylonian. This means that Urad-Šerūa is found in the onomasticon under (W) as Warad-Šerūa. Clicking on this name will give a list of attestation with different spellings and their Middle Assyrian realization (Urad-Šerūa) automatically rendered. Note that following general Oracc conventions, statives are listed as adjectives. However, statives that use a direct object are given with secondary meaning as being verbal. A good example of this is  našû  \"lifted,\" which can be found with secondary meaning \"bring (V).\" Adjectives of secondary stems are listed separately (but finite verbs unfortunately not), e.g.,  šūšubu  \"settled.\""
    },
    {
      "type": "div",
      "url": "tcma/index.html#Breadcrumb",
      "text": "home  » Signs"
    },
    {
      "type": "h1",
      "url": "tcma/index.html#d2e467",
      "text": "Search for any cuneiform sign value"
    },
    {
      "type": "div",
      "url": "tcma/index.html#innerContent",
      "text": "Search                                Search for a sign value, e.g., šu, dam2, ha5, 'a4, or unugx.       The values are pulled from  Oracc's Global Sign List  [http://oracc.museum.upenn.edu/ogsl/] .                                     OB                                                                                         NA                                                                                       Proto-cuneiform                                                                                                            Palaeography                                    Late Third Millennium                           Old Assyrian                           Middle Assyrian                           Neo-Assyrian                           Old Babylonian                           Neo-Babylonian                           Late Babylonian                                          The cuneiform fonts needed to display the signs can be found  here  [https://www.hethport.uni-wuerzburg.de/cuneifont/] .       The proto-cuneiform signs are made available through  CDLI  [https://cdli.ucla.edu/?q=downloads/] .       The palaeographic section displays the data from the defunct  Cuneiform Digital Palaeography Project  [https://research.birmingham.ac.uk/en/datasets/cuneiform-digital-palaeography-project] , which is available  here  [https://github.com/urschrei/CDP] ."
    },
    {
      "type": "div",
      "url": "tcma/index.html#Breadcrumb",
      "text": "home  »  Signs  » Logograms"
    },
    {
      "type": "h1",
      "url": "tcma/index.html#d2e789",
      "text": "The Logograms Used in the Middle Assyrian Text Corpus Project"
    },
    {
      "type": "div",
      "url": "tcma/index.html#innerContent",
      "text": "Logogram                Akkadian                English               A mû water        A.AB.BA tiāmtu sea        A.BA ṭupšarru scribe        A.GAR.GAR piqqannu droppings (of sheep, gazelle)        A.GAR₃ ugāru (communally controlled) meadow        A.KAL hīlu exudation        A.ŠA₃ bītu house        A.ŠA₃ eqlu field        ABUL abullu gate        AB₂ lītu cow        AGRIG mašennu (an administrator)        ALAM ṣalmu effigy        ALAN.ZU₂ aluzinnu buffoon        AM.SI pīru elephant        AMA ummu mother        AN šamû heaven        AN.BAR parzillu iron        AN.NA annaku tin        AN.TA elû upper        ANŠE imēru donkey        ANŠE imēru unit        ANŠE-TA.AM₃ imēru unit        ANŠE.KUR.RA sisû horse        ANŠE.NITA₂ imēru donkey        APIN epinnu (seed) plough        ARAD wardu slave        AŠGAB aškāpu leatherworker        A₂ ahātu bank        A₂ igru hire        BABBAR peṣû white        BAN sūtu unit        BANŠUR paššuru table        BAN₂ sūtu unit        BAN₂-TA.AM₃ sūtu unit        BAR.DUL kusītu robe        BULUH baluhhu (an aromatic plant)        BUR.GUL parkullu seal-cutter        BUR.ZI pursītu (offering) bowl        BURU₁₄ ebūru summer        DAM aššatu wife        DAM.GAR tamkāru merchant        DAM.GAR₃ tamkāru merchant        DAM.GAR₃ unīqu female kid        DAM.GAR₃-MES tamkāru merchant        DANNA bēru unit        DARA₃.MAŠ ayyalu stag        DI.KU₅ dīnu legal decision        DIN nadānu give        DINGIR ilu god        DU alāku go        DUB kunukku seal        DUB šalmu intact        DUB ṭuppu tablet        DUB.SAR ṭupšarru scribe        DUG karpatu pot        DUH.LAL₃ iškūru wax        DUMU māru son        DUMU-ME.EŠ māru son        DUMU.MUNU mārtu daughter        DUMU.MUNUS mārtu daughter        DUMU.MUNUS-MES mārtu daughter        DU₁₀.GA ṭābu good        DU₈.ŠI dušû quartz        DU₈.ŠI.A dušû quartz        E.SIR šēnu sandal        EGIR warki behind        EGIR warkû rear        EME lišānu tongue        EME₅ atānu she-ass        EN bēlu lord        ENGAR ikkaru farmer        ERIN₂ ṣābu people        ESI ušû ebony        EZEN isinnu festival        E₂ bītu house        E₂ eqlu field        E₂-GAL amīlti-ēkalli queen        E₂-GAL ēkallu palace        E₂.GAL ēkallu palace        GA rabû big        GA šizbu milk        GAB ša-zīzi breast fed (child)        GAB.LAL₃ iškūru wax        GABA ša-zīzi breast fed (child)        GADA kitû flax        GAG sikkatu peg        GAG.LIŠ saparru cart        GAG.TAG.GA šiltāhu arrow        GAG.U₂.TAG.GA šiltāhu arrow        GAL pappaltu coarse flour        GAL rabbû very big        GAL rabû big        GAL rabû big one        GAL.GAL.LA pappaltu coarse flour        GAL.GAL.LA rabbû very big        GAŠAN bēltu lady        GA₂ ikû field        GEME₂ amtu maid        GEŠ.TIN karānu wine        GEŠTIN karānu wine        GE₆ mūšu night        GE₆ ṣalmu black        GI apu reed-bed        GI qanû reed        GI.ŠE ziqpu shoot        GIBIL eššu new        GIDRU haṭṭu stick        GID₂ arku long        GID₂.DA arku long        GIG kibtu wheat        GIGIR mugerru two-wheeled vehicle        GIGIR ša-muhhi-bīt-mugerrī overseer of the chariot house        GIGIR ša-narkabti charioteer        GIN kīnu permanent        GIN₂ šiqlu unit        GIN₂-TA.AM₃ šiqlu unit        GIN₂-TAM.AM₃ biltu load        GIN₂.TA.AM₃ šiqlu unit        GIR₂ patru sword        GIR₃ purīdu leg        GIR₃ šēpu foot        GIS.I₃.SE šamaššammū sesame        GIŠ iṣu tree        GIŠ.GAR₃ iškāru work assignment        GIŠ.TIN karānu wine        GIŠ.ŠE.I₃ šamaššammū sesame        GU.ZA kussû chair        GUB₃ šumēlu left        GUKKAL zibbatu tail        GUN biltu load        GUR₂ kukuru (an aromatic tree)        GU₂.E₃ nahlaptu garment        GU₂.ZI kāsu cup        GU₄ alpu ox        GU₄.NITA₂ alpu ox        HA.LA zittu share        HA.LA₂ zittu share        HAB hûratu madder        HAD₂.DU ablu dried        HAL bārû diviner        HAR šawiru ring        HAŠHUR hašhūru (a fruit tree)        HE₂.ME.DA tabarru red wool        HUB₂ atānu she-ass        HUR.SAG azupīru saffron        IB₂.LA₂ nēbehu band        ID₂ nārtu ditch, canal        ID₂ nāru river        ID₂-DIDLI nāru river        ID₂-TA.AM₃ nāru river        IG daltu door        IGI mahru front        IGI mahru that can be placed        IGI pānu front        IGI īnu eye        IGI šību old one        IGI.LIM imhur-līm (a medicinal plant)        IGI.NIŠ imhur-ešrā (a climbing plant)        IGI.NU.DUH lā-dāgilu blind        IKU ikû field        IL šupêlu exchange        ILDAG₂ adāru (a tree)        ILLU hīlu exudation        IM ṭuppu tablet        IN.NA tibnu straw        IN.NU tibnu straw        ITI warhu month        I₂.ŠUR ṣāhitu oil-presser        I₃ šamnu oil        I₃.AG₂.E madādu measure        I₃.DU₈ atû gatekeeper        I₃.GIŠ šamaššammū sesame        I₃.GIŠ šamnu oil        I₃.LA₂.E šaqālu weigh        I₃.NUN.NA himētu butter        I₃.ŠUR ṣāhitu oil-presser        KA pû mouth        KA-KEŠ₂ kāṣiru tailor        KA.KAŠ₂ kāṣiru tailor        KAK kakku weapon        KALA.GA dannu strong        KALAG.GA dannu strong        KAR.KID harimtu (temple) prostitute        KASKAL harrānu path        KAŠ šikaru beer        KA₂ bābu gate        KA₂.GAL abullu gate        KI ištu from        KI.LAM mahīrtu market price        KI.LA₂ šuqultu weight        KI.TA šaplû lower        KIMIN akalu food        KIMIN alahhinu miller?        KIMIN erû grindstone        KIMIN gabû alum        KIMIN kallu (kind of) bowl        KIMIN mišlu half        KIMIN nalbattu brick mould        KIMIN narūqu leather bag        KIMIN pasru (a container)        KIMIN peṣû white        KIMIN quppu box        KIMIN sīrāšû brewer        KIMIN sūne paṣie (a cloth trimming) white        KIMIN tabarru red wool        KIN ša-šipri worker        KIN šipru sending        KIRI₆ kirû garden        KIRI₆ kirû orchard        KIRI₆ nukaribbu gardener        KISAL kisal unit        KISAL-TA.AM₃ kisal unit        KIŠIB kunukku seal        KU kumānu unit        KU qēmu flour        KUR atāʾišu (a plant)        KUR mātu land        KUR šadû mountain        KUR.RA nīnû (a medicinal plant)        KUR.RA šadû mountain        KURUM₆ kurummatu ration        KUR₄.RA kabru thick        KUŠ mašku skin        KUŠ-ŠE.ŠEN ša-maškī-šimtīšu craftsman who glues hides        KUŠ₃ ammatu unit        KU₂.SI₂₂ hurāṣu gold        KU₃.BABBAR kaspu silver        KU₃.BABBAR ṣarpu reddened        KU₃.SI₂₂ hurāṣu gold        KU₆ nūnu fish        LAL₃ dišpu honey        LA₂ maṭû small        LA₂ muṭṭû deficit        LI burāšu (species of) juniper        LIŠ.ŠU.DU₈.A šāqû steward        LUGAL šarru king        LUNGA sīrāšû brewer        LU₂ awīlu man        LU₂ ša-narkabti charioteer        MA.NA manû unit        MA.NA-TA.AM₃ manû unit        MA.NU ēru (a tree)        MAN šarratu queen        MAN šarru king        MAN šarrūtu kingship        MAR amru seen        MAR.GID₂.DA ereqqu cart        MAŠ nikiptu euphorbia?        MAŠ wāšipu exorcist        MAŠ.DA₃ ṣabītu gazelle        MAŠ₂ urīṣu male goat        MAŠ₂ ṣibtu interest        MA₂ eleppu ship        MA₂.LAH₅ malāhu sailor        ME meʾatu hundred        ME šina they        ME-TA.AM₃ meʾatu hundred        MIN šeʾu barley        MU humūšû five-year-old        MU rubūʾû four-year-old        MU šattu year        MU šudūšû six-year-old        MU šulūšû three-year-old        MU šumu name        MU šunūʾû two-year-old        MUHALDIM nuhatimmu cook        MUN ṭabtu salt        MUNUS sinništu woman        MUNUS.TUR ṣehhertu young girl        MUNU₆ buqlu malt        MURU₂ qablu hips        MUŠEN iṣṣūru bird        MUŠEN.DU₃ usandû bird-catcher        NA.GADA nāqidu stock-breeder        NAGA uhūlu potash        NAGAR nagāru joiner        NAM NAM (meaning unknown)        NAM.KIRI₆ NAM.KIRI₆ (meaning unknown)        NAM.LU₂.U₁₉.LU amīlānu (a medicinal plant)        NAR nāru musician        NA₄ abnu stone        NA₄ gabû alum        NA₄ kunukku seal        NA₄-AGRIG ša-kunukki-mašenni seal carrier of the steward        NIG₂.KA₉ nikkassu account        NIG₂.LAL ṣimittu binding        NIG₂.ZU ihzu learning        NIN bēltu lady        NIN.DINGIR.RA entu high priestess        NINDA akalu food        NINDA₂ būru (bull) calf        NITA₂ immeru sheep        NU lā not        NU.KIRI₆ nukaribbu gardener        NUMUN zēru seed(s)        NU₂ mayyaltu bed        PAN qaštu bow        PAP napharu total        PAP.NIGIN₂ napharu total        PEŠ₃ tittu fig (tree)        PIŠ₁₀.ID₂ kibrītu sulphur        PU₂ būrtu cistern        SA.SAL šašallu tendon of the hoof or heel        SAG qaqqadu head        SAG rēšu head        SAG ša-rēšēn eunuch        SAG ša-rēšīn eunuch        SAG.DU qaqqadu head        SAG.KUD takkussu reed-stem        SAG.KUL sikkūru bolt        SAGŠU kubšu headcloth        SAGŠU-MES kubšu headcloth        SAHAR eperu earth        SA₅ sāmu red        SES murru bitterness        SI qarnu horn        SI qarnānû horned        SIG₂ šīpātu wool        SIG₂-MEŠ-TA.AM₃ šīpātu wool        SIG₄ libittu mudbrick        SIG₅ damqu good        SIG₅ dumqu goodness        SIG₅.GA damqu good        SILA₃ qû unit        SILA₃-TA.AM₃ qû unit        SILA₄ parratu female lamb        SILA₄ puhādu lamb        SIMUG nappāhu smith        SIPA rēʾû shepherd        SISKUR nīqu offering        SUHUR ṭēhu immediate vicinity        SUKKAL šukkallu (a court official)        SUM nadānu give        SUMUN labīru old        TA ištu from        TA nadānu give        TAB.BA tappûtu companionship        TAR.MUŠEN tarmuš lupin        TIR qištu forest        TUG₂ ṣubātu textile        TUKU išû have        TUKUL kakku weapon        TUR TUR.TUR fine flour        TUR ṣehru small        UD ūmu day        UDU immeru sheep        UDU.MAŠ₂ urīṣu male goat        UDU.NIM hurāpu spring lamb        UDU.NITA immeru sheep        UDU.NITA₂ immeru sheep        UDUN utūnu kiln        UGU muhhu skull        UGU ša-muhhi-ginê offerings overseer        UGU-E₂ ša-muhhi-bīt-mugerrī overseer of the chariot house        UGU-E₂ ša-muhhi-bīt-tillī overseer of the arsenal        UGU-E₂ ša-muhhi-bīti overseer of the household        UGU-KU₃.SI₂₂ ša-muhhi-hurāṣi overseer of the gold        UGULA waklu overseer        UN nišu people        UR.MAH nēšu lion        URU ālu city        URU-DIDLI ālu city        URUDU werû copper        UR₂ rapaštu loin        UR₂ sūnu (a cloth trimming)        UR₅ erû grindstone        UTUL₂ diqāru large bowl        UZU šīru meat        UZ₃ enzu goat        UZ₃.MAŠ₂ enzu goat        UŠ.BAR išpartu female weaver        UŠ.BAR išparu weaver        UŠ₂ dāmu blood        U₂ šammu plant(s)        U₄ ūmu day        U₈ gurratu ewe        ZA.GIN₃ uqnû lapis lazuli        ZA.GIN₃.GI₆ takiltu purple (wool)        ZA.GIN₃.SA₅ argamannu purple        ZA.HI.LI sahliu cress        ZABAR siparru bronze        ZADIM sasinnu bowyer        ZA₃ imittu right        ZI masāku be(come) bad        ZI₃ qēmu flour        ZI₃.DA qēmu flour        ZI₃.KASKAL ṣidītu (travel) provisions        ZU₂ ṣurru obsidian        ŠAB šappu bowl        ŠAH.GI šahapu wild boar        ŠAMAN₂.LA₂ šamallû purse-bearer        ŠAM₃ šīmu price        ŠA₂.NIGIN napharu total        ŠA₃ libbu interior        ŠA₃.BA libbu interior        ŠA₃.KAL šakkullu (a wood used for furniture)?        ŠE ziqpu shoot        ŠE šeʾu barley        ŠE.GIŠ.I₃ šamaššammū sesame        ŠE.HAR ŠE.HAR (a tree)        ŠE.I₃.DU šamaššammū sesame        ŠE.I₃.GIŠ šamaššammū sesame        ŠE.LILLAN lilliannu stalk with ripe ears        ŠE.NUMUN zēru seed(s)        ŠE.PAD uṭṭatu barley        ŠE.ŠEN šimtu mark        ŠEŠ ahu brother        ŠIM rīqu aromatic substance        ŠIM.ŠAL šimiššalû (type of) box-tree?        ŠU qātu hand        ŠU.BA.AN.TI leqû take        ŠU.BA.AN.TI.E leqû take        ŠU.BA.TI leqû take        ŠU.LIŠ.DUH.A šāqû steward        ŠU.LIŠ.DU₈.A šāqû steward        ŠU.NIGIN₂ napharu total"
    },
    {
      "type": "div",
      "url": "tcma/index.html#Breadcrumb",
      "text": "home  »  Signs  » Syllabary"
    },
    {
      "type": "h1",
      "url": "tcma/index.html#d2e4308",
      "text": "The Syllabary Used in the Texts in This Project"
    },
    {
      "type": "div",
      "url": "tcma/index.html#innerContent",
      "text": "Ca            Ce            Ci            Cu            aC            eC            iC            uC               - a e  (93%)   e₂  (7%)   e₄  (0%)   i  (100%)   i₃  (0%)   u₂  (65%)   u₃  (31%)   u₄  (3%)   u  (1%)          b ba be  (98%)   be₆  (2%)   be₂  (0%)   bi  (98%)   bi₄  (1%)   bi₂  (1%)   bi₃  (0%)   bu ab  (93%)   ab₂  (4%)   ab₃  (4%)   eb ib ub        d da  (99%)   da₂  (1%)   de  (99%)   de₄  (1%)   di  (95%)   di₂  (5%)   du  (99%)   du₃  (1%)   ad ed id  (83%)   id₂  (17%)   ud        g ga ge gi gu  (85%)   gu₄  (15%)   ag eg ig ug        h ha he hi hu ah eh ih uh        k ka ka₃  (0%)   ke ki ku ku₃  (0%)   ak ik uk        l la  (96%)   la₂  (4%)   le li  (87%)   li₂  (9%)   li₃  (4%)   lu₂  (51%)   lu  (48%)   lu₄  (0%)   al el il  (99%)   il₃  (1%)   ul        m ma me mi  (97%)   mi₃  (3%)   mu am em im um        n na  (97%)   na₄  (3%)   na₇  (0%)   ne₂  (93%)   ne  (7%)   ni ni₇  (0%)   nu nu₂  (0%)   an en in un        p pa  (99%)   pa₂  (1%)   pe  (80%)   pe₃  (11%)   pe₂  (9%)   pi  (84%)   pi₂  (15%)   pi₃  (1%)   pu pu₂  (0%)   ap  (92%)   ap₂  (8%)   ep ip up        q qa  (87%)   qa₂  (12%)   qa₃  (1%)   qe  (66%)   qe₂  (34%)   qi₂  (58%)   qi  (42%)   qu  (91%)   qu₂  (9%)   aq eq iq uq        r ra re ri ru  (98%)   ru₃  (2%)   ru₂  (0%)   ar er ir ur  (99%)   ur₂  (1%)          s sa  (91%)   sa₃  (9%)   sa₂  (0%)   se si  (97%)   si₂  (3%)   su  (86%)   su₂  (14%)   as₂  (84%)   as  (16%)   es₂ is  (83%)   is₂  (10%)   is₅  (4%)   is₃  (4%)   us  (88%)   us₂  (12%)          ṣ ṣa ṣe  (85%)   ṣe₂  (15%)   ṣi  (95%)   ṣi₂  (5%)   ṣu  (85%)   ṣu₂  (15%)   aṣ eṣ iṣ uṣ        š ša  (95%)   ša₂  (5%)   ša₃  (0%)   še  (99%)   še₂  (1%)   ši  (97%)   ši₂  (3%)   šu  (99%)   šu₂  (1%)   aš  (73%)   aš₂  (27%)   eš iš  (74%)   iš₈  (25%)   iš₉  (0%)   iš₃  (0%)   uš        t ta  (99%)   ta₂  (0%)   ta₅  (0%)   te ti  (98%)   ti₂  (2%)   ti₄  (0%)   tu  (93%)   tu₄  (7%)   tu₃  (0%)   tu₂  (0%)   at et it ut        ṭ ṭa  (93%)   ṭa₂  (4%)   ṭa₃  (2%)   ṭe₂  (98%)   ṭe₄  (2%)   ṭi₂  (95%)   ṭi₃  (2%)   ṭi  (2%)   ṭi₄  (1%)   ṭu  (86%)   ṭu₂  (14%)   aṭ iṭ uṭ        w wa wi        z za ze zi  (80%)   zi₃  (20%)   zu az  (83%)   az₂  (17%)   ez iz uz                  CVC signs in this corpus in descending order of frequency: šur, giš, lim, din, ṭup, šal, qar, mur, mar, bur, kal, ṣil₂, tug₂, kur, bat, tar₂, hap, lib₃, dan, lah₂, par₂, hur, šar, dug, šab, šum, zal, šir₃, kar, mah, tak₂, lak, bal, tal, nap, piš, taš, har, šul, tar, tab, lik, rib, tup, ṭar, šer₃, meš, šam, kam₂, hal, ṣir, kuš, sah, gab, nim, kin₂, šum₂, bar, mil, kaš, ṣur, dam, lam, tap, šap, pil₂, šil₄, rat, šim, sal₂, ṣar, pir₂, qiš, nam, qup, muh, bir, kul₂, gul, per₂, tur₂, laq, šur₃, nin, tah, kil₂, liš, lil, pil, kat, ṣer, sig₂, mad, gal, šaṭ, hab, mat, pir, mut, pur, qur, hiš₂, lib, šad, ṣip, kil, ger, kab, muš, nar₃, tel, lah, mul, sag, sar, haš, lal, kin, zak, pal, sim₂, tim, kip, hir₂, tam, lem, luh, lih₂, šat, lip, tiš₂, miṭ, mer, nir, maš, kap, gar, rik₂, qal₃, kam, ber₅, gan, bir₅, gil₂, pit, sir, rit, kan, kir₂, riš, šuk, hub₂, hat, rap, taq₂, bul₃, per, rig₂, sar₄, mir, kis₂, dul, hir, kul, šit, dir, ṭer₅, raq, rad, rik, sal, dal, qul₂, kib, sur, bil₂, tur, diš, kaṣ₃, sik, sin, tir, bul, dah, pit₂, tum, rep, sap, šer₉, tuq, lid, tak, ṣab, ṣar₃, kaṣ, siq, ṣum, pad, dan₅, šam₂, nik, taq, pat, kim, sam₂, qip, rak, tug, niš₂, ban₂, tan, šil, mat₃, zib, šub, lit, zur, gil, rab, pul₃, nun, kat₂, bit, ger₂, qid₂, kup, ber₂, bil, maṭ, kum, šid, ber, zaq, til, zib₂, pah, šul₃, ših, ṣar₂, lum, taš₂, mal, par, zal₂, sih, puš₃, tuk, kad, gis, mar₅, gud, lat"
    },
    {
      "type": "div",
      "url": "tcma/index.html#Breadcrumb",
      "text": "home  » Findspots"
    },
    {
      "type": "h1",
      "url": "tcma/index.html#d2e5467",
      "text": "List of findspots"
    },
    {
      "type": "div",
      "url": "tcma/index.html#innerContent",
      "text": "The Middle Assyrian corpus on TCMA are cattegorized following findspot. About half of the corpus of ca. 4,000 tablets derives from ancient Assur (mod. Qal'at Sherqat) and Kar-Tukulti-Ninurta (mod. Tulul ul-Aqar). The rest of the texts mostly were uncovered during excavations of smaller settlements. An overview of most of these sites can be found on the map."
    },
    {
      "type": "div",
      "url": "tcma/index.html#Breadcrumb",
      "text": "home  » abbreviations"
    },
    {
      "type": "h1",
      "url": "tcma/index.html#d2e5730",
      "text": "Abbreviations"
    },
    {
      "type": "div",
      "url": "tcma/index.html#innerContent",
      "text": "The abbreviations used are those of the  Reallexikon der Assyriologie und vorderasiatischen Archäologie , see the        online version       .      In addition, abbreviations of the main text publications and general monographs that deal with the Middle Assyrian administrative documents will be listed followed by their reviews.       BATSH =  Berichte der Ausgrabung Tall Šēh Ḥamad/Dūr katlimmu        4: E. Cancik-Kirschbaum,  Die mittelassyrischen Briefe aus Tall Šēḫ Ḥamad.  [/tcma/batsh4]  Berlin: Dietrich Reimer Verlag, 1996: Cancik-Kirschbaum 1996; Cancik-Kirschbaum/Freydank 1996; Saporetti 1997; Streck 1997; Liverani 1999; Zaccagnini 1999; Luppert-Barnard 2001; Pedersén 2002.     9: W. Röllig,  Land- und Viehwirtschaft am Unteren Habur in mittelassyrischer Zeit  [/tcma/lvuh] , Wiesbaden: Harrassowitz Verlag, 2008: Llop 2010.    10: E. Cancik-Kirschbaum,  Rechts- und Verwaltungsurkunden der mittelassyrischen Regionalverwaltung in Dūr-Katlimmu  [/tcma/batsh10] , Wiesbaden: Harrassowitz Verlag (forthcoming).    18: S. Salah,  Die mittelassyrischen Personen- und Rationenlisten aus Tall Šēḫ Hamad/Dūr-Katlimmu  [/tcma/MPR] , Wiesbaden: Harrassowitz Verlag, 2014: Jakob 2015b; Gaspa 2016; de Ridder 2016.       KAM =  Keilschrifttexte aus mittelassyrischer Zeit     1 = MARV 3   2 = MARV 4   3 = MARV 5   4 = MARV 6   5 = MARV 7   6 = MARV 8     7: J. Llop,  Texte aus den »groBen Speichern« und dern Ubru-Archiv  (= WVDOG 124, 2009):   [/tcma/kam7]  Postgate 2010; de Ridder 2013; Jakob 2016.   8 = MARV 9   9 = MARV 10   10 = H. Reculeau/B. Feller,  Mittelassyrische Urkunden aus dem Archiv Assur 14446  (= WVDOG 130, 2012): Postgate 2014; Llop 2015; Maul 2016; de Ridder 2016.   11 = V. Donbaz,  Middle Assyrian Texts from Assur at the Eski Şark Eserleri Müzesi in Istanbul  (= WVDOG 146, 2016): Bloch 2017; Freydank 2017b; Maul 2017; Postgate 2018; de Ridder 2018.             MARV =  Mittelassyrische Rechtsurkunden und Verwaltungstexte        1: H. Freydank (= VS 19[/NF 3], 1976)  [/tcma/marv1] : Farber 1981; Hecker 1980; Postgate 1980; Röllig 1979; Saporetti 1978; Saporetti 1980; Wilhelm 1981     2: id. (= VS 21[/NF 5], 1982)  [/tcma/marv2] : Saporetti 1983; von Soden 1983; Wilhelm 1986; Deller 1987; Postgate 1990.       3: id. (= WVDOG 92, 1994)  [/tcma/marv3] : Cancik-Kirschbaum 1996; Pečírková 1996; Radner 1997/98.     4: id. (mit einem Beitr. zu Siegelabrollungen von C. Fischer),  Tafeln aus Kār-Tukultī-Ninurta  (= WVDOG 99, 2001):   [/tcma/marv4]  Llop 2003; Radner 2003.    5: H. Freydank/B. Feller (= WVDOG 106, 2004): Jakob 2005/6; Llop 2007.    6: idd. (= WVDOG 109, 2005): ‒    7: H. Freydank (= WVDOG 111, 2006): ‒    8: H. Freydank/B. Feller (= WVDOG 119, 2007): Llop 2010; Jakob 2011; Gaspa 2012; Jakob 2013.    9: idd. (= WVDOG 125, 2010): Llop 2011; Johnson 2012; de Ridder 2012; Gaspa 2013.    10: D. Prechel/H. Freydank (= WVDOG 134, 2011): Llop 2012; Postgate 2012; de Ridder 2013; Jakob 2015a.               VFMOS =  Vorderasiatische Forschungen der Max Freiherr von Oppenheim-Stiftung       2/III: S. Jakob,  Die mittelassyrischen Texte aus Tell Chuera in Nordost-Syrien,  [/tcma/chuera]  Wiesbaden: Harrassowitz Verlag, 2009: de Ridder 2011; Llop 2015.          Other monographical studies       ALCA = O. Pedersén:  Archives and Libraries in the City of Assur . Acta Universitatis Upsaliensis 6-7. Uppsala: Almqvist & Wiksell, Volume 1=1985; Volume 2=1986: Röllig 1986; Freydank 1987; Veenhof 1987; Scafa 1990; Brinkman 1991.     AOAT 265 = B. Faist:  Der Fernhandel des assyrischen Reiches zwischen dem 14. und 11. Jh. v. Chr .  Münster: Ugarit-Verlag, 2001: Mieroop 2001/2; Saporetti 2002; Dercksen 2003.    ARI = K. Grayson:  Assyrian Royal Inscriptions , Part 1 (1972); Part 2 (1976). Wiesbaden: Harrassowitz Verlag.     Assur 2/4 = J. N. Postgate: Assyrian Documents in the Musée d'Art et d'Histoire, Geneva,  Assur  2/4 (1979) 93‒107.  [/tcma/assur24]       Assur 3/1 = M.-J. Aynard/J.-M. Durand: Documents d'Epoque Médio-Assyrienne,  Assur  3/1 (1980) 1‒63:  [/tcma/assur31]  Postgate 1983/84.       Assur 3/2 = P. Machinist: Provincial Governance in Middle Assyrian and some new Texts from Yale,  Assur  3/2 (1982) 1‒39.   Assyria and  Hanigalbat = A. Harrak:  Assyria and Hanigalbat , Texte und Studien zur Orientalistik 4. Hildesheim: Olms Verlag, 1987: Freydank 1990; Postgate 1990; Saggs 1995.     BMCG = H. Freydank:  Beiträge zur mittelassyrischen Chronologie und Geschichte , SGKAO 21. Berlin: Akademie Verlag, 1991: Wilhelm 1994; Galter 1996.   Bronze Age Bureaucracy = J. N. Postgate:  Bronze Age Bureaucracy . Cambridge: Cambridge University Press, 2013: Johnson 2016.   BVW = E. Ebeling:   Bruchstücke einer mittelassyrischen Vorschriftensammlung für die Akklimatisierung und Trainierung von Wagenpferden , Berlin: Akademie-Verlag, 1951: Aro 1955.     CM 29 = S. Jakob:  Mittelassyrische Verwaltung und Sozialstruktur Untersuchungen . Leiden: Brill, 2003: Saporetti 2004; Faist 2005/6; Radner 2009.     CTMMA 1 = J. N. Postgate: Middle Assyrian Texts (Nos. 99‒101), in:  Tablets, cones and bricks of the third and second millennia B.C. , CTMMA 1,  [/tcma/ctmma1]   ed. I. Spar, 144‒48, New York: Metropolitan Museum of Art, 1988.       CUSAS 34: J: Llop: Middle Assyrian Tablets, in:  Assyrian Archival Texts in the Schøyen Collection and Other Documents from North Mesopotamia and Syria , CUSAS 34,   [/tcma/cusas34] eds. A. R. George  et al. , 61‒130, Plate XXXVII‒XLIX, Bethesda: CDL Press, 2017.      DGMA = J. J. de Ridder:  Descriptive Grammar of Middle Assyrian , LAOS 8. Wiesbaden: Harrassowitz, 2018: Kouwenberg 2019; Grabbe 2019; Steinberger 2020; Gaspa 2021.     DSC 1 = C. Saporetti:   Assur 14446: La Famiglia A . Malibu: Undena Publications, 1979: Wilhelm 1982.     DSC 3 = C. Saporetti:   Assur 14446: Le altre Famiglie . Malibu: Undena Publications, 1982: Wilhelm 1985.     HUCA = H. A. Fine:  Studies in Middle Assyrian Chronology and Religion . Cincinnati: Hebrew Union College Press, 1955: Frankena 1956; Edzard 1960.    ITN = E. Weidner:  Die Inschriften Tukulti-Ninurtas I. und seiner Nachfolger , AfO Beiheft 12. Graz: Selbstverlag, 1959.    KAJ =  E. Ebeling:  Keilschrifttexte aus Assur juristischen Inhalts , WVDOG 50. Leipzig: J. C. Hinrichs Verlag, 1927.     KAV = O. Schroeder:  Keilschrifttexte aus Assur verschiedenen Inhalts , WVDOG 35.  [/tcma/kav]  Leipzig: J. C. Hinrichs Verlag, 1920.      NAOMA = H. Freydank/C. Saporetti:  Nuove Attestazione  Dell`Onomastica Medio-Assira . Incunabula Graeca 74. Roma: Edizioni dell` Ateneo en Bizzarri, 1979: Farber 1984.     OMA = C. Saporetti:   Onomastica Medio-Assira . StP 6. Rome: Pontificio Istituto Biblico, 1970: Brinkman/Donbaz 1966; Weidner 1973; Postgate 1974.   PKT = E. Ebeling: Mittelassyrische Rezepte zur Bereitung von wohlriechenden Salben,  Or  17, 18, 19 (1948, 1949, 1950).     RGTC 5 = K. Nashef:  Die Orts- und Gewässernamen der Mittelbabylonischen und Mittelassyrischen Zeit . Wiesbaden: Dr. Ludwich Reichert Verlag, 1982: Saporetti 1982; Deller/Postgate 1985; Postgate 1985; Freydank 1985; Oelsner 1987; Wilhelm 1987.     StAT 5 = D. Prechel/H. Freydank:   Urkunden der königlichen Palastverwalter vom Ende des 2. Jt. Chr. Das “Archiv“ Assury 21101 (M7 f).   Wiesbaden: Harrassowitz Verlag, 2014: Gaspa 2015; de Ridder 2015; Zomer 2015.      Subartu 14 = K. Radner:   Das mittelassyrische Tontafelarchiv von Giricano/Dunnu-ša-Uzibi . Excavations at Giricano 1. Subartu 14.  [/tcma/subartu14]  Turnhout: Brepols, 2004: Pfeifer 2007.     UGM = W. Mayer:  Untersuchungen zur Grammatik des Mittelassyrischen , AOATS 2. Neukirchen-Vluyn: Neukirchener Verlag, 1971: Aro 1972; Fohrer 1972; Roberts 1972; Lambert 1973; Hecker 1973-74; Postgate 1974; Freydank 1975.     Urad-Šerūa = J. N. Postgate:  The Archive of Urad-Šerūa and his family, a Middle Assyrian Household in Government Service . Corpus Medio-Assiro. Romae: Denicola, 1988: Freydank 1990; Cole 1993/94.       VS 01 = F. Delitzsch (ed.):  Vorderasiatische Schriftdenkmäler der Königlichen Museen zu Berlin.  [/tcma/vs1]  Leipzig: J. C. Hinrichs'sche Buchhandlung, 1907."
    },
    {
      "type": "div",
      "url": "tcma/index.html#Breadcrumb",
      "text": "home  » Updates"
    },
    {
      "type": "h1",
      "url": "tcma/index.html#d2e6180",
      "text": "Updates"
    },
    {
      "type": "div",
      "url": "tcma/index.html#innerContent",
      "text": "Updates and progress to the project will be listed here.  04.09.2020 - Haradum and (published) Tell Fekheriye texts have been added.   24.08.2020 - Giricano and Assur 3/1  texts have been added.   27.06.2020 - KAV texts have been added.   18.06.2020 - Tell Ali texts have been added."
    },
    {
      "type": "div",
      "url": "tcma/index.html#Breadcrumb",
      "text": "home  » Credits"
    },
    {
      "type": "h1",
      "url": "tcma/index.html#d2e6275",
      "text": "Credits"
    },
    {
      "type": "div",
      "url": "tcma/index.html#innerContent",
      "text": "TCMA was created by Jacob J. de Ridder in 2020. TCMA uses the tools of the Open Richly Annotated Cuneiform Corpus (ORACC), with technical support provided by         Niek veldhuis   , Jamie Novotny, and Stephen J. Tinney. Comments and corrections were provided by Ariel M. Bagg, Guido Schilling, and Olga Sęk. Transliterations and translations are based on text editions that are credited in the bibliographical refrences offered for each tablet, with minor corrections in some instances. As the Oracc project is in an early stage, translations of texts may be rough. It is always advised to double check with original text editions. Comments, additions, and corrections are welcome and encouraged.      Contributors              Jacob Jan de Ridder         Philipps-Universität Marburg   Centrum für Nah- und Mittelost-Studien   Fachgebiet Altorientalistik   Deutschhausstraße 12   D-35032 Marburg         Academia.edu"
    }
  ]
}
