0,P334928.2.1,o 1
1,P334928.2.2,o 1
2,P334928.3.1,o 2
3,P334928.3.2,o 2
4,P334928.3.3,o 2
5,P334928.3.4,o 2
6,P334928.3.5,o 2
7,P334928.3.6,o 2
8,P334928.3.7,o 2
9,P334928.3.8,o 2
10,P334928.3.9,o 2
11,P334928.4.1,o 3
12,P334928.4.2,o 3
13,P334928.4.3,o 3
14,P334928.4.4,o 3
15,P334928.4.5,o 3
16,P334928.4.6,o 3
17,P334928.4.7,o 3
18,P334928.5.1,o 4
19,P334928.5.2,o 4
20,P334928.5.3,o 4
21,P334928.5.4,o 4
22,P334928.5.5,o 4
23,P334928.5.6,o 4
24,P334928.5.7,o 4
25,P334928.5.8,o 4
26,P334928.5.9,o 4
27,P334928.5.10,o 4
28,P334928.5.11,o 4
29,P334928.5.12,o 4
30,P334928.6.1,o 5
31,P334928.6.2,o 5
32,P334928.6.3,o 5
33,P334928.6.4,o 5
34,P334928.6.5,o 5
35,P334928.7.1,o 6
36,P334928.7.2,o 6
37,P334928.7.3,o 6
38,P334928.7.3,o 6
39,P334928.8.1,o 7
40,P334928.8.2,o 7
41,P334928.8.3,o 7
42,P334928.8.4,o 7
43,P334928.8.5,o 7
44,P334928.8.6,o 7
45,P334928.9.1,o 8
46,P334928.9.2,o 8
47,P334928.9.3,o 8
48,P334928.9.4,o 8
49,P334928.9.5,o 8
50,P334928.9.6,o 8
51,P334928.9.7,o 8
52,P334928.9.8,o 8
53,P334928.9.9,o 8
54,P334928.10.1,o 9
55,P334928.10.2,o 9
56,P334928.10.3,o 9
57,P334928.10.4,o 9
58,P334928.10.5,o 9
59,P334928.10.6,o 9
60,P334928.10.7,o 9
61,P334928.10.8,o 9
62,P334928.10.9,o 9
63,P334928.10.10,o 9
64,P334928.11.1,o 10
65,P334928.11.2,o 10
66,P334928.11.3,o 10
67,P334928.11.4,o 10
68,P334928.11.5,o 10
69,P334928.11.6,o 10
70,P334928.11.7,o 10
71,P334928.11.7,o 10
72,P334928.11.8,o 10
73,P334928.12.1,o 11
74,P334928.12.2,o 11
75,P334928.12.3,o 11
76,P334928.12.4,o 11
77,P334928.12.5,o 11
78,P334928.12.6,o 11
79,P334928.13.1,o 12
80,P334928.13.2,o 12
81,P334928.13.3,o 12
82,P334928.13.4,o 12
83,P334928.13.5,o 12
84,P334928.13.6,o 12
85,P334928.13.7,o 12
86,P334928.14.1,o 13
87,P334928.14.2,o 13
88,P334928.14.3,o 13
89,P334928.14.4,o 13
90,P334928.14.5,o 13
91,P334928.14.6,o 13
92,P334928.14.7,o 13
93,P334928.15.1,o 14
94,P334928.15.2,o 14
95,P334928.15.3,o 14
96,P334928.15.4,o 14
97,P334928.15.5,o 14
98,P334928.15.6,o 14
99,P334928.15.7,o 14
100,P334928.15.8,o 14
101,P334928.17.1,r 1
102,P334928.17.2,r 1
103,P334928.17.3,r 1
104,P334928.17.4,r 1
105,P334928.17.5,r 1
106,P334928.17.6,r 1
107,P334928.17.7,r 1
108,P334928.17.8,r 1
109,P334928.17.9,r 1
110,P334928.18.1,r 2
111,P334928.18.2,r 2
112,P334928.18.3,r 2
113,P334928.18.4,r 2
114,P334928.19.1,r 3
115,P334928.19.2,r 3
116,P334928.20.1,r 4
117,P334928.20.2,r 4
118,P334928.20.3,r 4
119,P334928.20.4,r 4
120,P334928.20.5,r 4
121,P334928.20.6,r 4
122,P334928.21.1,r 5
123,P334928.21.2,r 5
124,P334928.21.3,r 5
125,P334928.21.4,r 5
126,P334928.21.5,r 5
127,P334928.21.6,r 5
128,P334928.22.1,r 6
129,P334928.22.2,r 6
130,P334928.22.3,r 6
131,P334928.22.4,r 6
132,P334928.22.5,r 6
133,P334928.22.6,r 6
134,P334928.22.7,r 6
135,P334928.22.8,r 6
136,P334928.22.9,r 6
137,P334928.22.10,r 6
138,P334928.22.11,r 6
139,P334928.23.1,r 7
140,P334928.23.2,r 7
141,P334928.23.3,r 7
142,P334928.23.4,r 7
143,P334928.23.5,r 7
144,P334928.23.6,r 7
145,P334928.23.7,r 7
146,P334928.24.1,r 8
147,P334928.24.2,r 8
148,P334928.24.3,r 8
149,P334928.24.4,r 8
150,P334928.24.5,r 8
151,P334928.24.6,r 8
152,P334928.25.1,r 9
153,P334928.25.2,r 9
154,P334928.25.3,r 9
155,P334928.25.4,r 9
156,P334928.25.5,r 9
157,P334928.25.6,r 9
158,P334928.25.6,r 9
159,P334928.25.7,r 9
160,P334928.25.8,r 9
161,P334928.26.1,r 10
162,P334928.26.2,r 10
163,P334928.26.3,r 10
164,P334928.26.4,r 10
165,P334928.26.5,r 10
166,P334928.26.6,r 10
167,P334928.27.1,r 11
168,P334928.27.2,r 11
169,P334928.27.3,r 11
170,P334928.27.4,r 11
171,P334928.27.5,r 11
172,P334928.27.6,r 11
173,P334928.27.7,r 11
174,P334928.27.8,r 11
175,P334928.28,
0,P336677.2.1,1'
1,P336677.2.2,1'
2,P336677.2.3,1'
3,P336677.2.4,1'
4,P336677.2.5,1'
5,P336677.2.6,1'
6,P336677.2.7,1'
7,P336677.2.8,1'
8,P336677.2.9,1'
9,P336677.2.10,1'
10,P336677.3.1,2'
11,P336677.3.2,2'
12,P336677.3.3,2'
13,P336677.3.4,2'
14,P336677.3.5,2'
15,P336677.3.6,2'
16,P336677.4.1,3'
17,P336677.4.2,3'
18,P336677.5.1,4'
19,P336677.5.2,4'
20,P336677.5.3,4'
21,P336677.5.4,4'
22,P336677.6.1,5'
23,P336677.6.2,5'
24,P336677.6.3,5'
25,P336677.6.4,5'
26,P336677.6.5,5'
27,P336677.7.1,6'
28,P336677.7.2,6'
29,P336677.7.3,6'
30,P336677.7.4,6'
31,P336677.7.5,6'
32,P336677.7.6,6'
33,P336677.7.7,6'
34,P336677.8.1,7'
35,P336677.8.2,7'
36,P336677.8.3,7'
37,P336677.8.4,7'
38,P336677.8.5,7'
39,P336677.9.1,8'
40,P336677.9.2,8'
41,P336677.9.3,8'
42,P336677.9.4,8'
43,P336677.9.5,8'
44,P336677.10.1,9'
45,P336677.10.2,9'
46,P336677.10.3,9'
47,P336677.10.4,9'
48,P336677.10.5,9'
49,P336677.10.6,9'
50,P336677.10.7,9'
0,P334927.2.1,i 1
1,P334927.2.2,i 1
2,P334927.2.3,i 1
3,P334927.2.4,i 1
4,P334927.2.5,i 1
5,P334927.2.6,i 1
6,P334927.2.7,i 1
7,P334927.2.8,i 1
8,P334927.2.9,i 1
9,P334927.2.10,i 1
10,P334927.3.1,i 2
11,P334927.3.2,i 2
12,P334927.3.3,i 2
13,P334927.3.4,i 2
14,P334927.3.5,i 2
15,P334927.3.6,i 2
16,P334927.3.7,i 2
17,P334927.3.8,i 2
18,P334927.3.9,i 2
19,P334927.3.10,i 2
20,P334927.4.1,i 3
21,P334927.4.2,i 3
22,P334927.4.3,i 3
23,P334927.4.4,i 3
24,P334927.4.5,i 3
25,P334927.4.6,i 3
26,P334927.4.7,i 3
27,P334927.5.1,i 4
28,P334927.5.2,i 4
29,P334927.5.3,i 4
30,P334927.5.4,i 4
31,P334927.5.5,i 4
32,P334927.5.6,i 4
33,P334927.5.7,i 4
34,P334927.6.1,i 5
35,P334927.6.2,i 5
36,P334927.6.3,i 5
37,P334927.6.4,i 5
38,P334927.6.5,i 5
39,P334927.6.6,i 5
40,P334927.6.7,i 5
41,P334927.7.1,i 6
42,P334927.7.2,i 6
43,P334927.7.3,i 6
44,P334927.7.4,i 6
45,P334927.7.5,i 6
46,P334927.7.6,i 6
47,P334927.7.7,i 6
48,P334927.8.1,i 7
49,P334927.8.2,i 7
50,P334927.8.3,i 7
51,P334927.8.4,i 7
52,P334927.8.5,i 7
53,P334927.9.1,i 8
54,P334927.9.2,i 8
55,P334927.9.3,i 8
56,P334927.9.4,i 8
57,P334927.10.1,i 9
58,P334927.10.2,i 9
59,P334927.10.3,i 9
60,P334927.10.4,i 9
61,P334927.10.5,i 9
62,P334927.11.1,i 10
63,P334927.11.2,i 10
64,P334927.11.3,i 10
65,P334927.12.1,i 11
66,P334927.12.2,i 11
67,P334927.12.3,i 11
68,P334927.12.4,i 11
69,P334927.12.5,i 11
70,P334927.13.1,i 12
71,P334927.13.2,i 12
72,P334927.13.3,i 12
73,P334927.14.1,i 13
74,P334927.14.2,i 13
75,P334927.14.3,i 13
76,P334927.14.4,i 13
77,P334927.14.5,i 13
78,P334927.15.1,i 14
79,P334927.15.2,i 14
80,P334927.15.3,i 14
81,P334927.15.4,i 14
82,P334927.15.5,i 14
83,P334927.16.1,i 15
84,P334927.16.2,i 15
85,P334927.16.3,i 15
86,P334927.16.4,i 15
87,P334927.16.5,i 15
88,P334927.17.1,i 16
89,P334927.17.2,i 16
90,P334927.17.3,i 16
91,P334927.17.4,i 16
92,P334927.18.1,i 17
93,P334927.18.2,i 17
94,P334927.18.3,i 17
95,P334927.18.4,i 17
96,P334927.18.5,i 17
97,P334927.18.6,i 17
98,P334927.18.7,i 17
99,P334927.18.8,i 17
100,P334927.18.9,i 17
101,P334927.19.1,i 18
102,P334927.19.2,i 18
103,P334927.19.3,i 18
104,P334927.19.4,i 18
105,P334927.19.5,i 18
106,P334927.20.1,i 19
107,P334927.20.2,i 19
108,P334927.20.3,i 19
109,P334927.20.4,i 19
110,P334927.20.5,i 19
111,P334927.20.6,i 19
112,P334927.20.7,i 19
113,P334927.21.1,i 20
114,P334927.21.2,i 20
115,P334927.21.3,i 20
116,P334927.21.4,i 20
117,P334927.21.5,i 20
118,P334927.21.6,i 20
119,P334927.21.7,i 20
120,P334927.22.1,i 21
121,P334927.22.2,i 21
122,P334927.22.3,i 21
123,P334927.22.4,i 21
124,P334927.22.5,i 21
125,P334927.23.1,i 22
126,P334927.23.2,i 22
127,P334927.23.3,i 22
128,P334927.23.4,i 22
129,P334927.24.1,i 23
130,P334927.24.2,i 23
131,P334927.24.3,i 23
132,P334927.24.4,i 23
133,P334927.24.5,i 23
134,P334927.25.1,i 24
135,P334927.25.2,i 24
136,P334927.25.3,i 24
137,P334927.25.4,i 24
138,P334927.26.1,i 25
139,P334927.26.2,i 25
140,P334927.26.3,i 25
141,P334927.26.4,i 25
142,P334927.26.5,i 25
143,P334927.26.6,i 25
144,P334927.26.7,i 25
145,P334927.27.1,i 26
146,P334927.27.2,i 26
147,P334927.27.3,i 26
148,P334927.27.4,i 26
149,P334927.27.5,i 26
150,P334927.28,
151,P334927.29.1,i 27
152,P334927.29.2,i 27
153,P334927.29.3,i 27
154,P334927.30.1,i 28
155,P334927.30.2,i 28
156,P334927.30.3,i 28
157,P334927.31.1,i 29
158,P334927.31.2,i 29
159,P334927.32.1,i 30
160,P334927.32.2,i 30
161,P334927.32.3,i 30
162,P334927.32.4,i 30
163,P334927.33.1,i 31
164,P334927.33.2,i 31
165,P334927.33.3,i 31
166,P334927.34.1,i 32
167,P334927.34.2,i 32
168,P334927.34.3,i 32
169,P334927.35.1,i 33
170,P334927.35.2,i 33
171,P334927.35.3,i 33
172,P334927.36.1,i 34
173,P334927.36.2,i 34
174,P334927.36.3,i 34
175,P334927.37.1,i 35
176,P334927.37.2,i 35
177,P334927.38.1,i 36
178,P334927.38.2,i 36
179,P334927.38.3,i 36
180,P334927.38.4,i 36
181,P334927.39.1,i 37
182,P334927.39.2,i 37
183,P334927.39.3,i 37
184,P334927.39.4,i 37
185,P334927.39.5,i 37
186,P334927.39.6,i 37
187,P334927.39.7,i 37
188,P334927.41.1,ii 1
189,P334927.41.2,ii 1
190,P334927.41.3,ii 1
191,P334927.41.4,ii 1
192,P334927.42.1,ii 2
193,P334927.42.2,ii 2
194,P334927.42.3,ii 2
195,P334927.42.4,ii 2
196,P334927.43.1,ii 3
197,P334927.43.2,ii 3
198,P334927.43.3,ii 3
199,P334927.43.4,ii 3
200,P334927.44.1,ii 4
201,P334927.44.2,ii 4
202,P334927.44.3,ii 4
203,P334927.45.1,ii 5
204,P334927.45.2,ii 5
205,P334927.46.1,ii 6
206,P334927.46.2,ii 6
207,P334927.46.3,ii 6
208,P334927.47.1,ii 7
209,P334927.47.2,ii 7
210,P334927.47.2,ii 7
211,P334927.47.3,ii 7
212,P334927.48.1,ii 8
213,P334927.48.2,ii 8
214,P334927.48.3,ii 8
215,P334927.48.4,ii 8
216,P334927.48.5,ii 8
217,P334927.48.6,ii 8
218,P334927.49.1,ii 9
219,P334927.49.2,ii 9
220,P334927.49.3,ii 9
221,P334927.49.4,ii 9
222,P334927.50,
223,P334927.51.1,ii 10
224,P334927.51.2,ii 10
225,P334927.51.3,ii 10
226,P334927.52.1,ii 11
227,P334927.52.2,ii 11
228,P334927.53.1,ii 12
229,P334927.53.2,ii 12
230,P334927.53.3,ii 12
231,P334927.54.1,ii 13
232,P334927.54.2,ii 13
233,P334927.54.3,ii 13
234,P334927.54.4,ii 13
235,P334927.55.1,ii 14
236,P334927.55.2,ii 14
237,P334927.55.3,ii 14
238,P334927.56.1,ii 15
239,P334927.56.2,ii 15
240,P334927.56.3,ii 15
241,P334927.56.4,ii 15
242,P334927.57.1,ii 16
243,P334927.58.1,ii 17
244,P334927.58.2,ii 17
245,P334927.58.3,ii 17
246,P334927.59.1,ii 18
247,P334927.59.2,ii 18
248,P334927.59.3,ii 18
249,P334927.59.4,ii 18
250,P334927.60.1,ii 19
251,P334927.60.2,ii 19
252,P334927.60.3,ii 19
253,P334927.61.1,ii 20
254,P334927.61.2,ii 20
255,P334927.61.3,ii 20
256,P334927.62.1,ii 21
257,P334927.62.2,ii 21
258,P334927.62.3,ii 21
259,P334927.62.4,ii 21
260,P334927.62.5,ii 21
261,P334927.63.1,ii 22
262,P334927.63.2,ii 22
263,P334927.64.1,ii 23
264,P334927.64.2,ii 23
265,P334927.64.3,ii 23
266,P334927.65.1,ii 24
267,P334927.65.2,ii 24
268,P334927.66.1,ii 25
269,P334927.66.2,ii 25
270,P334927.66.3,ii 25
271,P334927.66.4,ii 25
272,P334927.66.5,ii 25
273,P334927.67.1,ii 26
274,P334927.67.2,ii 26
275,P334927.67.3,ii 26
276,P334927.67.4,ii 26
277,P334927.67.5,ii 26
278,P334927.67.6,ii 26
279,P334927.68.1,ii 27
280,P334927.68.2,ii 27
281,P334927.68.3,ii 27
282,P334927.68.4,ii 27
283,P334927.68.5,ii 27
284,P334927.69.1,ii 28
285,P334927.69.2,ii 28
286,P334927.69.3,ii 28
287,P334927.69.4,ii 28
288,P334927.69.5,ii 28
289,P334927.69.6,ii 28
290,P334927.69.7,ii 28
291,P334927.70.1,ii 29
292,P334927.70.1,ii 29
293,P334927.70.2,ii 29
294,P334927.71.1,ii 30
295,P334927.71.2,ii 30
296,P334927.72.1,ii 31
297,P334927.72.2,ii 31
298,P334927.73.1,ii 32
299,P334927.73.2,ii 32
300,P334927.73.3,ii 32
301,P334927.73.4,ii 32
302,P334927.74,
303,P334927.75,
304,P334927.76.1,ii 33
305,P334927.76.2,ii 33
306,P334927.76.3,ii 33
307,P334927.76.4,ii 33
308,P334927.77.1,ii 34
309,P334927.77.2,ii 34
310,P334927.77.3,ii 34
311,P334927.77.4,ii 34
312,P334927.78.1,ii 35
313,P334927.78.2,ii 35
314,P334927.78.3,ii 35
315,P334927.78.4,ii 35
316,P334927.79.1,ii 36
317,P334927.79.2,ii 36
318,P334927.79.3,ii 36
319,P334927.79.4,ii 36
320,P334927.79.5,ii 36
321,P334927.79.6,ii 36
322,P334927.79.7,ii 36
323,P334927.82.1,iii 1
324,P334927.82.2,iii 1
325,P334927.82.3,iii 1
326,P334927.82.4,iii 1
327,P334927.82.5,iii 1
328,P334927.82.6,iii 1
329,P334927.82.7,iii 1
330,P334927.82.8,iii 1
331,P334927.82.9,iii 1
332,P334927.82.10,iii 1
333,P334927.83.1,iii 2
334,P334927.83.2,iii 2
335,P334927.83.3,iii 2
336,P334927.83.4,iii 2
337,P334927.83.5,iii 2
338,P334927.83.6,iii 2
339,P334927.83.7,iii 2
340,P334927.84.1,iii 3
341,P334927.84.2,iii 3
342,P334927.84.3,iii 3
343,P334927.85.1,iii 4
344,P334927.85.2,iii 4
345,P334927.85.3,iii 4
346,P334927.86.1,iii 5
347,P334927.86.2,iii 5
348,P334927.86.3,iii 5
349,P334927.87.1,iii 6
350,P334927.88.1,iii 7
351,P334927.88.2,iii 7
352,P334927.88.3,iii 7
353,P334927.88.4,iii 7
354,P334927.89.1,iii 8
355,P334927.89.2,iii 8
356,P334927.89.3,iii 8
357,P334927.89.4,iii 8
358,P334927.90.1,iii 9
359,P334927.90.2,iii 9
360,P334927.90.3,iii 9
361,P334927.90.4,iii 9
362,P334927.91.1,iii 10
363,P334927.91.2,iii 10
364,P334927.91.3,iii 10
365,P334927.92.1,iii 11
366,P334927.92.2,iii 11
367,P334927.92.3,iii 11
368,P334927.93.1,iii 12
369,P334927.93.2,iii 12
370,P334927.93.3,iii 12
371,P334927.93.4,iii 12
372,P334927.93.5,iii 12
373,P334927.94.1,iii 13
374,P334927.94.2,iii 13
375,P334927.95.1,iii 14
376,P334927.95.2,iii 14
377,P334927.95.3,iii 14
378,P334927.96.1,iii 15
379,P334927.96.2,iii 15
380,P334927.96.3,iii 15
381,P334927.96.4,iii 15
382,P334927.96.5,iii 15
383,P334927.97,
384,P334927.98.1,iii 16
385,P334927.98.2,iii 16
386,P334927.98.3,iii 16
387,P334927.98.4,iii 16
388,P334927.99.1,iii 17
389,P334927.99.2,iii 17
390,P334927.99.3,iii 17
391,P334927.99.4,iii 17
392,P334927.100.1,iii 18
393,P334927.100.2,iii 18
394,P334927.100.3,iii 18
395,P334927.100.4,iii 18
396,P334927.100.5,iii 18
397,P334927.101.1,iii 19
398,P334927.101.2,iii 19
399,P334927.102.1,iii 20
400,P334927.102.2,iii 20
401,P334927.102.3,iii 20
402,P334927.102.4,iii 20
403,P334927.102.5,iii 20
404,P334927.103.1,iii 21
405,P334927.103.2,iii 21
406,P334927.103.3,iii 21
407,P334927.103.4,iii 21
408,P334927.104.1,iii 22
409,P334927.104.2,iii 22
410,P334927.104.3,iii 22
411,P334927.105.1,iii 23
412,P334927.105.2,iii 23
413,P334927.106.1,iii 24
414,P334927.106.2,iii 24
415,P334927.106.3,iii 24
416,P334927.106.4,iii 24
417,P334927.107.1,iii 25
418,P334927.107.2,iii 25
419,P334927.107.3,iii 25
420,P334927.107.4,iii 25
421,P334927.107.5,iii 25
422,P334927.108.1,iii 26
423,P334927.108.2,iii 26
424,P334927.108.3,iii 26
425,P334927.109.1,iii 27
426,P334927.109.2,iii 27
427,P334927.109.3,iii 27
428,P334927.109.4,iii 27
429,P334927.109.5,iii 27
430,P334927.109.5,iii 27
431,P334927.110.1,iii 28
432,P334927.110.2,iii 28
433,P334927.111.1,iii 29
434,P334927.111.2,iii 29
435,P334927.112.1,iii 30
436,P334927.112.2,iii 30
437,P334927.112.3,iii 30
438,P334927.112.4,iii 30
439,P334927.113.1,iii 31
440,P334927.113.2,iii 31
441,P334927.113.3,iii 31
442,P334927.113.4,iii 31
443,P334927.114.1,iii 32
444,P334927.114.2,iii 32
445,P334927.114.3,iii 32
446,P334927.114.4,iii 32
447,P334927.114.5,iii 32
448,P334927.115.1,iii 33
449,P334927.115.2,iii 33
450,P334927.115.3,iii 33
451,P334927.115.4,iii 33
452,P334927.115.5,iii 33
453,P334927.116.1,iii 34
454,P334927.116.2,iii 34
455,P334927.116.3,iii 34
456,P334927.117.1,iii 35
457,P334927.117.2,iii 35
458,P334927.117.3,iii 35
459,P334927.117.4,iii 35
460,P334927.118.1,iii 36
461,P334927.118.2,iii 36
462,P334927.118.3,iii 36
463,P334927.118.4,iii 36
464,P334927.118.5,iii 36
465,P334927.119.1,iii 37
466,P334927.119.2,iii 37
467,P334927.121.1,iv 1
468,P334927.121.2,iv 1
469,P334927.121.3,iv 1
470,P334927.121.4,iv 1
471,P334927.121.5,iv 1
472,P334927.121.6,iv 1
473,P334927.121.7,iv 1
474,P334927.121.8,iv 1
475,P334927.121.9,iv 1
476,P334927.122.1,iv 2
477,P334927.122.2,iv 2
478,P334927.122.3,iv 2
479,P334927.122.4,iv 2
480,P334927.122.5,iv 2
481,P334927.122.6,iv 2
482,P334927.122.7,iv 2
483,P334927.122.8,iv 2
484,P334927.123.1,iv 3
485,P334927.123.2,iv 3
486,P334927.123.3,iv 3
487,P334927.123.4,iv 3
488,P334927.123.5,iv 3
489,P334927.123.6,iv 3
490,P334927.123.7,iv 3
491,P334927.124.1,iv 4
492,P334927.124.2,iv 4
493,P334927.124.3,iv 4
494,P334927.124.4,iv 4
495,P334927.124.5,iv 4
496,P334927.124.6,iv 4
497,P334927.124.7,iv 4
498,P334927.125.1,iv 5
499,P334927.125.2,iv 5
500,P334927.125.3,iv 5
501,P334927.125.4,iv 5
502,P334927.125.5,iv 5
503,P334927.125.6,iv 5
504,P334927.126.1,iv 6
505,P334927.126.2,iv 6
506,P334927.126.3,iv 6
507,P334927.126.4,iv 6
508,P334927.126.5,iv 6
509,P334927.127.1,iv 7
510,P334927.127.2,iv 7
511,P334927.127.3,iv 7
512,P334927.127.4,iv 7
513,P334927.128.1,iv 8
514,P334927.128.2,iv 8
515,P334927.128.3,iv 8
516,P334927.128.4,iv 8
517,P334927.129.1,iv 9
518,P334927.129.2,iv 9
519,P334927.129.3,iv 9
520,P334927.130.1,iv 10
521,P334927.130.2,iv 10
522,P334927.130.3,iv 10
523,P334927.131.1,iv 11
524,P334927.131.2,iv 11
525,P334927.131.3,iv 11
526,P334927.132.1,iv 12
527,P334927.132.2,iv 12
528,P334927.132.3,iv 12
529,P334927.133.1,iv 13
530,P334927.133.2,iv 13
531,P334927.133.3,iv 13
532,P334927.133.4,iv 13
533,P334927.134.1,iv 14
534,P334927.134.2,iv 14
535,P334927.134.3,iv 14
536,P334927.135.1,iv 15
537,P334927.135.2,iv 15
538,P334927.135.3,iv 15
539,P334927.135.4,iv 15
540,P334927.136.1,iv 16
541,P334927.136.2,iv 16
542,P334927.137.1,iv 17
543,P334927.137.2,iv 17
544,P334927.138.1,iv 18
545,P334927.138.2,iv 18
546,P334927.138.3,iv 18
547,P334927.138.4,iv 18
548,P334927.139.1,iv 19
549,P334927.139.2,iv 19
550,P334927.140.1,iv 20
551,P334927.140.2,iv 20
552,P334927.140.3,iv 20
553,P334927.140.4,iv 20
554,P334927.141.1,iv 21
555,P334927.141.2,iv 21
556,P334927.141.3,iv 21
557,P334927.141.4,iv 21
558,P334927.141.5,iv 21
559,P334927.142.1,iv 22
560,P334927.142.2,iv 22
561,P334927.142.3,iv 22
562,P334927.143.1,iv 23
563,P334927.143.2,iv 23
564,P334927.143.3,iv 23
565,P334927.143.4,iv 23
566,P334927.144.1,iv 24
567,P334927.144.2,iv 24
568,P334927.144.3,iv 24
569,P334927.145.1,iv 25
570,P334927.145.1,iv 25
571,P334927.146.1,iv 26
572,P334927.146.1,iv 26
573,P334927.146.2,iv 26
574,P334927.147.1,iv 27
575,P334927.147.2,iv 27
576,P334927.147.3,iv 27
577,P334927.147.4,iv 27
578,P334927.148.1,iv 28
579,P334927.148.2,iv 28
580,P334927.148.3,iv 28
581,P334927.148.4,iv 28
582,P334927.149.1,iv 29
583,P334927.149.2,iv 29
584,P334927.150.1,iv 30
585,P334927.151,
586,P334927.152.1,iv 31
587,P334927.152.2,iv 31
588,P334927.153.1,iv 32
589,P334927.154.1,iv 33
590,P334927.154.2,iv 33
591,P334927.154.3,iv 33
592,P334927.154.4,iv 33
593,P334927.154.5,iv 33
594,P334927.154.6,iv 33
595,P334927.154.7,iv 33
596,P334927.155.1,iv 34
597,P334927.155.2,iv 34
598,P334927.155.3,iv 34
599,P334927.155.4,iv 34
600,P334927.155.5,iv 34
601,P334927.155.6,iv 34
602,P334927.156.1,iv 35
0,P313634.4.1,r 1
1,P313634.4.2,r 1
2,P313634.4.3,r 1
3,P313634.4.4,r 1
4,P313634.4.5,r 1
5,P313634.4.6,r 1
6,P313634.4.7,r 1
7,P313634.4.8,r 1
8,P313634.4.9,r 1
9,P313634.4.10,r 1
10,P313634.4.11,r 1
11,P313634.4.12,r 1
12,P313634.4.13,r 1
13,P313634.5.1,r 2
14,P313634.5.2,r 2
15,P313634.5.3,r 2
16,P313634.5.4,r 2
17,P313634.5.5,r 2
18,P313634.5.6,r 2
19,P313634.5.7,r 2
20,P313634.5.8,r 2
21,P313634.5.9,r 2
22,P313634.5.10,r 2
23,P313634.5.11,r 2
24,P313634.6.1,r 3
25,P313634.6.2,r 3
26,P313634.6.3,r 3
27,P313634.6.4,r 3
28,P313634.6.5,r 3
29,P313634.6.6,r 3
30,P313634.6.7,r 3
31,P313634.6.8,r 3
32,P313634.6.9,r 3
33,P313634.6.10,r 3
34,P313634.6.11,r 3
35,P313634.6.12,r 3
36,P313634.6.13,r 3
37,P313634.7.1,r 4
38,P313634.7.2,r 4
39,P313634.7.3,r 4
40,P313634.7.4,r 4
41,P313634.7.5,r 4
42,P313634.7.6,r 4
43,P313634.7.7,r 4
44,P313634.7.8,r 4
45,P313634.7.9,r 4
46,P313634.7.10,r 4
47,P313634.8.1,r 5
48,P313634.8.2,r 5
49,P313634.8.3,r 5
50,P313634.8.4,r 5
51,P313634.8.5,r 5
52,P313634.8.6,r 5
53,P313634.8.7,r 5
54,P313634.8.8,r 5
55,P313634.8.9,r 5
56,P313634.9.1,r 6
57,P313634.9.2,r 6
58,P313634.9.3,r 6
59,P313634.9.4,r 6
60,P313634.9.5,r 6
61,P313634.9.6,r 6
62,P313634.9.7,r 6
63,P313634.9.8,r 6
64,P313634.9.9,r 6
65,P313634.10.1,r 7
66,P313634.10.2,r 7
67,P313634.10.3,r 7
68,P313634.10.4,r 7
69,P313634.10.5,r 7
70,P313634.10.6,r 7
71,P313634.10.7,r 7
72,P313634.10.8,r 7
73,P313634.10.9,r 7
74,P313634.11.1,r 8
75,P313634.11.2,r 8
76,P313634.11.3,r 8
77,P313634.11.4,r 8
78,P313634.11.5,r 8
79,P313634.11.6,r 8
80,P313634.11.7,r 8
81,P313634.11.8,r 8
82,P313634.11.9,r 8
83,P313634.11.10,r 8
84,P313634.11.11,r 8
85,P313634.11.12,r 8
86,P313634.12.1,r 9
87,P313634.12.2,r 9
88,P313634.12.3,r 9
89,P313634.12.4,r 9
90,P313634.12.5,r 9
91,P313634.12.6,r 9
92,P313634.12.7,r 9
93,P313634.12.8,r 9
94,P313634.12.9,r 9
95,P313634.13.1,r 10
96,P313634.13.2,r 10
97,P313634.13.3,r 10
98,P313634.13.4,r 10
99,P313634.13.5,r 10
100,P313634.13.6,r 10
101,P313634.13.7,r 10
102,P313634.13.8,r 10
103,P313634.13.9,r 10
104,P313634.13.10,r 10
105,P313634.13.11,r 10
106,P313634.14.1,r 11
107,P313634.14.2,r 11
108,P313634.14.3,r 11
109,P313634.14.4,r 11
110,P313634.14.5,r 11
111,P313634.14.6,r 11
112,P313634.14.7,r 11
113,P313634.14.8,r 11
114,P313634.14.9,r 11
115,P313634.14.10,r 11
116,P313634.14.11,r 11
117,P313634.15.1,r 12
118,P313634.15.2,r 12
119,P313634.15.3,r 12
120,P313634.15.4,r 12
121,P313634.15.5,r 12
122,P313634.15.6,r 12
123,P313634.15.7,r 12
124,P313634.15.8,r 12
125,P313634.15.9,r 12
126,P313634.15.10,r 12
127,P313634.15.11,r 12
128,P313634.15.12,r 12
129,P313634.15.13,r 12
130,P313634.16.1,r 13
131,P313634.16.2,r 13
132,P313634.16.3,r 13
133,P313634.16.4,r 13
134,P313634.16.5,r 13
135,P313634.16.6,r 13
136,P313634.16.7,r 13
137,P313634.16.8,r 13
138,P313634.16.9,r 13
139,P313634.16.10,r 13
140,P313634.16.11,r 13
141,P313634.16.12,r 13
142,P313634.16.13,r 13
143,P313634.16.14,r 13
0,P334828.2.1,o 1
1,P334828.2.2,o 1
2,P334828.2.3,o 1
3,P334828.3.1,o 2
4,P334828.3.2,o 2
5,P334828.3.3,o 2
6,P334828.3.4,o 2
7,P334828.4.1,o 3
8,P334828.4.2,o 3
9,P334828.4.3,o 3
10,P334828.5.1,o 4
11,P334828.5.2,o 4
12,P334828.5.3,o 4
13,P334828.5.4,o 4
14,P334828.5.4,o 4
15,P334828.6.1,o 5
16,P334828.6.2,o 5
17,P334828.6.3,o 5
18,P334828.6.4,o 5
19,P334828.6.5,o 5
20,P334828.7.1,o 6
21,P334828.7.2,o 6
22,P334828.7.3,o 6
23,P334828.7.4,o 6
24,P334828.7.5,o 6
25,P334828.7.6,o 6
26,P334828.8.1,o 7
27,P334828.8.2,o 7
28,P334828.8.3,o 7
29,P334828.8.4,o 7
30,P334828.9.1,o 8
31,P334828.9.2,o 8
32,P334828.9.3,o 8
33,P334828.9.4,o 8
34,P334828.11.1,b.e. 9
35,P334828.11.2,b.e. 9
36,P334828.11.3,b.e. 9
37,P334828.11.4,b.e. 9
38,P334828.11.5,b.e. 9
39,P334828.13.1,r 1
40,P334828.13.2,r 1
41,P334828.13.3,r 1
42,P334828.13.4,r 1
43,P334828.14.1,r 2
44,P334828.14.2,r 2
0,P337153.1.1,1
1,P337153.1.2,1
2,P337153.1.3,1
3,P337153.1.4,1
4,P337153.1.5,1
5,P337153.1.6,1
6,P337153.1.7,1
7,P337153.1.8,1
8,P337153.1.9,1
9,P337153.1.10,1
10,P337153.2.1,2
11,P337153.2.2,2
12,P337153.2.3,2
13,P337153.2.4,2
14,P337153.2.5,2
15,P337153.2.6,2
16,P337153.2.7,2
17,P337153.2.8,2
18,P337153.2.9,2
19,P337153.2.10,2
20,P337153.3.1,3
21,P337153.3.2,3
22,P337153.3.3,3
23,P337153.3.4,3
24,P337153.3.5,3
25,P337153.3.6,3
26,P337153.4.1,4
27,P337153.4.2,4
28,P337153.4.3,4
29,P337153.4.4,4
30,P337153.4.5,4
31,P337153.4.6,4
32,P337153.4.7,4
33,P337153.4.8,4
34,P337153.5.1,5
35,P337153.5.2,5
36,P337153.5.3,5
37,P337153.5.4,5
38,P337153.5.5,5
39,P337153.5.6,5
40,P337153.5.7,5
41,P337153.5.8,5
42,P337153.5.9,5
43,P337153.5.10,5
44,P337153.6.1,6
45,P337153.6.2,6
46,P337153.6.3,6
47,P337153.6.4,6
48,P337153.6.5,6
49,P337153.6.6,6
50,P337153.6.7,6
51,P337153.6.8,6
52,P337153.6.9,6
53,P337153.6.10,6
54,P337153.6.11,6
55,P337153.7.1,7
56,P337153.7.2,7
57,P337153.7.3,7
58,P337153.7.4,7
59,P337153.7.5,7
60,P337153.7.6,7
61,P337153.7.7,7
62,P337153.7.8,7
63,P337153.7.9,7
64,P337153.7.10,7
65,P337153.8.1,8
66,P337153.8.2,8
67,P337153.8.3,8
68,P337153.8.4,8
69,P337153.8.5,8
70,P337153.8.6,8
71,P337153.8.7,8
72,P337153.8.8,8
73,P337153.8.9,8
74,P337153.8.10,8
75,P337153.10.1,b.e. 9
76,P337153.10.2,b.e. 9
77,P337153.10.3,b.e. 9
78,P337153.10.4,b.e. 9
79,P337153.10.5,b.e. 9
80,P337153.11.1,b.e. 10
81,P337153.11.2,b.e. 10
82,P337153.13.1,r 1
83,P337153.13.2,r 1
84,P337153.13.3,r 1
85,P337153.13.4,r 1
86,P337153.13.5,r 1
87,P337153.13.6,r 1
88,P337153.13.7,r 1
89,P337153.13.8,r 1
90,P337153.13.9,r 1
91,P337153.13.10,r 1
92,P337153.13.11,r 1
93,P337153.13.12,r 1
94,P337153.14.1,r 2
95,P337153.14.2,r 2
96,P337153.14.3,r 2
97,P337153.14.4,r 2
98,P337153.14.5,r 2
99,P337153.14.6,r 2
100,P337153.14.7,r 2
101,P337153.14.8,r 2
102,P337153.14.9,r 2
103,P337153.14.10,r 2
104,P337153.15.1,r 3
105,P337153.15.2,r 3
106,P337153.15.3,r 3
107,P337153.15.4,r 3
108,P337153.15.5,r 3
109,P337153.15.6,r 3
110,P337153.15.7,r 3
111,P337153.15.8,r 3
112,P337153.15.9,r 3
113,P337153.15.10,r 3
114,P337153.15.11,r 3
115,P337153.16.1,r 4
116,P337153.16.2,r 4
117,P337153.16.3,r 4
118,P337153.16.4,r 4
119,P337153.16.5,r 4
120,P337153.16.6,r 4
121,P337153.16.7,r 4
122,P337153.16.8,r 4
123,P337153.17.1,r 5
124,P337153.17.2,r 5
125,P337153.17.3,r 5
126,P337153.17.4,r 5
127,P337153.17.5,r 5
128,P337153.17.6,r 5
129,P337153.17.7,r 5
130,P337153.18.1,r 6
131,P337153.18.2,r 6
132,P337153.18.3,r 6
133,P337153.18.4,r 6
134,P337153.18.5,r 6
135,P337153.18.6,r 6
136,P337153.18.7,r 6
137,P337153.18.8,r 6
138,P337153.19.1,r 7
139,P337153.19.2,r 7
140,P337153.19.3,r 7
141,P337153.19.4,r 7
142,P337153.19.5,r 7
143,P337153.19.6,r 7
144,P337153.19.7,r 7
145,P337153.19.8,r 7
146,P337153.19.9,r 7
147,P337153.19.10,r 7
148,P337153.19.11,r 7
0,P333952.4,
1,P333952.5.1,o i 1'
2,P333952.5.2,o i 1'
3,P333952.5.3,o i 1'
4,P333952.5.4,o i 1'
5,P333952.5.5,o i 1'
6,P333952.5.6,o i 1'
7,P333952.5.7,o i 1'
8,P333952.6.1,o i 2'
9,P333952.6.2,o i 2'
10,P333952.6.3,o i 2'
11,P333952.6.4,o i 2'
12,P333952.6.5,o i 2'
13,P333952.6.6,o i 2'
14,P333952.7.1,o i 3'
15,P333952.7.2,o i 3'
16,P333952.7.3,o i 3'
17,P333952.7.4,o i 3'
18,P333952.7.5,o i 3'
19,P333952.7.6,o i 3'
20,P333952.7.7,o i 3'
21,P333952.8,
22,P333952.9,
23,P333952.10.1,o i 4'
24,P333952.10.2,o i 4'
25,P333952.10.3,o i 4'
26,P333952.11.1,o i 5'
27,P333952.11.2,o i 5'
28,P333952.12.1,o i 6'
29,P333952.12.2,o i 6'
30,P333952.12.3,o i 6'
31,P333952.12.4,o i 6'
32,P333952.13.1,o i 7'
33,P333952.13.2,o i 7'
34,P333952.13.3,o i 7'
35,P333952.14.1,o i 8'
36,P333952.15.1,o i 9'
37,P333952.15.2,o i 9'
38,P333952.15.3,o i 9'
39,P333952.15.4,o i 9'
40,P333952.16.1,o i 10'
41,P333952.16.2,o i 10'
42,P333952.16.3,o i 10'
43,P333952.16.4,o i 10'
44,P333952.17.1,o i 11'
45,P333952.17.2,o i 11'
46,P333952.17.3,o i 11'
47,P333952.18.1,o i 12'
48,P333952.18.2,o i 12'
49,P333952.18.3,o i 12'
50,P333952.18.4,o i 12'
51,P333952.19.1,o i 13'
52,P333952.19.2,o i 13'
53,P333952.20.1,o i 14'
54,P333952.20.2,o i 14'
55,P333952.20.3,o i 14'
56,P333952.20.4,o i 14'
57,P333952.21.1,o i 15'
58,P333952.21.2,o i 15'
59,P333952.22.1,o i 16'
60,P333952.22.2,o i 16'
61,P333952.23.1,o i 17'
62,P333952.23.2,o i 17'
63,P333952.23.3,o i 17'
64,P333952.23.4,o i 17'
65,P333952.24.1,o i 18'
66,P333952.24.2,o i 18'
67,P333952.24.3,o i 18'
68,P333952.24.4,o i 18'
69,P333952.25.1,o i 19'
70,P333952.25.2,o i 19'
71,P333952.26.1,o i 20'
72,P333952.26.2,o i 20'
73,P333952.26.3,o i 20'
74,P333952.27.1,o i 21'
75,P333952.27.2,o i 21'
76,P333952.27.3,o i 21'
77,P333952.28.1,o i 22'
78,P333952.28.2,o i 22'
79,P333952.29.1,o i 23'
80,P333952.29.2,o i 23'
81,P333952.30.1,o i 24'
82,P333952.30.2,o i 24'
83,P333952.30.3,o i 24'
84,P333952.31.1,o i 25'
85,P333952.31.2,o i 25'
86,P333952.31.3,o i 25'
87,P333952.31.4,o i 25'
88,P333952.32.1,o i 26'
89,P333952.32.2,o i 26'
90,P333952.32.3,o i 26'
91,P333952.32.4,o i 26'
92,P333952.33.1,o i 27'
93,P333952.33.2,o i 27'
94,P333952.34,
95,P333952.35.1,o i 28'
96,P333952.35.2,o i 28'
97,P333952.35.3,o i 28'
98,P333952.36.1,o i 29'
99,P333952.36.2,o i 29'
100,P333952.37,
101,P333952.38.1,o i 30'
102,P333952.38.2,o i 30'
103,P333952.38.3,o i 30'
104,P333952.38.4,o i 30'
105,P333952.39.1,o i 31'
106,P333952.39.2,o i 31'
107,P333952.39.3,o i 31'
108,P333952.39.4,o i 31'
109,P333952.40.1,o i 32'
110,P333952.40.2,o i 32'
111,P333952.40.3,o i 32'
112,P333952.41.1,o i 33'
113,P333952.41.2,o i 33'
114,P333952.41.2,o i 33'
115,P333952.42.1,o i 34'
116,P333952.43.1,o i 35'
117,P333952.44.1,o i 36'
118,P333952.44.2,o i 36'
119,P333952.44.3,o i 36'
120,P333952.44.4,o i 36'
121,P333952.44.5,o i 36'
122,P333952.45.1,o i 37'
123,P333952.45.2,o i 37'
124,P333952.45.3,o i 37'
125,P333952.45.4,o i 37'
126,P333952.46.1,o i 38'
127,P333952.46.2,o i 38'
128,P333952.46.3,o i 38'
129,P333952.46.4,o i 38'
130,P333952.46.5,o i 38'
131,P333952.46.6,o i 38'
132,P333952.46.7,o i 38'
133,P333952.47.1,o i 39'
134,P333952.47.2,o i 39'
135,P333952.47.3,o i 39'
136,P333952.47.4,o i 39'
137,P333952.47.5,o i 39'
138,P333952.47.6,o i 39'
139,P333952.47.7,o i 39'
140,P333952.50.1,o ii 1'
141,P333952.50.2,o ii 1'
142,P333952.50.3,o ii 1'
143,P333952.50.4,o ii 1'
144,P333952.50.5,o ii 1'
145,P333952.50.6,o ii 1'
146,P333952.50.7,o ii 1'
147,P333952.50.8,o ii 1'
148,P333952.50.9,o ii 1'
149,P333952.51.1,o ii 2'
150,P333952.51.2,o ii 2'
151,P333952.51.3,o ii 2'
152,P333952.51.4,o ii 2'
153,P333952.51.5,o ii 2'
154,P333952.51.6,o ii 2'
155,P333952.51.7,o ii 2'
156,P333952.52.1,o ii 3'
157,P333952.52.2,o ii 3'
158,P333952.52.3,o ii 3'
159,P333952.53.1,o ii 4'
160,P333952.53.2,o ii 4'
161,P333952.53.3,o ii 4'
162,P333952.54.1,o ii 5'
163,P333952.54.2,o ii 5'
164,P333952.54.3,o ii 5'
165,P333952.54.4,o ii 5'
166,P333952.55.1,o ii 6'
167,P333952.55.2,o ii 6'
168,P333952.55.3,o ii 6'
169,P333952.55.4,o ii 6'
170,P333952.56.1,o ii 7'
171,P333952.56.2,o ii 7'
172,P333952.57.1,o ii 8'
173,P333952.57.2,o ii 8'
174,P333952.57.3,o ii 8'
175,P333952.58,
176,P333952.59.1,o ii 9'
177,P333952.59.2,o ii 9'
178,P333952.59.3,o ii 9'
179,P333952.60.1,o ii 10'
180,P333952.60.2,o ii 10'
181,P333952.61,
182,P333952.62.1,o ii 11'
183,P333952.62.2,o ii 11'
184,P333952.62.3,o ii 11'
185,P333952.63.1,o ii 12'
186,P333952.63.2,o ii 12'
187,P333952.63.3,o ii 12'
188,P333952.64,
189,P333952.65.1,o ii 13'
190,P333952.65.2,o ii 13'
191,P333952.65.3,o ii 13'
192,P333952.66.1,o ii 14'
193,P333952.66.2,o ii 14'
194,P333952.67.1,o ii 15'
195,P333952.67.2,o ii 15'
196,P333952.67.3,o ii 15'
197,P333952.68,
198,P333952.69.1,o ii 16'
199,P333952.69.2,o ii 16'
200,P333952.69.3,o ii 16'
201,P333952.70.1,o ii 17'
202,P333952.70.2,o ii 17'
203,P333952.70.3,o ii 17'
204,P333952.71.1,o ii 18'
205,P333952.72.1,o ii 19'
206,P333952.72.2,o ii 19'
207,P333952.72.3,o ii 19'
208,P333952.73.1,o ii 20'
209,P333952.73.2,o ii 20'
210,P333952.73.3,o ii 20'
211,P333952.74.1,o ii 21'
212,P333952.75.1,o ii 22'
213,P333952.75.2,o ii 22'
214,P333952.75.3,o ii 22'
215,P333952.75.4,o ii 22'
216,P333952.76.1,o ii 23'
217,P333952.76.2,o ii 23'
218,P333952.77.1,o ii 24'
219,P333952.77.2,o ii 24'
220,P333952.77.3,o ii 24'
221,P333952.77.4,o ii 24'
222,P333952.77.5,o ii 24'
223,P333952.77.6,o ii 24'
224,P333952.78.1,o ii 25'
225,P333952.78.2,o ii 25'
226,P333952.78.3,o ii 25'
227,P333952.78.4,o ii 25'
228,P333952.78.5,o ii 25'
229,P333952.79.1,o ii 26'
230,P333952.79.2,o ii 26'
231,P333952.79.3,o ii 26'
232,P333952.80.1,o ii 27'
233,P333952.80.2,o ii 27'
234,P333952.80.3,o ii 27'
235,P333952.80.4,o ii 27'
236,P333952.80.5,o ii 27'
237,P333952.81.1,o ii 28'
238,P333952.81.2,o ii 28'
239,P333952.82.1,o ii 29'
240,P333952.82.2,o ii 29'
241,P333952.82.3,o ii 29'
242,P333952.83.1,o ii 30'
243,P333952.83.2,o ii 30'
244,P333952.83.3,o ii 30'
245,P333952.83.4,o ii 30'
246,P333952.84.1,o ii 31'
247,P333952.84.2,o ii 31'
248,P333952.84.3,o ii 31'
249,P333952.85.1,o ii 32'
250,P333952.85.2,o ii 32'
251,P333952.86.1,o ii 33'
252,P333952.86.2,o ii 33'
253,P333952.86.3,o ii 33'
254,P333952.87.1,o ii 34'
255,P333952.87.2,o ii 34'
256,P333952.87.3,o ii 34'
257,P333952.88.1,o ii 35'
258,P333952.88.2,o ii 35'
259,P333952.89.1,o ii 36'
260,P333952.89.2,o ii 36'
261,P333952.90.1,o ii 37'
262,P333952.90.2,o ii 37'
263,P333952.90.3,o ii 37'
264,P333952.90.4,o ii 37'
265,P333952.91.1,o ii 38'
266,P333952.91.2,o ii 38'
267,P333952.91.3,o ii 38'
268,P333952.91.4,o ii 38'
269,P333952.92.1,o ii 39'
270,P333952.93,
271,P333952.94.1,o ii 40'
272,P333952.94.2,o ii 40'
273,P333952.94.3,o ii 40'
274,P333952.94.4,o ii 40'
275,P333952.94.5,o ii 40'
276,P333952.95,
277,P333952.98.1,o iii 1'
278,P333952.98.2,o iii 1'
279,P333952.98.3,o iii 1'
280,P333952.98.4,o iii 1'
281,P333952.98.5,o iii 1'
282,P333952.98.6,o iii 1'
283,P333952.98.7,o iii 1'
284,P333952.98.8,o iii 1'
285,P333952.98.9,o iii 1'
286,P333952.99.1,o iii 2'
287,P333952.99.2,o iii 2'
288,P333952.99.3,o iii 2'
289,P333952.99.4,o iii 2'
290,P333952.99.5,o iii 2'
291,P333952.100.1,o iii 3'
292,P333952.100.2,o iii 3'
293,P333952.100.3,o iii 3'
294,P333952.100.4,o iii 3'
295,P333952.100.5,o iii 3'
296,P333952.101.1,o iii 4'
297,P333952.101.2,o iii 4'
298,P333952.101.3,o iii 4'
299,P333952.102,
300,P333952.103.1,o iii 5'
301,P333952.103.2,o iii 5'
302,P333952.103.3,o iii 5'
303,P333952.104.1,o iii 6'
304,P333952.105,
305,P333952.106.1,o iii 7'
306,P333952.106.2,o iii 7'
307,P333952.106.3,o iii 7'
308,P333952.106.4,o iii 7'
309,P333952.107.1,o iii 8'
310,P333952.107.2,o iii 8'
311,P333952.107.3,o iii 8'
312,P333952.108.1,o iii 9'
313,P333952.108.2,o iii 9'
314,P333952.108.3,o iii 9'
315,P333952.109.1,o iii 10'
316,P333952.109.2,o iii 10'
317,P333952.110.1,o iii 11'
318,P333952.110.2,o iii 11'
319,P333952.111.1,o iii 12'
320,P333952.111.2,o iii 12'
321,P333952.112.1,o iii 13'
322,P333952.112.2,o iii 13'
323,P333952.112.3,o iii 13'
324,P333952.113.1,o iii 14'
325,P333952.113.2,o iii 14'
326,P333952.114.1,o iii 15'
327,P333952.115.1,o iii 16'
328,P333952.115.2,o iii 16'
329,P333952.116.1,o iii 17'
330,P333952.117.1,o iii 18'
331,P333952.117.2,o iii 18'
332,P333952.118.1,o iii 19'
333,P333952.118.2,o iii 19'
334,P333952.118.3,o iii 19'
335,P333952.119.1,o iii 20'
336,P333952.119.2,o iii 20'
337,P333952.120.1,o iii 21'
338,P333952.120.2,o iii 21'
339,P333952.120.3,o iii 21'
340,P333952.120.4,o iii 21'
341,P333952.121.1,o iii 22'
342,P333952.121.2,o iii 22'
343,P333952.122.1,o iii 23'
344,P333952.122.2,o iii 23'
345,P333952.122.3,o iii 23'
346,P333952.122.4,o iii 23'
347,P333952.123.1,o iii 24'
348,P333952.123.2,o iii 24'
349,P333952.123.3,o iii 24'
350,P333952.123.4,o iii 24'
351,P333952.124.1,o iii 25'
352,P333952.124.2,o iii 25'
353,P333952.124.3,o iii 25'
354,P333952.125.1,o iii 26'
355,P333952.125.2,o iii 26'
356,P333952.125.3,o iii 26'
357,P333952.125.4,o iii 26'
358,P333952.125.5,o iii 26'
359,P333952.126.1,o iii 27'
360,P333952.127.1,o iii 28'
361,P333952.127.2,o iii 28'
362,P333952.127.3,o iii 28'
363,P333952.127.4,o iii 28'
364,P333952.128.1,o iii 29'
365,P333952.129.1,o iii 30'
366,P333952.129.2,o iii 30'
367,P333952.129.3,o iii 30'
368,P333952.130.1,o iii 31'
369,P333952.131.1,o iii 32'
370,P333952.131.2,o iii 32'
371,P333952.133.1,o iv 1
372,P333952.134.1,o iv 2
373,P333952.134.2,o iv 2
374,P333952.135.1,o iv 3
375,P333952.135.2,o iv 3
376,P333952.135.3,o iv 3
377,P333952.136.1,o iv 4
378,P333952.137.1,o iv 5
379,P333952.137.2,o iv 5
380,P333952.138.1,o iv 6
381,P333952.138.2,o iv 6
382,P333952.138.3,o iv 6
383,P333952.139.1,o iv 7
384,P333952.139.2,o iv 7
385,P333952.140.1,o iv 8
386,P333952.140.2,o iv 8
387,P333952.141.1,o iv 9
388,P333952.142.1,o iv 10
389,P333952.143.1,o iv 11
390,P333952.143.2,o iv 11
391,P333952.143.3,o iv 11
392,P333952.144.1,o iv 12
393,P333952.144.2,o iv 12
394,P333952.144.3,o iv 12
395,P333952.144.4,o iv 12
396,P333952.145.1,o iv 13
397,P333952.145.2,o iv 13
398,P333952.145.3,o iv 13
399,P333952.145.4,o iv 13
400,P333952.146.1,o iv 14
401,P333952.146.2,o iv 14
402,P333952.146.3,o iv 14
403,P333952.147.1,o iv 15
404,P333952.147.2,o iv 15
405,P333952.148.1,o iv 16
406,P333952.148.2,o iv 16
407,P333952.149.1,o iv 17
408,P333952.150.1,o iv 18
409,P333952.150.2,o iv 18
410,P333952.150.3,o iv 18
411,P333952.150.4,o iv 18
412,P333952.151.1,o iv 19
413,P333952.151.2,o iv 19
414,P333952.151.3,o iv 19
415,P333952.152.1,o iv 20
416,P333952.152.2,o iv 20
417,P333952.152.3,o iv 20
418,P333952.153.1,o iv 21
419,P333952.153.2,o iv 21
420,P333952.154.1,o iv 22
421,P333952.155.1,o iv 23
422,P333952.156.1,o iv 24
423,P333952.157.1,o iv 25
424,P333952.158.1,o iv 26
425,P333952.158.2,o iv 26
426,P333952.159.1,o iv 27
427,P333952.159.2,o iv 27
428,P333952.159.3,o iv 27
429,P333952.160.1,o iv 28
430,P333952.161.1,o iv 29
431,P333952.161.2,o iv 29
432,P333952.162.1,o iv 30
433,P333952.162.2,o iv 30
434,P333952.163.1,o iv 31
435,P333952.163.2,o iv 31
436,P333952.164.1,o iv 32
437,P333952.164.2,o iv 32
438,P333952.165.1,o iv 33
439,P333952.165.2,o iv 33
440,P333952.165.3,o iv 33
441,P333952.165.4,o iv 33
442,P333952.165.5,o iv 33
443,P333952.165.6,o iv 33
444,P333952.166.1,o iv 34
445,P333952.166.2,o iv 34
446,P333952.167.1,o iv 35
447,P333952.167.2,o iv 35
448,P333952.167.3,o iv 35
449,P333952.167.4,o iv 35
450,P333952.167.5,o iv 35
451,P333952.170.1,o v 1
452,P333952.170.2,o v 1
453,P333952.171.1,o v 2
454,P333952.171.2,o v 2
455,P333952.172.1,o v 3
456,P333952.173.1,o v 4
457,P333952.174.1,o v 5
458,P333952.174.2,o v 5
459,P333952.175.1,o v 6
460,P333952.175.2,o v 6
461,P333952.175.3,o v 6
462,P333952.176.1,o v 7
463,P333952.177.1,o v 8
464,P333952.177.2,o v 8
465,P333952.178.1,o v 9
466,P333952.178.2,o v 9
467,P333952.179,
468,P333952.180.1,o v 10
469,P333952.180.2,o v 10
470,P333952.180.3,o v 10
471,P333952.181.1,o v 11
472,P333952.181.2,o v 11
473,P333952.181.3,o v 11
474,P333952.182,
475,P333952.183.1,o v 12
476,P333952.183.2,o v 12
477,P333952.184.1,o v 13
478,P333952.184.2,o v 13
479,P333952.184.2,o v 13
480,P333952.185.1,o v 14
481,P333952.185.2,o v 14
482,P333952.186.1,o v 15
483,P333952.186.2,o v 15
484,P333952.186.3,o v 15
485,P333952.187.1,o v 16
486,P333952.187.2,o v 16
487,P333952.188.1,o v 17
488,P333952.188.2,o v 17
489,P333952.188.3,o v 17
490,P333952.189.1,o v 18
491,P333952.189.2,o v 18
492,P333952.190.1,o v 19
493,P333952.190.1,o v 19
494,P333952.191.1,o v 20
495,P333952.191.2,o v 20
496,P333952.192.1,o v 21
497,P333952.192.2,o v 21
498,P333952.192.3,o v 21
499,P333952.192.4,o v 21
500,P333952.193.1,o v 22
501,P333952.193.2,o v 22
502,P333952.194.1,o v 23
503,P333952.194.2,o v 23
504,P333952.195,
505,P333952.196.1,o v 24
506,P333952.196.2,o v 24
507,P333952.196.3,o v 24
508,P333952.197.1,o v 25
509,P333952.197.2,o v 25
510,P333952.198,
511,P333952.199.1,o v 26
512,P333952.199.2,o v 26
513,P333952.199.3,o v 26
514,P333952.199.4,o v 26
515,P333952.199.5,o v 26
516,P333952.200.1,o v 27
517,P333952.200.2,o v 27
518,P333952.200.3,o v 27
519,P333952.201.1,o v 28
520,P333952.201.2,o v 28
521,P333952.201.3,o v 28
522,P333952.202.1,o v 29
523,P333952.202.2,o v 29
524,P333952.202.3,o v 29
525,P333952.203.1,o v 30
526,P333952.203.2,o v 30
527,P333952.203.3,o v 30
528,P333952.203.4,o v 30
529,P333952.204.1,o v 31
530,P333952.204.2,o v 31
531,P333952.205.1,o v 32
532,P333952.205.2,o v 32
533,P333952.205.3,o v 32
534,P333952.205.4,o v 32
535,P333952.205.5,o v 32
536,P333952.206.1,o v 33
537,P333952.206.2,o v 33
538,P333952.206.3,o v 33
539,P333952.206.4,o v 33
540,P333952.206.5,o v 33
541,P333952.207.1,o v 34
542,P333952.207.2,o v 34
543,P333952.207.3,o v 34
544,P333952.207.4,o v 34
545,P333952.207.5,o v 34
546,P333952.208.1,o v 35
547,P333952.208.2,o v 35
548,P333952.208.3,o v 35
549,P333952.208.4,o v 35
550,P333952.208.5,o v 35
551,P333952.208.6,o v 35
552,P333952.208.7,o v 35
553,P333952.209.1,o v 36
554,P333952.209.2,o v 36
555,P333952.209.3,o v 36
556,P333952.209.4,o v 36
557,P333952.209.5,o v 36
558,P333952.209.6,o v 36
559,P333952.212.1,o vi 1
560,P333952.212.2,o vi 1
561,P333952.212.3,o vi 1
562,P333952.213.1,o vi 2
563,P333952.213.2,o vi 2
564,P333952.214.1,o vi 3
565,P333952.214.2,o vi 3
566,P333952.214.3,o vi 3
567,P333952.214.4,o vi 3
568,P333952.215.1,o vi 4
569,P333952.215.2,o vi 4
570,P333952.215.3,o vi 4
571,P333952.216.1,o vi 5
572,P333952.217.1,o vi 6
573,P333952.218.1,o vi 7
574,P333952.218.2,o vi 7
575,P333952.219.1,o vi 8
576,P333952.219.2,o vi 8
577,P333952.220.1,o vi 9
578,P333952.220.2,o vi 9
579,P333952.220.3,o vi 9
580,P333952.220.4,o vi 9
581,P333952.221.1,o vi 10
582,P333952.222.1,o vi 11
583,P333952.222.2,o vi 11
584,P333952.222.3,o vi 11
585,P333952.223.1,o vi 12
586,P333952.224.1,o vi 13
587,P333952.225.1,o vi 14
588,P333952.225.2,o vi 14
589,P333952.226.1,o vi 15
590,P333952.227.1,o vi 16
591,P333952.228.1,o vi 17
592,P333952.229.1,o vi 18
593,P333952.229.2,o vi 18
594,P333952.229.3,o vi 18
595,P333952.230.1,o vi 19
596,P333952.231.1,o vi 20
597,P333952.231.2,o vi 20
598,P333952.231.3,o vi 20
599,P333952.232.1,o vi 21
600,P333952.233.1,o vi 22
601,P333952.233.2,o vi 22
602,P333952.233.3,o vi 22
603,P333952.234.1,o vi 23
604,P333952.234.2,o vi 23
605,P333952.235.1,o vi 24
606,P333952.236.1,o vi 25
607,P333952.236.2,o vi 25
608,P333952.236.3,o vi 25
609,P333952.237.1,o vi 26
610,P333952.238.1,o vi 27
611,P333952.238.2,o vi 27
612,P333952.238.2,o vi 27
613,P333952.239.1,o vi 28
614,P333952.240.1,o vi 29
615,P333952.240.2,o vi 29
616,P333952.240.3,o vi 29
617,P333952.240.4,o vi 29
618,P333952.241.1,o vi 30
619,P333952.242,
620,P333952.243.1,o vi 31
621,P333952.243.2,o vi 31
622,P333952.243.3,o vi 31
623,P333952.244.1,o vi 32
624,P333952.244.2,o vi 32
625,P333952.245,
626,P333952.246,
0,P337163.2.1,o 1
1,P337163.2.2,o 1
2,P337163.2.3,o 1
3,P337163.3.1,o 2
4,P337163.3.2,o 2
5,P337163.3.3,o 2
6,P337163.3.4,o 2
7,P337163.3.5,o 2
8,P337163.4.1,o 3
9,P337163.4.2,o 3
10,P337163.4.3,o 3
11,P337163.4.4,o 3
12,P337163.5.1,o 4
13,P337163.5.2,o 4
14,P337163.5.3,o 4
15,P337163.6.1,o 5
16,P337163.6.2,o 5
17,P337163.6.3,o 5
18,P337163.6.4,o 5
19,P337163.7.1,o 6
20,P337163.7.2,o 6
21,P337163.7.3,o 6
22,P337163.8.1,o 7
23,P337163.8.2,o 7
24,P337163.9.1,o 8
25,P337163.9.2,o 8
26,P337163.9.3,o 8
27,P337163.9.4,o 8
28,P337163.10.1,o 9
29,P337163.10.2,o 9
30,P337163.10.3,o 9
31,P337163.10.4,o 9
32,P337163.11.1,o 10
33,P337163.11.2,o 10
34,P337163.11.3,o 10
35,P337163.12.1,o 11
36,P337163.12.2,o 11
37,P337163.12.3,o 11
38,P337163.13.1,o 12
39,P337163.13.2,o 12
40,P337163.14.1,o 13
41,P337163.14.2,o 13
42,P337163.15.1,o 14
43,P337163.15.2,o 14
44,P337163.15.3,o 14
45,P337163.16.1,o 15
46,P337163.16.2,o 15
47,P337163.16.3,o 15
48,P337163.17.1,o 16
49,P337163.17.2,o 16
50,P337163.17.3,o 16
51,P337163.17.4,o 16
52,P337163.17.5,o 16
53,P337163.17.6,o 16
54,P337163.18.1,o 17
55,P337163.18.2,o 17
56,P337163.18.3,o 17
57,P337163.18.4,o 17
58,P337163.18.5,o 17
59,P337163.18.6,o 17
60,P337163.18.7,o 17
61,P337163.19.1,o 18
62,P337163.19.2,o 18
63,P337163.20.1,o 19
64,P337163.20.2,o 19
65,P337163.20.3,o 19
66,P337163.21.1,o 20
67,P337163.21.2,o 20
68,P337163.21.3,o 20
69,P337163.21.4,o 20
70,P337163.22.1,o 21
71,P337163.22.2,o 21
72,P337163.22.3,o 21
73,P337163.22.4,o 21
74,P337163.22.5,o 21
75,P337163.22.6,o 21
76,P337163.22.7,o 21
77,P337163.22.8,o 21
78,P337163.23.1,o 22
79,P337163.23.2,o 22
80,P337163.23.3,o 22
81,P337163.23.4,o 22
82,P337163.23.5,o 22
83,P337163.23.6,o 22
84,P337163.23.7,o 22
85,P337163.23.8,o 22
86,P337163.24.1,o 23
87,P337163.24.2,o 23
88,P337163.24.3,o 23
89,P337163.24.4,o 23
90,P337163.25.1,o 24
91,P337163.25.2,o 24
92,P337163.26.1,o 25
93,P337163.26.2,o 25
94,P337163.26.3,o 25
95,P337163.26.4,o 25
96,P337163.27.1,o 26
97,P337163.27.2,o 26
98,P337163.27.3,o 26
99,P337163.27.4,o 26
100,P337163.27.5,o 26
101,P337163.27.6,o 26
102,P337163.28.1,o 27
103,P337163.28.2,o 27
104,P337163.28.3,o 27
105,P337163.28.4,o 27
106,P337163.28.5,o 27
107,P337163.28.6,o 27
108,P337163.28.7,o 27
109,P337163.28.8,o 27
110,P337163.28.9,o 27
111,P337163.29.1,o 28
112,P337163.29.2,o 28
113,P337163.29.3,o 28
114,P337163.29.4,o 28
115,P337163.29.5,o 28
116,P337163.29.6,o 28
117,P337163.29.7,o 28
118,P337163.29.8,o 28
119,P337163.29.9,o 28
120,P337163.29.10,o 28
121,P337163.33.1,r 1'
122,P337163.33.2,r 1'
123,P337163.33.3,r 1'
124,P337163.33.4,r 1'
125,P337163.34.1,r 2'
126,P337163.34.2,r 2'
127,P337163.34.3,r 2'
128,P337163.34.4,r 2'
129,P337163.35.1,r 3'
130,P337163.35.2,r 3'
131,P337163.35.3,r 3'
132,P337163.37.1,r 4'
133,P337163.37.2,r 4'
134,P337163.37.3,r 4'
135,P337163.38.1,r 5'
136,P337163.38.2,r 5'
137,P337163.39.1,r 6'
138,P337163.39.2,r 6'
139,P337163.39.3,r 6'
140,P337163.39.4,r 6'
141,P337163.39.5,r 6'
142,P337163.40.1,r 7'
143,P337163.40.1,r 7'
144,P337163.40.2,r 7'
0,P337152.3.1,i 1'
1,P337152.3.2,i 1'
2,P337152.3.3,i 1'
3,P337152.3.4,i 1'
4,P337152.3.5,i 1'
5,P337152.3.6,i 1'
6,P337152.4.1,i 2'
7,P337152.4.2,i 2'
8,P337152.4.3,i 2'
9,P337152.4.4,i 2'
10,P337152.4.5,i 2'
11,P337152.4.6,i 2'
12,P337152.5.1,i 3'
13,P337152.5.2,i 3'
14,P337152.5.3,i 3'
15,P337152.5.4,i 3'
16,P337152.5.5,i 3'
17,P337152.5.6,i 3'
18,P337152.5.7,i 3'
19,P337152.6.1,i 4'
20,P337152.6.2,i 4'
21,P337152.6.3,i 4'
22,P337152.6.4,i 4'
23,P337152.6.5,i 4'
24,P337152.6.6,i 4'
25,P337152.7.1,i 5'
26,P337152.7.2,i 5'
27,P337152.7.3,i 5'
28,P337152.7.4,i 5'
29,P337152.8.1,i 6'
30,P337152.8.2,i 6'
31,P337152.8.3,i 6'
32,P337152.8.4,i 6'
33,P337152.8.5,i 6'
34,P337152.8.6,i 6'
35,P337152.9.1,i 7'
36,P337152.9.2,i 7'
37,P337152.9.3,i 7'
38,P337152.9.4,i 7'
39,P337152.10.1,i 8'
40,P337152.10.2,i 8'
41,P337152.10.3,i 8'
42,P337152.10.4,i 8'
43,P337152.10.5,i 8'
44,P337152.10.6,i 8'
45,P337152.10.7,i 8'
46,P337152.10.8,i 8'
47,P337152.11.1,i 9'
48,P337152.11.2,i 9'
49,P337152.11.3,i 9'
50,P337152.11.4,i 9'
51,P337152.11.5,i 9'
52,P337152.11.6,i 9'
53,P337152.12.1,i 10'
54,P337152.12.2,i 10'
55,P337152.12.3,i 10'
56,P337152.12.4,i 10'
57,P337152.12.5,i 10'
58,P337152.12.6,i 10'
59,P337152.12.7,i 10'
60,P337152.13.1,i 11'
61,P337152.13.2,i 11'
62,P337152.14.1,i 12'
63,P337152.14.2,i 12'
64,P337152.14.3,i 12'
65,P337152.15.1,i 13'
66,P337152.15.2,i 13'
67,P337152.15.3,i 13'
68,P337152.15.3,i 13'
69,P337152.17.1,i 14'
70,P337152.17.2,i 14'
71,P337152.17.3,i 14'
72,P337152.17.4,i 14'
73,P337152.18,
74,P337152.19.1,i 15'
75,P337152.19.2,i 15'
76,P337152.19.3,i 15'
77,P337152.20.1,i 16'
78,P337152.20.2,i 16'
79,P337152.20.3,i 16'
80,P337152.20.4,i 16'
81,P337152.20.5,i 16'
82,P337152.20.6,i 16'
83,P337152.21.1,i 17'
84,P337152.21.2,i 17'
85,P337152.21.3,i 17'
86,P337152.21.4,i 17'
87,P337152.21.5,i 17'
88,P337152.22.1,i 18'
89,P337152.22.2,i 18'
90,P337152.22.3,i 18'
91,P337152.22.4,i 18'
92,P337152.22.5,i 18'
93,P337152.23.1,i 19'
94,P337152.23.2,i 19'
95,P337152.23.3,i 19'
96,P337152.24.1,i 20'
97,P337152.24.2,i 20'
98,P337152.24.3,i 20'
99,P337152.24.4,i 20'
100,P337152.24.5,i 20'
101,P337152.25.1,i 21'
102,P337152.25.2,i 21'
103,P337152.25.3,i 21'
104,P337152.25.4,i 21'
105,P337152.25.5,i 21'
106,P337152.25.6,i 21'
107,P337152.25.7,i 21'
108,P337152.25.8,i 21'
109,P337152.26.1,i 22'
110,P337152.26.2,i 22'
111,P337152.26.3,i 22'
112,P337152.26.4,i 22'
113,P337152.27.1,i 23'
114,P337152.27.2,i 23'
115,P337152.28.1,i 24'
116,P337152.28.2,i 24'
117,P337152.28.3,i 24'
118,P337152.28.4,i 24'
119,P337152.28.5,i 24'
120,P337152.28.6,i 24'
121,P337152.28.7,i 24'
122,P337152.28.8,i 24'
123,P337152.29.1,i 25'
124,P337152.29.2,i 25'
125,P337152.29.3,i 25'
126,P337152.29.4,i 25'
127,P337152.29.5,i 25'
128,P337152.29.6,i 25'
129,P337152.29.7,i 25'
130,P337152.29.8,i 25'
131,P337152.30.1,i 26'
132,P337152.30.2,i 26'
133,P337152.30.3,i 26'
134,P337152.30.4,i 26'
135,P337152.30.5,i 26'
136,P337152.30.6,i 26'
137,P337152.30.7,i 26'
138,P337152.30.8,i 26'
139,P337152.31.1,i 27'
140,P337152.31.2,i 27'
141,P337152.31.3,i 27'
142,P337152.31.4,i 27'
143,P337152.31.5,i 27'
144,P337152.31.6,i 27'
145,P337152.31.7,i 27'
146,P337152.31.8,i 27'
147,P337152.31.9,i 27'
148,P337152.32.1,i 28'
149,P337152.32.2,i 28'
150,P337152.32.3,i 28'
151,P337152.32.4,i 28'
152,P337152.32.5,i 28'
153,P337152.32.6,i 28'
154,P337152.32.7,i 28'
155,P337152.32.8,i 28'
156,P337152.32.9,i 28'
157,P337152.32.10,i 28'
158,P337152.33.1,i 29'
159,P337152.33.2,i 29'
160,P337152.33.3,i 29'
161,P337152.33.4,i 29'
162,P337152.33.5,i 29'
163,P337152.33.6,i 29'
164,P337152.33.7,i 29'
165,P337152.33.8,i 29'
166,P337152.33.9,i 29'
167,P337152.33.10,i 29'
168,P337152.34.1,i 30'
169,P337152.34.2,i 30'
170,P337152.34.3,i 30'
171,P337152.34.4,i 30'
172,P337152.34.5,i 30'
173,P337152.34.6,i 30'
174,P337152.34.7,i 30'
175,P337152.34.8,i 30'
176,P337152.34.9,i 30'
177,P337152.35.1,i 31'
178,P337152.35.2,i 31'
179,P337152.35.3,i 31'
180,P337152.35.4,i 31'
181,P337152.35.5,i 31'
182,P337152.35.6,i 31'
183,P337152.35.7,i 31'
184,P337152.35.8,i 31'
185,P337152.35.9,i 31'
186,P337152.36.1,i 32'
187,P337152.36.2,i 32'
188,P337152.36.3,i 32'
189,P337152.36.4,i 32'
190,P337152.36.5,i 32'
191,P337152.36.6,i 32'
192,P337152.36.7,i 32'
193,P337152.36.8,i 32'
194,P337152.37.1,i 33'
195,P337152.37.2,i 33'
196,P337152.37.3,i 33'
197,P337152.37.4,i 33'
198,P337152.37.5,i 33'
199,P337152.37.6,i 33'
200,P337152.37.7,i 33'
201,P337152.37.8,i 33'
202,P337152.37.9,i 33'
203,P337152.38.1,i 34'
204,P337152.38.2,i 34'
205,P337152.38.3,i 34'
206,P337152.38.4,i 34'
207,P337152.38.5,i 34'
208,P337152.38.6,i 34'
209,P337152.38.7,i 34'
210,P337152.38.8,i 34'
211,P337152.39.1,i 35'
212,P337152.39.2,i 35'
213,P337152.39.3,i 35'
214,P337152.39.4,i 35'
215,P337152.40,
216,P337152.41.1,i 36'
217,P337152.41.2,i 36'
218,P337152.42.1,i 37'
219,P337152.42.2,i 37'
220,P337152.42.3,i 37'
221,P337152.43.1,i 38'
222,P337152.43.2,i 38'
223,P337152.43.3,i 38'
224,P337152.43.4,i 38'
225,P337152.43.5,i 38'
226,P337152.43.6,i 38'
227,P337152.43.7,i 38'
228,P337152.47.1,ii 1'
229,P337152.47.2,ii 1'
230,P337152.47.3,ii 1'
231,P337152.47.4,ii 1'
232,P337152.47.5,ii 1'
233,P337152.47.6,ii 1'
234,P337152.48.1,ii 2'
235,P337152.48.2,ii 2'
236,P337152.48.3,ii 2'
237,P337152.48.4,ii 2'
238,P337152.48.5,ii 2'
239,P337152.49.1,ii 3'
240,P337152.49.2,ii 3'
241,P337152.49.3,ii 3'
242,P337152.50.1,ii 4'
243,P337152.50.2,ii 4'
244,P337152.50.2,ii 4'
245,P337152.50.3,ii 4'
246,P337152.50.4,ii 4'
247,P337152.51.1,ii 5'
248,P337152.51.2,ii 5'
249,P337152.51.3,ii 5'
250,P337152.52.1,ii 6'
251,P337152.52.2,ii 6'
252,P337152.52.3,ii 6'
253,P337152.52.4,ii 6'
254,P337152.52.5,ii 6'
255,P337152.52.6,ii 6'
256,P337152.53.1,ii 7'
257,P337152.53.2,ii 7'
258,P337152.53.3,ii 7'
259,P337152.53.4,ii 7'
260,P337152.53.5,ii 7'
261,P337152.54.1,ii 8'
262,P337152.54.2,ii 8'
263,P337152.55.1,ii 9'
264,P337152.55.2,ii 9'
265,P337152.55.3,ii 9'
266,P337152.55.4,ii 9'
267,P337152.55.5,ii 9'
268,P337152.56.1,ii 10'
269,P337152.56.2,ii 10'
270,P337152.56.3,ii 10'
271,P337152.57.1,ii 11'
272,P337152.57.2,ii 11'
273,P337152.57.3,ii 11'
274,P337152.58.1,ii 12'
275,P337152.58.2,ii 12'
276,P337152.58.3,ii 12'
277,P337152.59.1,ii 13'
278,P337152.59.2,ii 13'
279,P337152.59.2,ii 13'
280,P337152.60.1,ii 14'
281,P337152.60.2,ii 14'
282,P337152.60.3,ii 14'
283,P337152.60.4,ii 14'
284,P337152.60.5,ii 14'
285,P337152.61.1,ii 15'
286,P337152.61.2,ii 15'
287,P337152.61.3,ii 15'
288,P337152.62.1,ii 16'
289,P337152.62.2,ii 16'
290,P337152.63.1,ii 17'
291,P337152.63.2,ii 17'
292,P337152.64.1,ii 18'
293,P337152.64.2,ii 18'
294,P337152.64.3,ii 18'
295,P337152.64.4,ii 18'
296,P337152.65.1,ii 19'
297,P337152.65.2,ii 19'
298,P337152.65.3,ii 19'
299,P337152.66.1,ii 20'
300,P337152.66.2,ii 20'
301,P337152.66.3,ii 20'
302,P337152.67.1,ii 21'
303,P337152.67.2,ii 21'
304,P337152.67.3,ii 21'
305,P337152.67.4,ii 21'
306,P337152.68.1,ii 22'
307,P337152.68.2,ii 22'
308,P337152.68.3,ii 22'
309,P337152.68.4,ii 22'
310,P337152.68.5,ii 22'
311,P337152.69.1,ii 23'
312,P337152.69.2,ii 23'
313,P337152.69.3,ii 23'
314,P337152.70.1,ii 24'
315,P337152.70.2,ii 24'
316,P337152.70.3,ii 24'
317,P337152.70.4,ii 24'
318,P337152.70.5,ii 24'
319,P337152.70.6,ii 24'
320,P337152.70.7,ii 24'
321,P337152.71.1,ii 25
322,P337152.71.2,ii 25
323,P337152.71.3,ii 25
324,P337152.71.4,ii 25
325,P337152.72.1,ii 26'
326,P337152.72.2,ii 26'
327,P337152.72.3,ii 26'
328,P337152.72.4,ii 26'
329,P337152.73.1,ii 27'
330,P337152.73.2,ii 27'
331,P337152.74.1,ii 28'
332,P337152.74.2,ii 28'
333,P337152.74.3,ii 28'
334,P337152.74.4,ii 28'
335,P337152.74.5,ii 28'
336,P337152.75,
337,P337152.76.1,ii 29'
338,P337152.76.2,ii 29'
339,P337152.76.3,ii 29'
340,P337152.76.4,ii 29'
341,P337152.77.1,ii 30'
342,P337152.77.2,ii 30'
343,P337152.77.3,ii 30'
344,P337152.77.4,ii 30'
345,P337152.77.5,ii 30'
346,P337152.77.6,ii 30'
347,P337152.77.7,ii 30'
348,P337152.78.1,ii 31'
349,P337152.78.2,ii 31'
350,P337152.79.1,ii 32'
351,P337152.79.2,ii 32'
352,P337152.79.3,ii 32'
353,P337152.80.1,ii 33'
354,P337152.80.2,ii 33'
355,P337152.80.3,ii 33'
356,P337152.80.4,ii 33'
357,P337152.81.1,ii 34'
358,P337152.81.2,ii 34'
359,P337152.81.3,ii 34'
360,P337152.82.1,ii 35'
361,P337152.82.2,ii 35'
362,P337152.82.3,ii 35'
363,P337152.83.1,ii 36'
364,P337152.83.2,ii 36'
365,P337152.83.3,ii 36'
366,P337152.83.4,ii 36'
367,P337152.83.5,ii 36'
368,P337152.83.6,ii 36'
369,P337152.84.1,ii 37'
370,P337152.84.2,ii 37'
371,P337152.84.3,ii 37'
372,P337152.84.4,ii 37'
373,P337152.84.5,ii 37'
374,P337152.84.6,ii 37'
375,P337152.85.1,ii 38'
376,P337152.85.2,ii 38'
377,P337152.85.3,ii 38'
378,P337152.85.4,ii 38'
379,P337152.86.1,ii 39'
380,P337152.86.2,ii 39'
381,P337152.86.3,ii 39'
382,P337152.86.4,ii 39'
383,P337152.86.5,ii 39'
384,P337152.86.6,ii 39'
385,P337152.86.7,ii 39'
386,P337152.86.8,ii 39'
387,P337152.90.1,iii 1'
388,P337152.90.2,iii 1'
389,P337152.90.3,iii 1'
390,P337152.90.4,iii 1'
391,P337152.90.5,iii 1'
392,P337152.90.6,iii 1'
393,P337152.90.7,iii 1'
394,P337152.90.8,iii 1'
395,P337152.91.1,iii 2'
396,P337152.91.1,iii 2'
397,P337152.91.2,iii 2'
398,P337152.91.3,iii 2'
399,P337152.91.4,iii 2'
400,P337152.91.5,iii 2'
401,P337152.92.1,iii 3'
402,P337152.92.2,iii 3'
403,P337152.92.3,iii 3'
404,P337152.92.4,iii 3'
405,P337152.92.5,iii 3'
406,P337152.92.6,iii 3'
407,P337152.93.1,iii 4'
408,P337152.93.2,iii 4'
409,P337152.93.3,iii 4'
410,P337152.93.4,iii 4'
411,P337152.93.5,iii 4'
412,P337152.93.6,iii 4'
413,P337152.94.1,iii 5'
414,P337152.94.2,iii 5'
415,P337152.94.3,iii 5'
416,P337152.94.4,iii 5'
417,P337152.94.5,iii 5'
418,P337152.94.6,iii 5'
419,P337152.94.7,iii 5'
420,P337152.95.1,iii 6'
421,P337152.95.2,iii 6'
422,P337152.95.3,iii 6'
423,P337152.95.4,iii 6'
424,P337152.95.5,iii 6'
425,P337152.95.6,iii 6'
426,P337152.95.7,iii 6'
427,P337152.95.8,iii 6'
428,P337152.96.1,iii 7'
429,P337152.96.2,iii 7'
430,P337152.96.3,iii 7'
431,P337152.96.4,iii 7'
432,P337152.96.5,iii 7'
433,P337152.97.1,iii 8'
434,P337152.97.2,iii 8'
435,P337152.98.1,iii 9'
436,P337152.98.2,iii 9'
437,P337152.98.2,iii 9'
438,P337152.98.3,iii 9'
439,P337152.98.4,iii 9'
440,P337152.98.5,iii 9'
441,P337152.99.1,iii 10'
442,P337152.99.2,iii 10'
443,P337152.99.3,iii 10'
444,P337152.99.4,iii 10'
445,P337152.99.5,iii 10'
446,P337152.99.6,iii 10'
447,P337152.99.7,iii 10'
448,P337152.100.1,iii 11'
449,P337152.100.2,iii 11'
450,P337152.100.3,iii 11'
451,P337152.100.4,iii 11'
452,P337152.101.1,iii 12'
453,P337152.101.2,iii 12'
454,P337152.102.1,iii 13'
455,P337152.102.2,iii 13'
456,P337152.102.3,iii 13'
457,P337152.103.1,iii 14'
458,P337152.103.2,iii 14'
459,P337152.104.1,iii 15'
460,P337152.104.2,iii 15'
461,P337152.104.3,iii 15'
462,P337152.104.4,iii 15'
463,P337152.105.1,iii 16'
464,P337152.105.2,iii 16'
465,P337152.105.3,iii 16'
466,P337152.105.4,iii 16'
467,P337152.106.1,iii 17'
468,P337152.106.2,iii 17'
469,P337152.106.3,iii 17'
470,P337152.106.4,iii 17'
471,P337152.106.5,iii 17'
472,P337152.106.6,iii 17'
473,P337152.106.7,iii 17'
474,P337152.107.1,iii 18'
475,P337152.107.2,iii 18'
476,P337152.107.3,iii 18'
477,P337152.107.4,iii 18'
478,P337152.108,
479,P337152.109.1,iii 19'
480,P337152.109.2,iii 19'
481,P337152.109.3,iii 19'
482,P337152.109.4,iii 19'
483,P337152.109.5,iii 19'
484,P337152.110.1,iii 20'
485,P337152.110.2,iii 20'
486,P337152.110.3,iii 20'
487,P337152.110.4,iii 20'
488,P337152.110.5,iii 20'
489,P337152.111.1,iii 21'
490,P337152.111.2,iii 21'
491,P337152.111.3,iii 21'
492,P337152.111.4,iii 21'
493,P337152.112.1,iii 22'
494,P337152.112.2,iii 22'
495,P337152.112.3,iii 22'
496,P337152.112.4,iii 22'
497,P337152.112.5,iii 22'
498,P337152.112.6,iii 22'
499,P337152.113.1,iii 23'
500,P337152.113.2,iii 23'
501,P337152.113.3,iii 23'
502,P337152.113.4,iii 23'
503,P337152.113.5,iii 23'
504,P337152.114.1,iii 24'
505,P337152.114.2,iii 24'
506,P337152.114.3,iii 24'
507,P337152.115.1,iii 25'
508,P337152.115.2,iii 25'
509,P337152.115.3,iii 25'
510,P337152.115.4,iii 25'
511,P337152.116.1,iii 26'
512,P337152.116.2,iii 26'
513,P337152.116.3,iii 26'
514,P337152.117.1,iii 27'
515,P337152.117.2,iii 27'
516,P337152.117.3,iii 27'
517,P337152.118.1,iii 28'
518,P337152.118.2,iii 28'
519,P337152.119.1,iii 29'
520,P337152.119.2,iii 29'
521,P337152.119.3,iii 29'
522,P337152.120.1,iii 30'
523,P337152.120.2,iii 30'
524,P337152.120.3,iii 30'
525,P337152.121.1,iii 31'
526,P337152.121.2,iii 31'
527,P337152.121.3,iii 31'
528,P337152.121.4,iii 31'
529,P337152.122.1,iii 32'
530,P337152.122.2,iii 32'
531,P337152.122.3,iii 32'
532,P337152.122.4,iii 32'
533,P337152.123.1,iii 33'
534,P337152.123.2,iii 33'
535,P337152.123.3,iii 33'
536,P337152.123.4,iii 33'
537,P337152.124.1,iii 34'
538,P337152.124.2,iii 34'
539,P337152.124.3,iii 34'
540,P337152.124.4,iii 34'
541,P337152.124.5,iii 34'
542,P337152.124.6,iii 34'
543,P337152.125.1,iii 35'
544,P337152.125.2,iii 35'
545,P337152.125.3,iii 35'
546,P337152.125.4,iii 35'
547,P337152.125.5,iii 35'
548,P337152.125.6,iii 35'
549,P337152.126.1,iii 36'
550,P337152.126.2,iii 36'
551,P337152.126.3,iii 36'
552,P337152.126.4,iii 36'
553,P337152.126.5,iii 36'
554,P337152.126.6,iii 36'
555,P337152.126.7,iii 36'
556,P337152.130.1,iv 1'
557,P337152.130.2,iv 1'
558,P337152.130.3,iv 1'
559,P337152.130.4,iv 1'
560,P337152.130.5,iv 1'
561,P337152.130.6,iv 1'
562,P337152.130.7,iv 1'
563,P337152.131.1,iv 2'
564,P337152.131.2,iv 2'
565,P337152.131.3,iv 2'
566,P337152.131.4,iv 2'
567,P337152.131.5,iv 2'
568,P337152.131.6,iv 2'
569,P337152.132.1,iv 3'
570,P337152.132.2,iv 3'
571,P337152.132.3,iv 3'
572,P337152.132.4,iv 3'
573,P337152.132.5,iv 3'
574,P337152.132.6,iv 3'
575,P337152.132.7,iv 3'
576,P337152.132.8,iv 3'
577,P337152.133.1,iv 4'
578,P337152.133.2,iv 4'
579,P337152.133.3,iv 4'
580,P337152.133.4,iv 4'
581,P337152.133.5,iv 4'
582,P337152.134.1,iv 5'
583,P337152.134.2,iv 5'
584,P337152.134.3,iv 5'
585,P337152.134.4,iv 5'
586,P337152.134.5,iv 5'
587,P337152.134.6,iv 5'
588,P337152.134.7,iv 5'
589,P337152.135.1,iv 6'
590,P337152.135.2,iv 6'
591,P337152.135.3,iv 6'
592,P337152.135.4,iv 6'
593,P337152.135.5,iv 6'
594,P337152.135.6,iv 6'
595,P337152.135.7,iv 6'
596,P337152.135.8,iv 6'
597,P337152.135.9,iv 6'
598,P337152.135.10,iv 6'
599,P337152.135.11,iv 6'
600,P337152.136.1,iv 7'
601,P337152.136.2,iv 7'
602,P337152.136.3,iv 7'
603,P337152.136.4,iv 7'
604,P337152.136.5,iv 7'
605,P337152.137.1,iv 8'
606,P337152.137.2,iv 8'
607,P337152.137.3,iv 8'
608,P337152.138.1,iv 9'
609,P337152.138.2,iv 9'
610,P337152.138.3,iv 9'
611,P337152.139.1,iv 10'
612,P337152.139.2,iv 10'
613,P337152.139.3,iv 10'
614,P337152.140.1,iv 11'
615,P337152.140.2,iv 11'
616,P337152.140.3,iv 11'
617,P337152.140.4,iv 11'
618,P337152.140.5,iv 11'
619,P337152.140.6,iv 11'
620,P337152.141.1,iv 12'
621,P337152.141.2,iv 12'
622,P337152.141.3,iv 12'
623,P337152.141.4,iv 12'
624,P337152.141.5,iv 12'
625,P337152.142.1,iv 13'
626,P337152.142.2,iv 13'
627,P337152.142.3,iv 13'
628,P337152.142.4,iv 13'
629,P337152.142.5,iv 13'
630,P337152.142.6,iv 13'
631,P337152.143.1,iv 14'
632,P337152.143.2,iv 14'
633,P337152.143.3,iv 14'
634,P337152.143.4,iv 14'
635,P337152.143.5,iv 14'
636,P337152.143.6,iv 14'
637,P337152.144.1,iv 15'
638,P337152.144.2,iv 15'
639,P337152.144.3,iv 15'
640,P337152.144.4,iv 15'
641,P337152.144.5,iv 15'
642,P337152.144.6,iv 15'
643,P337152.146.1,iv 16'
644,P337152.146.2,iv 16'
645,P337152.146.3,iv 16'
646,P337152.146.4,iv 16'
647,P337152.146.5,iv 16'
648,P337152.147.1,iv 17'
649,P337152.147.2,iv 17'
650,P337152.147.3,iv 17'
651,P337152.147.4,iv 17'
652,P337152.147.5,iv 17'
653,P337152.147.6,iv 17'
654,P337152.148.1,iv 18'
655,P337152.148.2,iv 18'
656,P337152.148.3,iv 18'
657,P337152.148.4,iv 18'
658,P337152.148.5,iv 18'
659,P337152.148.6,iv 18'
660,P337152.149.1,iv 19'
661,P337152.149.2,iv 19'
662,P337152.149.3,iv 19'
663,P337152.149.4,iv 19'
664,P337152.150.1,iv 20'
665,P337152.150.2,iv 20'
666,P337152.150.3,iv 20'
667,P337152.151.1,iv 21'
668,P337152.151.2,iv 21'
669,P337152.151.3,iv 21'
670,P337152.151.4,iv 21'
671,P337152.151.5,iv 21'
672,P337152.151.6,iv 21'
673,P337152.151.7,iv 21'
674,P337152.152.1,iv 22'
675,P337152.152.2,iv 22'
676,P337152.153.1,iv 23'
677,P337152.153.2,iv 23'
678,P337152.154.1,iv 24'
679,P337152.154.2,iv 24'
680,P337152.154.3,iv 24'
681,P337152.154.4,iv 24'
682,P337152.154.5,iv 24'
683,P337152.154.6,iv 24'
684,P337152.155.1,iv 25'
685,P337152.155.2,iv 25'
686,P337152.155.3,iv 25'
687,P337152.155.4,iv 25'
688,P337152.156.1,iv 26'
689,P337152.156.2,iv 26'
690,P337152.156.3,iv 26'
691,P337152.156.4,iv 26'
692,P337152.156.5,iv 26'
693,P337152.157.1,iv 27'
694,P337152.157.2,iv 27'
695,P337152.157.3,iv 27'
696,P337152.157.4,iv 27'
697,P337152.157.5,iv 27'
698,P337152.157.6,iv 27'
699,P337152.158.1,iv 28'
700,P337152.158.2,iv 28'
701,P337152.158.3,iv 28'
702,P337152.158.4,iv 28'
703,P337152.158.5,iv 28'
704,P337152.158.6,iv 28'
705,P337152.159.1,iv 29'
706,P337152.159.2,iv 29'
707,P337152.159.3,iv 29'
708,P337152.159.4,iv 29'
709,P337152.159.5,iv 29'
710,P337152.159.6,iv 29'
711,P337152.160.1,iv 30'
712,P337152.160.2,iv 30'
713,P337152.160.3,iv 30'
714,P337152.160.4,iv 30'
715,P337152.160.5,iv 30'
716,P337152.160.6,iv 30'
717,P337152.161.1,iv 31'
718,P337152.161.2,iv 31'
719,P337152.161.3,iv 31'
720,P337152.161.4,iv 31'
721,P337152.161.5,iv 31'
722,P337152.161.6,iv 31'
723,P337152.161.7,iv 31'
0,P314355.3.1,o 1'
1,P314355.3.2,o 1'
2,P314355.3.3,o 1'
3,P314355.3.4,o 1'
4,P314355.3.5,o 1'
5,P314355.3.6,o 1'
6,P314355.3.7,o 1'
7,P314355.3.8,o 1'
8,P314355.3.9,o 1'
9,P314355.4.1,o 2'
10,P314355.4.2,o 2'
11,P314355.4.3,o 2'
12,P314355.4.4,o 2'
13,P314355.4.5,o 2'
14,P314355.4.6,o 2'
15,P314355.4.7,o 2'
16,P314355.4.8,o 2'
17,P314355.4.9,o 2'
18,P314355.5.1,o 3'
19,P314355.5.2,o 3'
20,P314355.5.3,o 3'
21,P314355.5.4,o 3'
22,P314355.5.5,o 3'
23,P314355.5.6,o 3'
24,P314355.5.7,o 3'
25,P314355.5.8,o 3'
26,P314355.5.9,o 3'
27,P314355.6.1,o 4'
28,P314355.6.2,o 4'
29,P314355.6.3,o 4'
30,P314355.6.4,o 4'
31,P314355.6.5,o 4'
32,P314355.6.6,o 4'
33,P314355.6.7,o 4'
34,P314355.6.8,o 4'
35,P314355.6.9,o 4'
36,P314355.7.1,o 5'
37,P314355.7.2,o 5'
38,P314355.7.3,o 5'
39,P314355.7.4,o 5'
40,P314355.7.5,o 5'
41,P314355.7.6,o 5'
42,P314355.7.7,o 5'
43,P314355.7.8,o 5'
44,P314355.7.9,o 5'
45,P314355.7.10,o 5'
46,P314355.8.1,o 6'
47,P314355.8.2,o 6'
48,P314355.8.3,o 6'
49,P314355.8.4,o 6'
50,P314355.8.5,o 6'
51,P314355.8.6,o 6'
52,P314355.8.7,o 6'
53,P314355.8.8,o 6'
54,P314355.8.9,o 6'
55,P314355.9.1,o 7'
56,P314355.9.2,o 7'
57,P314355.9.3,o 7'
58,P314355.9.4,o 7'
59,P314355.9.5,o 7'
60,P314355.9.6,o 7'
61,P314355.9.7,o 7'
62,P314355.9.8,o 7'
63,P314355.13.1,r 1'
64,P314355.13.2,r 1'
65,P314355.13.3,r 1'
66,P314355.13.4,r 1'
67,P314355.13.5,r 1'
68,P314355.13.6,r 1'
69,P314355.14.1,r 2'
70,P314355.14.2,r 2'
71,P314355.14.3,r 2'
72,P314355.14.4,r 2'
73,P314355.14.5,r 2'
74,P314355.14.6,r 2'
75,P314355.14.7,r 2'
76,P314355.15.1,r 3'
77,P314355.15.2,r 3'
78,P314355.15.3,r 3'
79,P314355.15.4,r 3'
80,P314355.15.5,r 3'
81,P314355.15.6,r 3'
82,P314355.15.7,r 3'
83,P314355.16.1,r 4'
84,P314355.16.2,r 4'
85,P314355.16.3,r 4'
86,P314355.16.4,r 4'
87,P314355.16.5,r 4'
88,P314355.16.6,r 4'
89,P314355.16.7,r 4'
90,P314355.16.8,r 4'
91,P314355.17.1,r 5'
92,P314355.17.2,r 5'
93,P314355.17.3,r 5'
94,P314355.17.4,r 5'
95,P314355.17.5,r 5'
96,P314355.17.6,r 5'
97,P314355.17.7,r 5'
98,P314355.17.8,r 5'
99,P314355.18.1,r 6'
100,P314355.18.2,r 6'
101,P314355.18.3,r 6'
102,P314355.18.4,r 6'
103,P314355.18.5,r 6'
104,P314355.18.6,r 6'
105,P314355.18.7,r 6'
106,P314355.18.8,r 6'
107,P314355.19.1,r 7'
108,P314355.19.2,r 7'
109,P314355.19.3,r 7'
110,P314355.19.4,r 7'
111,P314355.19.5,r 7'
112,P314355.19.6,r 7'
113,P314355.20.1,r 8'
114,P314355.20.2,r 8'
115,P314355.20.3,r 8'
116,P314355.20.4,r 8'
117,P314355.20.5,r 8'
118,P314355.20.6,r 8'
119,P314355.20.7,r 8'
120,P314355.20.8,r 8'
121,P314355.20.9,r 8'
122,P314355.23.1,l.e. 1
123,P314355.23.2,l.e. 1
124,P314355.23.3,l.e. 1
125,P314355.23.4,l.e. 1
126,P314355.23.5,l.e. 1
127,P314355.23.6,l.e. 1
128,P314355.23.7,l.e. 1
129,P314355.23.8,l.e. 1
130,P314355.23.9,l.e. 1
131,P314355.23.10,l.e. 1
132,P314355.23.11,l.e. 1
133,P314355.23.12,l.e. 1
134,P314355.23.13,l.e. 1
135,P314355.23.14,l.e. 1
136,P314355.24.1,l.e. 2
137,P314355.24.2,l.e. 2
138,P314355.24.3,l.e. 2
139,P314355.24.4,l.e. 2
140,P314355.24.5,l.e. 2
141,P314355.24.6,l.e. 2
142,P314355.24.7,l.e. 2
143,P314355.24.8,l.e. 2
144,P314355.24.9,l.e. 2
145,P314355.24.10,l.e. 2
146,P314355.24.11,l.e. 2
147,P314355.24.12,l.e. 2
148,P314355.24.13,l.e. 2
149,P314355.24.14,l.e. 2
150,P314355.24.15,l.e. 2
151,P314355.24.16,l.e. 2
0,P336678.2.1,o 1
1,P336678.2.2,o 1
2,P336678.2.3,o 1
3,P336678.2.4,o 1
4,P336678.2.5,o 1
5,P336678.2.6,o 1
6,P336678.2.7,o 1
7,P336678.2.8,o 1
8,P336678.2.9,o 1
9,P336678.2.10,o 1
10,P336678.2.11,o 1
11,P336678.2.12,o 1
12,P336678.3.1,o 2
13,P336678.3.2,o 2
14,P336678.3.3,o 2
15,P336678.3.4,o 2
16,P336678.3.5,o 2
17,P336678.3.6,o 2
18,P336678.3.7,o 2
19,P336678.3.8,o 2
20,P336678.3.9,o 2
21,P336678.3.10,o 2
22,P336678.3.11,o 2
23,P336678.3.12,o 2
24,P336678.4.1,o 3
25,P336678.4.2,o 3
26,P336678.4.3,o 3
27,P336678.4.4,o 3
28,P336678.4.5,o 3
29,P336678.4.6,o 3
30,P336678.4.7,o 3
31,P336678.4.8,o 3
32,P336678.4.9,o 3
33,P336678.4.10,o 3
34,P336678.4.11,o 3
35,P336678.4.12,o 3
36,P336678.5.1,o 4
37,P336678.5.2,o 4
38,P336678.5.3,o 4
39,P336678.5.4,o 4
40,P336678.5.5,o 4
41,P336678.5.6,o 4
42,P336678.5.7,o 4
43,P336678.5.8,o 4
44,P336678.5.9,o 4
45,P336678.5.10,o 4
46,P336678.5.11,o 4
47,P336678.5.12,o 4
48,P336678.5.13,o 4
49,P336678.5.14,o 4
50,P336678.6.1,o 5
51,P336678.6.2,o 5
52,P336678.6.3,o 5
53,P336678.6.4,o 5
54,P336678.6.5,o 5
55,P336678.6.6,o 5
56,P336678.6.7,o 5
57,P336678.6.8,o 5
58,P336678.6.9,o 5
59,P336678.6.10,o 5
60,P336678.6.11,o 5
61,P336678.6.12,o 5
62,P336678.6.13,o 5
63,P336678.6.14,o 5
64,P336678.7.1,o 6
65,P336678.7.2,o 6
66,P336678.7.3,o 6
67,P336678.7.4,o 6
68,P336678.7.5,o 6
69,P336678.7.6,o 6
70,P336678.7.7,o 6
71,P336678.7.8,o 6
72,P336678.7.9,o 6
73,P336678.7.10,o 6
74,P336678.7.11,o 6
75,P336678.7.12,o 6
76,P336678.7.13,o 6
77,P336678.8.1,o 7
78,P336678.8.2,o 7
79,P336678.8.3,o 7
80,P336678.8.4,o 7
81,P336678.8.5,o 7
82,P336678.8.6,o 7
83,P336678.8.7,o 7
84,P336678.8.8,o 7
85,P336678.8.9,o 7
86,P336678.8.10,o 7
87,P336678.8.11,o 7
88,P336678.8.12,o 7
89,P336678.8.13,o 7
90,P336678.9.1,o 8
91,P336678.9.2,o 8
92,P336678.9.3,o 8
93,P336678.9.4,o 8
94,P336678.9.5,o 8
95,P336678.9.6,o 8
96,P336678.9.7,o 8
97,P336678.9.8,o 8
98,P336678.9.9,o 8
99,P336678.9.10,o 8
100,P336678.9.11,o 8
101,P336678.9.12,o 8
102,P336678.9.13,o 8
103,P336678.9.14,o 8
104,P336678.10.1,o 9
105,P336678.10.2,o 9
106,P336678.10.3,o 9
107,P336678.10.4,o 9
108,P336678.10.5,o 9
109,P336678.10.6,o 9
110,P336678.10.7,o 9
111,P336678.10.8,o 9
112,P336678.10.9,o 9
113,P336678.10.10,o 9
114,P336678.10.11,o 9
115,P336678.10.12,o 9
116,P336678.10.13,o 9
117,P336678.10.14,o 9
118,P336678.12.1,b.e. 10
119,P336678.12.2,b.e. 10
120,P336678.12.3,b.e. 10
121,P336678.12.4,b.e. 10
122,P336678.12.5,b.e. 10
123,P336678.12.6,b.e. 10
124,P336678.12.7,b.e. 10
125,P336678.12.8,b.e. 10
126,P336678.12.9,b.e. 10
127,P336678.12.10,b.e. 10
128,P336678.12.11,b.e. 10
129,P336678.12.12,b.e. 10
130,P336678.14.1,r 1
131,P336678.14.2,r 1
132,P336678.14.3,r 1
133,P336678.14.4,r 1
134,P336678.14.5,r 1
135,P336678.14.6,r 1
136,P336678.14.7,r 1
137,P336678.14.8,r 1
138,P336678.14.9,r 1
139,P336678.14.10,r 1
140,P336678.15.1,r 2
141,P336678.15.2,r 2
142,P336678.15.3,r 2
143,P336678.15.4,r 2
144,P336678.15.5,r 2
145,P336678.15.6,r 2
146,P336678.15.7,r 2
147,P336678.15.8,r 2
148,P336678.15.9,r 2
149,P336678.15.10,r 2
150,P336678.15.11,r 2
151,P336678.15.12,r 2
152,P336678.15.13,r 2
153,P336678.16.1,r 3
154,P336678.16.2,r 3
155,P336678.16.3,r 3
156,P336678.16.4,r 3
157,P336678.16.5,r 3
158,P336678.16.6,r 3
159,P336678.16.7,r 3
160,P336678.16.8,r 3
161,P336678.16.9,r 3
162,P336678.16.10,r 3
163,P336678.16.11,r 3
164,P336678.17.1,r 4
165,P336678.17.2,r 4
166,P336678.17.3,r 4
167,P336678.17.4,r 4
168,P336678.17.5,r 4
169,P336678.17.6,r 4
170,P336678.17.7,r 4
171,P336678.17.8,r 4
172,P336678.17.9,r 4
173,P336678.17.10,r 4
174,P336678.17.11,r 4
175,P336678.18.1,r 5
176,P336678.18.2,r 5
177,P336678.18.3,r 5
178,P336678.18.4,r 5
179,P336678.18.5,r 5
180,P336678.18.6,r 5
181,P336678.18.7,r 5
182,P336678.18.8,r 5
183,P336678.18.9,r 5
184,P336678.18.10,r 5
185,P336678.19.1,r 6
186,P336678.19.2,r 6
187,P336678.19.3,r 6
188,P336678.19.4,r 6
189,P336678.19.5,r 6
190,P336678.19.6,r 6
191,P336678.19.7,r 6
192,P336678.19.8,r 6
193,P336678.19.9,r 6
194,P336678.19.10,r 6
195,P336678.20.1,r 7
196,P336678.20.2,r 7
197,P336678.20.3,r 7
198,P336678.20.4,r 7
199,P336678.20.5,r 7
200,P336678.20.6,r 7
201,P336678.20.7,r 7
202,P336678.20.8,r 7
203,P336678.20.9,r 7
204,P336678.20.10,r 7
205,P336678.20.11,r 7
206,P336678.21.1,r 8
207,P336678.21.2,r 8
208,P336678.21.3,r 8
209,P336678.21.4,r 8
210,P336678.21.5,r 8
211,P336678.21.6,r 8
212,P336678.21.7,r 8
213,P336678.21.8,r 8
214,P336678.22.1,r 9
215,P336678.22.2,r 9
216,P336678.22.3,r 9
217,P336678.22.4,r 9
218,P336678.22.5,r 9
219,P336678.22.6,r 9
220,P336678.22.7,r 9
221,P336678.22.8,r 9
222,P336678.22.9,r 9
223,P336678.23.1,r 10
224,P336678.23.2,r 10
225,P336678.23.3,r 10
226,P336678.23.4,r 10
227,P336678.23.5,r 10
228,P336678.23.6,r 10
229,P336678.23.7,r 10
230,P336678.25.1,t.e. 11
231,P336678.25.2,t.e. 11
232,P336678.25.3,t.e. 11
233,P336678.25.4,t.e. 11
234,P336678.25.5,t.e. 11
235,P336678.25.6,t.e. 11
236,P336678.25.7,t.e. 11
237,P336678.26.1,t.e. 12
238,P336678.26.2,t.e. 12
239,P336678.26.3,t.e. 12
240,P336678.26.4,t.e. 12
241,P336678.26.5,t.e. 12
