{
  "type": "cdl",
  "project": "saao/saa16",
  "source": "http://oracc.org/saao/saa16",
  "license": "This data is released under the CC0 license",
  "license-url": "https://creativecommons.org/publicdomain/zero/1.0/",
  "more-info": "http://oracc.org/doc/opendata/",
  "UTC-timestamp": "2023-03-20T10:38:21",
  "textid": "P314125",
  "cdl": [
    {
      "node": "c",
      "type": "text",
      "id": "P314125.U0",
      "cdl": [
        {
          "node": "d",
          "type": "object",
          "ref": ""
        },
        {
          "node": "d",
          "subtype": "obverse",
          "type": "surface",
          "ref": "P314125.o.1",
          "label": "o"
        },
        {
          "node": "d",
          "type": "nonx",
          "ref": "P314125.2",
          "strict": "0",
          "extent": "beginning",
          "state": "missing"
        },
        {
          "node": "c",
          "type": "discourse",
          "subtype": "body",
          "id": "P314125.U1",
          "cdl": [
            {
              "node": "c",
              "type": "sentence",
              "implicit": "yes",
              "id": "P314125.U2",
              "label": "o 1' - o 6'",
              "cdl": [
                {
                  "node": "d",
                  "type": "line-start",
                  "ref": "P314125.3",
                  "n": "1'",
                  "label": "o 1'"
                },
                {
                  "node": "l",
                  "frag": "rih-ṣi",
                  "id": "P314125.l00499",
                  "ref": "P314125.3.1",
                  "inst": "rihṣu[flood(ing)//devastation]N$rihṣi",
                  "sig": "@saao/saa16%akk-x-neoass:rih-ṣi=rihṣu[flood(ing)//devastation]N'N$rihṣi",
                  "f": {
                    "lang": "akk-x-neoass",
                    "form": "rih-ṣi",
                    "delim": "",
                    "gdl": [
                      {
                        "v": "rih",
                        "utf8": "𒈛",
                        "id": "P314125.3.1.0",
                        "delim": "-"
                      },
                      {
                        "v": "ṣi",
                        "utf8": "𒍢",
                        "id": "P314125.3.1.1"
                      }
                    ],
                    "cf": "rihṣu",
                    "gw": "flood(ing)",
                    "sense": "devastation",
                    "norm": "rihṣi",
                    "pos": "N",
                    "epos": "N"
                  },
                  "props": [
                    {
                      "name": "field",
                      "group": "env",
                      "ngram": "-1",
                      "ref": "P314125.3.1"
                    },
                    {
                      "name": "discourse",
                      "group": "env",
                      "value": "body",
                      "ngram": "-1",
                      "ref": "P314125.3.1"
                    }
                  ]
                },
                {
                  "node": "l",
                  "frag": "[x",
                  "id": "P314125.l0049a",
                  "ref": "P314125.3.2",
                  "inst": "u",
                  "f": {
                    "lang": "akk-x-neoass",
                    "form": "x",
                    "delim": "",
                    "gdl": [
                      {
                        "v": "x",
                        "utf8": "x",
                        "id": "P314125.3.2.0",
                        "breakStart": "1",
                        "o": "[",
                        "break": "missing"
                      }
                    ],
                    "pos": "u"
                  },
                  "props": [
                    {
                      "name": "field",
                      "group": "env",
                      "ngram": "-1",
                      "ref": "P314125.3.2"
                    },
                    {
                      "name": "discourse",
                      "group": "env",
                      "value": "body",
                      "ngram": "-1",
                      "ref": "P314125.3.2"
                    }
                  ]
                },
                {
                  "node": "l",
                  "frag": "x",
                  "id": "P314125.l0049b",
                  "ref": "P314125.3.3",
                  "inst": "u",
                  "f": {
                    "lang": "akk-x-neoass",
                    "form": "x",
                    "delim": "",
                    "gdl": [
                      {
                        "v": "x",
                        "utf8": "x",
                        "id": "P314125.3.3.0",
                        "break": "missing"
                      }
                    ],
                    "pos": "u"
                  },
                  "props": [
                    {
                      "name": "field",
                      "group": "env",
                      "ngram": "-1",
                      "ref": "P314125.3.3"
                    },
                    {
                      "name": "discourse",
                      "group": "env",
                      "value": "body",
                      "ngram": "-1",
                      "ref": "P314125.3.3"
                    }
                  ]
                },
                {
                  "node": "l",
                  "frag": "x",
                  "id": "P314125.l0049c",
                  "ref": "P314125.3.4",
                  "inst": "u",
                  "f": {
                    "lang": "akk-x-neoass",
                    "form": "x",
                    "delim": "",
                    "gdl": [
                      {
                        "v": "x",
                        "utf8": "x",
                        "id": "P314125.3.4.0",
                        "break": "missing"
                      }
                    ],
                    "pos": "u"
                  },
                  "props": [
                    {
                      "name": "field",
                      "group": "env",
                      "ngram": "-1",
                      "ref": "P314125.3.4"
                    },
                    {
                      "name": "discourse",
                      "group": "env",
                      "value": "body",
                      "ngram": "-1",
                      "ref": "P314125.3.4"
                    }
                  ]
                },
                {
                  "node": "l",
                  "frag": "x",
                  "id": "P314125.l0049d",
                  "ref": "P314125.3.5",
                  "inst": "u",
                  "f": {
                    "lang": "akk-x-neoass",
                    "form": "x",
                    "delim": "",
                    "gdl": [
                      {
                        "v": "x",
                        "utf8": "x",
                        "id": "P314125.3.5.0",
                        "break": "missing"
                      }
                    ],
                    "pos": "u"
                  },
                  "props": [
                    {
                      "name": "field",
                      "group": "env",
                      "ngram": "-1",
                      "ref": "P314125.3.5"
                    },
                    {
                      "name": "discourse",
                      "group": "env",
                      "value": "body",
                      "ngram": "-1",
                      "ref": "P314125.3.5"
                    }
                  ]
                },
                {
                  "node": "l",
                  "frag": "x]",
                  "id": "P314125.l0049e",
                  "ref": "P314125.3.6",
                  "inst": "u",
                  "f": {
                    "lang": "akk-x-neoass",
                    "form": "x",
                    "gdl": [
                      {
                        "v": "x",
                        "utf8": "x",
                        "id": "P314125.3.6.0",
                        "break": "missing",
                        "o": "]",
                        "breakEnd": "P314125.3.2.0"
                      }
                    ],
                    "pos": "u"
                  },
                  "props": [
                    {
                      "name": "field",
                      "group": "env",
                      "ngram": "-1",
                      "ref": "P314125.3.6"
                    },
                    {
                      "name": "discourse",
                      "group": "env",
                      "value": "body",
                      "ngram": "-1",
                      "ref": "P314125.3.6"
                    }
                  ]
                },
                {
                  "node": "d",
                  "type": "line-start",
                  "ref": "P314125.4",
                  "n": "2'",
                  "label": "o 2'"
                },
                {
                  "node": "l",
                  "frag": "aš₂-pu-⸢ra⸣-[x",
                  "id": "P314125.l0049f",
                  "ref": "P314125.4.1",
                  "inst": "u",
                  "f": {
                    "lang": "akk-x-neoass",
                    "form": "aš₂-pu-ra-x",
                    "delim": "",
                    "gdl": [
                      {
                        "v": "aš₂",
                        "utf8": "𒀾",
                        "id": "P314125.4.1.0",
                        "delim": "-"
                      },
                      {
                        "v": "pu",
                        "utf8": "𒁍",
                        "id": "P314125.4.1.1",
                        "delim": "-"
                      },
                      {
                        "v": "ra",
                        "utf8": "𒊏",
                        "id": "P314125.4.1.2",
                        "break": "damaged",
                        "ho": "1",
                        "delim": "-",
                        "hc": "1"
                      },
                      {
                        "v": "x",
                        "utf8": "x",
                        "id": "P314125.4.1.3",
                        "breakStart": "1",
                        "o": "[",
                        "break": "missing"
                      }
                    ],
                    "pos": "u"
                  },
                  "props": [
                    {
                      "name": "field",
                      "group": "env",
                      "ngram": "-1",
                      "ref": "P314125.4.1"
                    },
                    {
                      "name": "discourse",
                      "group": "env",
                      "value": "body",
                      "ngram": "-1",
                      "ref": "P314125.4.1"
                    }
                  ]
                },
                {
                  "node": "l",
                  "frag": "x",
                  "id": "P314125.l004a0",
                  "ref": "P314125.4.2",
                  "inst": "u",
                  "f": {
                    "lang": "akk-x-neoass",
                    "form": "x",
                    "delim": "",
                    "gdl": [
                      {
                        "v": "x",
                        "utf8": "x",
                        "id": "P314125.4.2.0",
                        "break": "missing"
                      }
                    ],
                    "pos": "u"
                  },
                  "props": [
                    {
                      "name": "field",
                      "group": "env",
                      "ngram": "-1",
                      "ref": "P314125.4.2"
                    },
                    {
                      "name": "discourse",
                      "group": "env",
                      "value": "body",
                      "ngram": "-1",
                      "ref": "P314125.4.2"
                    }
                  ]
                },
                {
                  "node": "l",
                  "frag": "x",
                  "id": "P314125.l004a1",
                  "ref": "P314125.4.3",
                  "inst": "u",
                  "f": {
                    "lang": "akk-x-neoass",
                    "form": "x",
                    "delim": "",
                    "gdl": [
                      {
                        "v": "x",
                        "utf8": "x",
                        "id": "P314125.4.3.0",
                        "break": "missing"
                      }
                    ],
                    "pos": "u"
                  },
                  "props": [
                    {
                      "name": "field",
                      "group": "env",
                      "ngram": "-1",
                      "ref": "P314125.4.3"
                    },
                    {
                      "name": "discourse",
                      "group": "env",
                      "value": "body",
                      "ngram": "-1",
                      "ref": "P314125.4.3"
                    }
                  ]
                },
                {
                  "node": "l",
                  "frag": "x]",
                  "id": "P314125.l004a2",
                  "ref": "P314125.4.4",
                  "inst": "u",
                  "f": {
                    "lang": "akk-x-neoass",
                    "form": "x",
                    "gdl": [
                      {
                        "v": "x",
                        "utf8": "x",
                        "id": "P314125.4.4.0",
                        "break": "missing",
                        "o": "]",
                        "breakEnd": "P314125.4.1.3"
                      }
                    ],
                    "pos": "u"
                  },
                  "props": [
                    {
                      "name": "field",
                      "group": "env",
                      "ngram": "-1",
                      "ref": "P314125.4.4"
                    },
                    {
                      "name": "discourse",
                      "group": "env",
                      "value": "body",
                      "ngram": "-1",
                      "ref": "P314125.4.4"
                    }
                  ]
                },
                {
                  "node": "d",
                  "type": "line-start",
                  "ref": "P314125.5",
                  "n": "3'",
                  "label": "o 3'"
                },
                {
                  "node": "l",
                  "frag": "i-bal-⸢la⸣-[x",
                  "id": "P314125.l004a3",
                  "ref": "P314125.5.1",
                  "inst": "u",
                  "f": {
                    "lang": "akk-x-neoass",
                    "form": "i-bal-la-x",
                    "delim": "",
                    "gdl": [
                      {
                        "v": "i",
                        "utf8": "𒄿",
                        "id": "P314125.5.1.0",
                        "delim": "-"
                      },
                      {
                        "v": "bal",
                        "utf8": "𒁄",
                        "id": "P314125.5.1.1",
                        "delim": "-"
                      },
                      {
                        "v": "la",
                        "utf8": "𒆷",
                        "id": "P314125.5.1.2",
                        "break": "damaged",
                        "queried": "1",
                        "ho": "1",
                        "delim": "-",
                        "hc": "1"
                      },
                      {
                        "v": "x",
                        "utf8": "x",
                        "id": "P314125.5.1.3",
                        "breakStart": "1",
                        "o": "[",
                        "break": "missing"
                      }
                    ],
                    "pos": "u"
                  },
                  "props": [
                    {
                      "name": "field",
                      "group": "env",
                      "ngram": "-1",
                      "ref": "P314125.5.1"
                    },
                    {
                      "name": "discourse",
                      "group": "env",
                      "value": "body",
                      "ngram": "-1",
                      "ref": "P314125.5.1"
                    }
                  ]
                },
                {
                  "node": "l",
                  "frag": "x",
                  "id": "P314125.l004a4",
                  "ref": "P314125.5.2",
                  "inst": "u",
                  "f": {
                    "lang": "akk-x-neoass",
                    "form": "x",
                    "delim": "",
                    "gdl": [
                      {
                        "v": "x",
                        "utf8": "x",
                        "id": "P314125.5.2.0",
                        "break": "missing"
                      }
                    ],
                    "pos": "u"
                  },
                  "props": [
                    {
                      "name": "field",
                      "group": "env",
                      "ngram": "-1",
                      "ref": "P314125.5.2"
                    },
                    {
                      "name": "discourse",
                      "group": "env",
                      "value": "body",
                      "ngram": "-1",
                      "ref": "P314125.5.2"
                    }
                  ]
                },
                {
                  "node": "l",
                  "frag": "x",
                  "id": "P314125.l004a5",
                  "ref": "P314125.5.3",
                  "inst": "u",
                  "f": {
                    "lang": "akk-x-neoass",
                    "form": "x",
                    "delim": "",
                    "gdl": [
                      {
                        "v": "x",
                        "utf8": "x",
                        "id": "P314125.5.3.0",
                        "break": "missing"
                      }
                    ],
                    "pos": "u"
                  },
                  "props": [
                    {
                      "name": "field",
                      "group": "env",
                      "ngram": "-1",
                      "ref": "P314125.5.3"
                    },
                    {
                      "name": "discourse",
                      "group": "env",
                      "value": "body",
                      "ngram": "-1",
                      "ref": "P314125.5.3"
                    }
                  ]
                },
                {
                  "node": "l",
                  "frag": "x]",
                  "id": "P314125.l004a6",
                  "ref": "P314125.5.4",
                  "inst": "u",
                  "f": {
                    "lang": "akk-x-neoass",
                    "form": "x",
                    "gdl": [
                      {
                        "v": "x",
                        "utf8": "x",
                        "id": "P314125.5.4.0",
                        "break": "missing",
                        "o": "]",
                        "breakEnd": "P314125.5.1.3"
                      }
                    ],
                    "pos": "u"
                  },
                  "props": [
                    {
                      "name": "field",
                      "group": "env",
                      "ngram": "-1",
                      "ref": "P314125.5.4"
                    },
                    {
                      "name": "discourse",
                      "group": "env",
                      "value": "body",
                      "ngram": "-1",
                      "ref": "P314125.5.4"
                    }
                  ]
                },
                {
                  "node": "d",
                  "type": "line-start",
                  "ref": "P314125.6",
                  "n": "4'",
                  "label": "o 4'"
                },
                {
                  "node": "l",
                  "frag": "tu-bal-[x",
                  "id": "P314125.l004a7",
                  "ref": "P314125.6.1",
                  "inst": "u",
                  "f": {
                    "lang": "akk-x-neoass",
                    "form": "tu-bal-x",
                    "delim": "",
                    "gdl": [
                      {
                        "v": "tu",
                        "utf8": "𒌅",
                        "id": "P314125.6.1.0",
                        "delim": "-"
                      },
                      {
                        "v": "bal",
                        "utf8": "𒁄",
                        "id": "P314125.6.1.1",
                        "delim": "-"
                      },
                      {
                        "v": "x",
                        "utf8": "x",
                        "id": "P314125.6.1.2",
                        "breakStart": "1",
                        "o": "[",
                        "break": "missing"
                      }
                    ],
                    "pos": "u"
                  },
                  "props": [
                    {
                      "name": "field",
                      "group": "env",
                      "ngram": "-1",
                      "ref": "P314125.6.1"
                    },
                    {
                      "name": "discourse",
                      "group": "env",
                      "value": "body",
                      "ngram": "-1",
                      "ref": "P314125.6.1"
                    }
                  ]
                },
                {
                  "node": "l",
                  "frag": "x",
                  "id": "P314125.l004a8",
                  "ref": "P314125.6.2",
                  "inst": "u",
                  "f": {
                    "lang": "akk-x-neoass",
                    "form": "x",
                    "delim": "",
                    "gdl": [
                      {
                        "v": "x",
                        "utf8": "x",
                        "id": "P314125.6.2.0",
                        "break": "missing"
                      }
                    ],
                    "pos": "u"
                  },
                  "props": [
                    {
                      "name": "field",
                      "group": "env",
                      "ngram": "-1",
                      "ref": "P314125.6.2"
                    },
                    {
                      "name": "discourse",
                      "group": "env",
                      "value": "body",
                      "ngram": "-1",
                      "ref": "P314125.6.2"
                    }
                  ]
                },
                {
                  "node": "l",
                  "frag": "x",
                  "id": "P314125.l004a9",
                  "ref": "P314125.6.3",
                  "inst": "u",
                  "f": {
                    "lang": "akk-x-neoass",
                    "form": "x",
                    "delim": "",
                    "gdl": [
                      {
                        "v": "x",
                        "utf8": "x",
                        "id": "P314125.6.3.0",
                        "break": "missing"
                      }
                    ],
                    "pos": "u"
                  },
                  "props": [
                    {
                      "name": "field",
                      "group": "env",
                      "ngram": "-1",
                      "ref": "P314125.6.3"
                    },
                    {
                      "name": "discourse",
                      "group": "env",
                      "value": "body",
                      "ngram": "-1",
                      "ref": "P314125.6.3"
                    }
                  ]
                },
                {
                  "node": "l",
                  "frag": "x",
                  "id": "P314125.l004aa",
                  "ref": "P314125.6.4",
                  "inst": "u",
                  "f": {
                    "lang": "akk-x-neoass",
                    "form": "x",
                    "delim": "",
                    "gdl": [
                      {
                        "v": "x",
                        "utf8": "x",
                        "id": "P314125.6.4.0",
                        "break": "missing"
                      }
                    ],
                    "pos": "u"
                  },
                  "props": [
                    {
                      "name": "field",
                      "group": "env",
                      "ngram": "-1",
                      "ref": "P314125.6.4"
                    },
                    {
                      "name": "discourse",
                      "group": "env",
                      "value": "body",
                      "ngram": "-1",
                      "ref": "P314125.6.4"
                    }
                  ]
                },
                {
                  "node": "l",
                  "frag": "x]",
                  "id": "P314125.l004ab",
                  "ref": "P314125.6.5",
                  "inst": "u",
                  "f": {
                    "lang": "akk-x-neoass",
                    "form": "x",
                    "gdl": [
                      {
                        "v": "x",
                        "utf8": "x",
                        "id": "P314125.6.5.0",
                        "break": "missing",
                        "o": "]",
                        "breakEnd": "P314125.6.1.2"
                      }
                    ],
                    "pos": "u"
                  },
                  "props": [
                    {
                      "name": "field",
                      "group": "env",
                      "ngram": "-1",
                      "ref": "P314125.6.5"
                    },
                    {
                      "name": "discourse",
                      "group": "env",
                      "value": "body",
                      "ngram": "-1",
                      "ref": "P314125.6.5"
                    }
                  ]
                },
                {
                  "node": "d",
                  "type": "line-start",
                  "ref": "P314125.7",
                  "n": "5'",
                  "label": "o 5'"
                },
                {
                  "node": "l",
                  "frag": "[tu]-pa-⸢as⸣-[x",
                  "id": "P314125.l004ac",
                  "ref": "P314125.7.1",
                  "inst": "u",
                  "f": {
                    "lang": "akk-x-neoass",
                    "form": "tu-pa-as-x",
                    "delim": "",
                    "gdl": [
                      {
                        "v": "tu",
                        "utf8": "𒌅",
                        "id": "P314125.7.1.0",
                        "breakStart": "1",
                        "o": "]",
                        "break": "missing",
                        "breakEnd": "P314125.7.1.0",
                        "delim": "-"
                      },
                      {
                        "v": "pa",
                        "utf8": "𒉺",
                        "id": "P314125.7.1.1",
                        "delim": "-"
                      },
                      {
                        "v": "as",
                        "utf8": "𒊍",
                        "id": "P314125.7.1.2",
                        "break": "damaged",
                        "ho": "1",
                        "delim": "-",
                        "hc": "1"
                      },
                      {
                        "v": "x",
                        "utf8": "x",
                        "id": "P314125.7.1.3",
                        "breakStart": "1",
                        "o": "[",
                        "break": "missing"
                      }
                    ],
                    "pos": "u"
                  },
                  "props": [
                    {
                      "name": "field",
                      "group": "env",
                      "ngram": "-1",
                      "ref": "P314125.7.1"
                    },
                    {
                      "name": "discourse",
                      "group": "env",
                      "value": "body",
                      "ngram": "-1",
                      "ref": "P314125.7.1"
                    }
                  ]
                },
                {
                  "node": "l",
                  "frag": "x",
                  "id": "P314125.l004ad",
                  "ref": "P314125.7.2",
                  "inst": "u",
                  "f": {
                    "lang": "akk-x-neoass",
                    "form": "x",
                    "delim": "",
                    "gdl": [
                      {
                        "v": "x",
                        "utf8": "x",
                        "id": "P314125.7.2.0",
                        "break": "missing"
                      }
                    ],
                    "pos": "u"
                  },
                  "props": [
                    {
                      "name": "field",
                      "group": "env",
                      "ngram": "-1",
                      "ref": "P314125.7.2"
                    },
                    {
                      "name": "discourse",
                      "group": "env",
                      "value": "body",
                      "ngram": "-1",
                      "ref": "P314125.7.2"
                    }
                  ]
                },
                {
                  "node": "l",
                  "frag": "x",
                  "id": "P314125.l004ae",
                  "ref": "P314125.7.3",
                  "inst": "u",
                  "f": {
                    "lang": "akk-x-neoass",
                    "form": "x",
                    "delim": "",
                    "gdl": [
                      {
                        "v": "x",
                        "utf8": "x",
                        "id": "P314125.7.3.0",
                        "break": "missing"
                      }
                    ],
                    "pos": "u"
                  },
                  "props": [
                    {
                      "name": "field",
                      "group": "env",
                      "ngram": "-1",
                      "ref": "P314125.7.3"
                    },
                    {
                      "name": "discourse",
                      "group": "env",
                      "value": "body",
                      "ngram": "-1",
                      "ref": "P314125.7.3"
                    }
                  ]
                },
                {
                  "node": "l",
                  "frag": "x]",
                  "id": "P314125.l004af",
                  "ref": "P314125.7.4",
                  "inst": "u",
                  "f": {
                    "lang": "akk-x-neoass",
                    "form": "x",
                    "gdl": [
                      {
                        "v": "x",
                        "utf8": "x",
                        "id": "P314125.7.4.0",
                        "break": "missing",
                        "o": "]",
                        "breakEnd": "P314125.7.1.3"
                      }
                    ],
                    "pos": "u"
                  },
                  "props": [
                    {
                      "name": "field",
                      "group": "env",
                      "ngram": "-1",
                      "ref": "P314125.7.4"
                    },
                    {
                      "name": "discourse",
                      "group": "env",
                      "value": "body",
                      "ngram": "-1",
                      "ref": "P314125.7.4"
                    }
                  ]
                },
                {
                  "node": "d",
                  "type": "line-start",
                  "ref": "P314125.8",
                  "n": "6'",
                  "label": "o 6'"
                },
                {
                  "node": "l",
                  "frag": "[x",
                  "id": "P314125.l004b0",
                  "ref": "P314125.8.1",
                  "inst": "u",
                  "f": {
                    "lang": "akk-x-neoass",
                    "form": "x",
                    "delim": "",
                    "gdl": [
                      {
                        "v": "x",
                        "utf8": "x",
                        "id": "P314125.8.1.0",
                        "breakStart": "1",
                        "o": "[",
                        "break": "missing"
                      }
                    ],
                    "pos": "u"
                  },
                  "props": [
                    {
                      "name": "field",
                      "group": "env",
                      "ngram": "-1",
                      "ref": "P314125.8.1"
                    },
                    {
                      "name": "discourse",
                      "group": "env",
                      "value": "body",
                      "ngram": "-1",
                      "ref": "P314125.8.1"
                    }
                  ]
                },
                {
                  "node": "l",
                  "frag": "x]+⸢x⸣",
                  "id": "P314125.l004b1",
                  "ref": "P314125.8.2",
                  "inst": "u",
                  "f": {
                    "lang": "akk-x-neoass",
                    "form": "x+x",
                    "delim": "",
                    "gdl": [
                      {
                        "gg": "ligature",
                        "gdl_type": "ligature",
                        "group": [
                          {
                            "v": "x",
                            "utf8": "x",
                            "id": "P314125.8.2.0",
                            "break": "missing",
                            "o": "]",
                            "breakEnd": "P314125.8.1.0",
                            "delim": "+"
                          },
                          {
                            "v": "x",
                            "utf8": "x",
                            "id": "P314125.8.2.1",
                            "break": "damaged",
                            "ho": "1",
                            "hc": "1"
                          }
                        ]
                      }
                    ],
                    "pos": "u"
                  },
                  "props": [
                    {
                      "name": "field",
                      "group": "env",
                      "ngram": "-1",
                      "ref": "P314125.8.2"
                    },
                    {
                      "name": "discourse",
                      "group": "env",
                      "value": "body",
                      "ngram": "-1",
                      "ref": "P314125.8.2"
                    }
                  ]
                },
                {
                  "node": "l",
                  "frag": "01",
                  "id": "P314125.l004b2",
                  "ref": "P314125.8.3",
                  "inst": "n",
                  "f": {
                    "lang": "akk-x-neoass",
                    "form": "01",
                    "delim": "",
                    "gdl": [
                      {
                        "n": "n",
                        "sexified": "1(diš)",
                        "form": "01",
                        "utf8": "𒁹",
                        "id": "P314125.8.3.0",
                        "queried": "1",
                        "seq": [
                          {
                            "r": "01"
                          }
                        ]
                      }
                    ],
                    "pos": "n"
                  },
                  "props": [
                    {
                      "name": "field",
                      "group": "env",
                      "ngram": "-1",
                      "ref": "P314125.8.3"
                    },
                    {
                      "name": "discourse",
                      "group": "env",
                      "value": "body",
                      "ngram": "-1",
                      "ref": "P314125.8.3"
                    }
                  ]
                },
                {
                  "node": "l",
                  "frag": "⸢x⸣+[x",
                  "id": "P314125.l004b3",
                  "ref": "P314125.8.4",
                  "inst": "u",
                  "f": {
                    "lang": "akk-x-neoass",
                    "form": "x+x",
                    "delim": "",
                    "gdl": [
                      {
                        "gg": "ligature",
                        "gdl_type": "ligature",
                        "group": [
                          {
                            "v": "x",
                            "utf8": "x",
                            "id": "P314125.8.4.0",
                            "break": "damaged",
                            "ho": "1",
                            "delim": "+",
                            "hc": "1"
                          },
                          {
                            "v": "x",
                            "utf8": "x",
                            "id": "P314125.8.4.1",
                            "breakStart": "1",
                            "o": "[",
                            "break": "missing"
                          }
                        ]
                      }
                    ],
                    "pos": "u"
                  },
                  "props": [
                    {
                      "name": "field",
                      "group": "env",
                      "ngram": "-1",
                      "ref": "P314125.8.4"
                    },
                    {
                      "name": "discourse",
                      "group": "env",
                      "value": "body",
                      "ngram": "-1",
                      "ref": "P314125.8.4"
                    }
                  ]
                },
                {
                  "node": "l",
                  "frag": "x",
                  "id": "P314125.l004b4",
                  "ref": "P314125.8.5",
                  "inst": "u",
                  "f": {
                    "lang": "akk-x-neoass",
                    "form": "x",
                    "delim": "",
                    "gdl": [
                      {
                        "v": "x",
                        "utf8": "x",
                        "id": "P314125.8.5.0",
                        "break": "missing"
                      }
                    ],
                    "pos": "u"
                  },
                  "props": [
                    {
                      "name": "field",
                      "group": "env",
                      "ngram": "-1",
                      "ref": "P314125.8.5"
                    },
                    {
                      "name": "discourse",
                      "group": "env",
                      "value": "body",
                      "ngram": "-1",
                      "ref": "P314125.8.5"
                    }
                  ]
                },
                {
                  "node": "l",
                  "frag": "x",
                  "id": "P314125.l004b5",
                  "ref": "P314125.8.6",
                  "inst": "u",
                  "f": {
                    "lang": "akk-x-neoass",
                    "form": "x",
                    "delim": "",
                    "gdl": [
                      {
                        "v": "x",
                        "utf8": "x",
                        "id": "P314125.8.6.0",
                        "break": "missing"
                      }
                    ],
                    "pos": "u"
                  },
                  "props": [
                    {
                      "name": "field",
                      "group": "env",
                      "ngram": "-1",
                      "ref": "P314125.8.6"
                    },
                    {
                      "name": "discourse",
                      "group": "env",
                      "value": "body",
                      "ngram": "-1",
                      "ref": "P314125.8.6"
                    }
                  ]
                },
                {
                  "node": "l",
                  "frag": "x",
                  "id": "P314125.l004b6",
                  "ref": "P314125.8.7",
                  "inst": "u",
                  "f": {
                    "lang": "akk-x-neoass",
                    "form": "x",
                    "delim": "",
                    "gdl": [
                      {
                        "v": "x",
                        "utf8": "x",
                        "id": "P314125.8.7.0",
                        "break": "missing"
                      }
                    ],
                    "pos": "u"
                  },
                  "props": [
                    {
                      "name": "field",
                      "group": "env",
                      "ngram": "-1",
                      "ref": "P314125.8.7"
                    },
                    {
                      "name": "discourse",
                      "group": "env",
                      "value": "body",
                      "ngram": "-1",
                      "ref": "P314125.8.7"
                    }
                  ]
                },
                {
                  "node": "l",
                  "frag": "x]",
                  "id": "P314125.l004b7",
                  "ref": "P314125.8.8",
                  "inst": "u",
                  "f": {
                    "lang": "akk-x-neoass",
                    "form": "x",
                    "gdl": [
                      {
                        "v": "x",
                        "utf8": "x",
                        "id": "P314125.8.8.0",
                        "break": "missing",
                        "o": "]",
                        "breakEnd": "P314125.8.4.1"
                      }
                    ],
                    "pos": "u"
                  },
                  "props": [
                    {
                      "name": "field",
                      "group": "env",
                      "ngram": "-1",
                      "ref": "P314125.8.8"
                    },
                    {
                      "name": "discourse",
                      "group": "env",
                      "value": "body",
                      "ngram": "-1",
                      "ref": "P314125.8.8"
                    }
                  ]
                },
                {
                  "node": "d",
                  "type": "nonx",
                  "ref": "P314125.9",
                  "strict": "0",
                  "extent": "rest",
                  "state": "missing"
                },
                {
                  "node": "d",
                  "subtype": "reverse",
                  "type": "surface",
                  "ref": "P314125.r.10",
                  "label": "r"
                },
                {
                  "node": "d",
                  "type": "nonx",
                  "ref": "P314125.11",
                  "strict": "0",
                  "state": "missing"
                }
              ]
            }
          ]
        }
      ]
    }
  ]
}
