{
  "type": "metadata",
  "project": "saao/saa21",
  "source": "http://oracc.org/saao/saa21",
  "license": "This data is released under the CC0 license",
  "license-url": "https://creativecommons.org/publicdomain/zero/1.0/",
  "more-info": "http://oracc.org/doc/opendata/",
  "UTC-timestamp": "2023-03-20T10:29:34",
  "config": {
    "pathname": "saao/saa21",
    "name": "The Correspondence of Assurbanipal, Part I: Letters from Assyria, Babylonia, and Vassal States",
    "abbrev": "SAAo/SAA21",
    "project-type": "corpus",
    "blurb": "The text editions from the book Simo Parpola, The Correspondence of Assurbanipal, Part I: Letters from Assyria, Babylonia, and Vassal States (State Archives of Assyria, 21), 2018.    <a href=\"https://www.eisenbrauns.org/books/titles/978-952-10-9498-9.html\">Buy the book</a> from Eisenbrauns.",
    "public": "yes",
    "options": {
      "views-cuneify": "true",
      "catf-ok": "yes",
      "views-TEI": "true",
      "l2": "yes",
      "g2": "yes",
      "%akk-x-neoass": ". saao/saa14 saao/saa06 atae/ctn6",
      "%akk-x-neobab": ". saao",
      "%akk-x-stdbab": ". saao",
      "build-approved-policy": "atf",
      "build-precompute-html": "0",
      "catalog-build-policy": "custom",
      "catalog-pleiades": "yes",
      "cbd-mode": "dynamic",
      "cbd-periods": "no",
      "outline-default-select": "false",
      "outline-default-sort-fields": "volume,ch_num_name",
      "outline-default-heading-template": "1, 2",
      "outline-default-catalog-fields": "designation,title,ancient_author,ancient_recipient,date",
      "outline-default-catalog-widths": "10,35,20,20,15",
      "outline-special-select": "false",
      "render-rulings": "char",
      "render-accents": "yes",
      "render-heth": "yes",
      "render-allographs": "drop",
      "render-labels": "saa-style"
    }
  },
  "formats": {
    "atf": [
      "P236874",
      "P236876",
      "P236923",
      "P236935",
      "P236951",
      "P236959",
      "P236974",
      "P237020",
      "P237040",
      "P237044",
      "P237045",
      "P237105",
      "P237175",
      "P237176",
      "P237200",
      "P237225",
      "P237239",
      "P237243",
      "P237246",
      "P237248",
      "P237262",
      "P237273",
      "P237283",
      "P237330",
      "P237420",
      "P237459",
      "P237540",
      "P237555",
      "P237567",
      "P237573",
      "P237577",
      "P237638",
      "P237647",
      "P237659",
      "P237683",
      "P237688",
      "P237690",
      "P237691",
      "P237699",
      "P237715",
      "P237728",
      "P237746",
      "P237759",
      "P237779",
      "P237780",
      "P237902",
      "P237904",
      "P237941",
      "P237945",
      "P237954",
      "P237958",
      "P237974",
      "P237984",
      "P237991",
      "P238002",
      "P238003",
      "P238020",
      "P238021",
      "P238091",
      "P238114",
      "P238360",
      "P238413",
      "P238454",
      "P238459",
      "P238492",
      "P238493",
      "P238501",
      "P238512",
      "P238517",
      "P238523",
      "P238524",
      "P238525",
      "P238526",
      "P238641",
      "P238663",
      "P238684",
      "P238686",
      "P238687",
      "P238689",
      "P238714",
      "P239164",
      "P239175",
      "P239185",
      "P239216",
      "P239249",
      "P239277",
      "P239327",
      "P239391",
      "P239422",
      "P240197",
      "P240335",
      "P313555",
      "P313557",
      "P313663",
      "P313697",
      "P313786",
      "P313792",
      "P313816",
      "P313909",
      "P313914",
      "P314031",
      "P314076",
      "P314078",
      "P314277",
      "P314317",
      "P314340",
      "P314362",
      "P314377",
      "P393748",
      "P393750",
      "P393751",
      "P393780",
      "P393821",
      "P393823",
      "P393831",
      "P393832",
      "P393839",
      "P393846",
      "P393853",
      "P393854",
      "P393867",
      "P393904",
      "P393916",
      "P393918",
      "P394734",
      "P395150",
      "P395471",
      "P395556",
      "P395621",
      "P395715",
      "P396041",
      "P399496",
      "P422081",
      "P422197",
      "P423161",
      "P424577",
      "P424868",
      "P425722",
      "P451961",
      "P451964",
      "P452064",
      "P452585",
      "P452644",
      "P452645",
      "P452647",
      "P452648",
      "P452649",
      "P452671",
      "P452718",
      "P452730",
      "P452738",
      "P452742",
      "P452777",
      "P452780",
      "P452784",
      "P452805",
      "P452858",
      "P452901",
      "Q009252",
      "X210106",
      "X211891"
    ],
    "lem": [
      "P236874",
      "P236876",
      "P236923",
      "P236935",
      "P236951",
      "P236959",
      "P236974",
      "P237020",
      "P237040",
      "P237044",
      "P237045",
      "P237105",
      "P237175",
      "P237176",
      "P237200",
      "P237225",
      "P237239",
      "P237243",
      "P237246",
      "P237248",
      "P237262",
      "P237273",
      "P237283",
      "P237330",
      "P237420",
      "P237459",
      "P237540",
      "P237555",
      "P237567",
      "P237573",
      "P237577",
      "P237638",
      "P237647",
      "P237659",
      "P237683",
      "P237688",
      "P237690",
      "P237691",
      "P237699",
      "P237715",
      "P237728",
      "P237746",
      "P237759",
      "P237779",
      "P237780",
      "P237902",
      "P237904",
      "P237941",
      "P237945",
      "P237954",
      "P237958",
      "P237974",
      "P237984",
      "P237991",
      "P238002",
      "P238003",
      "P238020",
      "P238021",
      "P238091",
      "P238114",
      "P238360",
      "P238413",
      "P238454",
      "P238459",
      "P238492",
      "P238493",
      "P238501",
      "P238512",
      "P238517",
      "P238523",
      "P238524",
      "P238525",
      "P238526",
      "P238641",
      "P238663",
      "P238684",
      "P238686",
      "P238687",
      "P238689",
      "P238714",
      "P239164",
      "P239175",
      "P239185",
      "P239216",
      "P239249",
      "P239277",
      "P239327",
      "P239391",
      "P239422",
      "P240197",
      "P240335",
      "P313555",
      "P313557",
      "P313663",
      "P313697",
      "P313786",
      "P313792",
      "P313816",
      "P313909",
      "P313914",
      "P314031",
      "P314076",
      "P314078",
      "P314277",
      "P314317",
      "P314340",
      "P314362",
      "P314377",
      "P393748",
      "P393750",
      "P393751",
      "P393780",
      "P393821",
      "P393823",
      "P393831",
      "P393832",
      "P393839",
      "P393846",
      "P393853",
      "P393854",
      "P393867",
      "P393904",
      "P393916",
      "P393918",
      "P394734",
      "P395150",
      "P395471",
      "P395556",
      "P395621",
      "P395715",
      "P396041",
      "P399496",
      "P422081",
      "P422197",
      "P423161",
      "P424577",
      "P424868",
      "P425722",
      "P451961",
      "P451964",
      "P452064",
      "P452585",
      "P452644",
      "P452645",
      "P452647",
      "P452648",
      "P452649",
      "P452671",
      "P452718",
      "P452730",
      "P452738",
      "P452742",
      "P452777",
      "P452780",
      "P452784",
      "P452805",
      "P452858",
      "P452901",
      "Q009252",
      "X210106",
      "X211891"
    ],
    "tr-en": [
      "P236874",
      "P236876",
      "P236923",
      "P236935",
      "P236951",
      "P236959",
      "P236974",
      "P237020",
      "P237040",
      "P237044",
      "P237045",
      "P237105",
      "P237175",
      "P237176",
      "P237200",
      "P237225",
      "P237239",
      "P237243",
      "P237246",
      "P237248",
      "P237262",
      "P237273",
      "P237283",
      "P237330",
      "P237420",
      "P237459",
      "P237540",
      "P237555",
      "P237567",
      "P237573",
      "P237577",
      "P237638",
      "P237647",
      "P237659",
      "P237683",
      "P237688",
      "P237690",
      "P237691",
      "P237699",
      "P237715",
      "P237728",
      "P237746",
      "P237759",
      "P237779",
      "P237780",
      "P237902",
      "P237904",
      "P237941",
      "P237945",
      "P237954",
      "P237958",
      "P237974",
      "P237984",
      "P237991",
      "P238002",
      "P238003",
      "P238020",
      "P238021",
      "P238091",
      "P238114",
      "P238360",
      "P238413",
      "P238454",
      "P238459",
      "P238492",
      "P238493",
      "P238501",
      "P238512",
      "P238517",
      "P238523",
      "P238524",
      "P238525",
      "P238526",
      "P238641",
      "P238663",
      "P238684",
      "P238686",
      "P238687",
      "P238689",
      "P238714",
      "P239164",
      "P239175",
      "P239185",
      "P239216",
      "P239249",
      "P239277",
      "P239327",
      "P239391",
      "P239422",
      "P240197",
      "P240335",
      "P313555",
      "P313557",
      "P313663",
      "P313697",
      "P313786",
      "P313792",
      "P313816",
      "P313909",
      "P313914",
      "P314031",
      "P314076",
      "P314078",
      "P314277",
      "P314317",
      "P314340",
      "P314362",
      "P314377",
      "P393748",
      "P393750",
      "P393751",
      "P393780",
      "P393821",
      "P393823",
      "P393831",
      "P393832",
      "P393839",
      "P393846",
      "P393853",
      "P393854",
      "P393867",
      "P393904",
      "P393916",
      "P393918",
      "P394734",
      "P395150",
      "P395471",
      "P395556",
      "P395621",
      "P395715",
      "P396041",
      "P399496",
      "P422081",
      "P422197",
      "P423161",
      "P424577",
      "P424868",
      "P425722",
      "P451961",
      "P451964",
      "P452064",
      "P452585",
      "P452644",
      "P452645",
      "P452647",
      "P452648",
      "P452649",
      "P452671",
      "P452718",
      "P452730",
      "P452738",
      "P452742",
      "P452777",
      "P452780",
      "P452784",
      "P452805",
      "P452858",
      "P452901",
      "Q009252",
      "X210106",
      "X211891"
    ],
    "xtf": [
      "P236874",
      "P236876",
      "P236923",
      "P236935",
      "P236951",
      "P236959",
      "P236974",
      "P237020",
      "P237040",
      "P237044",
      "P237045",
      "P237105",
      "P237175",
      "P237176",
      "P237200",
      "P237225",
      "P237239",
      "P237243",
      "P237246",
      "P237248",
      "P237262",
      "P237273",
      "P237283",
      "P237330",
      "P237420",
      "P237459",
      "P237540",
      "P237555",
      "P237567",
      "P237573",
      "P237577",
      "P237638",
      "P237647",
      "P237659",
      "P237683",
      "P237688",
      "P237690",
      "P237691",
      "P237699",
      "P237715",
      "P237728",
      "P237746",
      "P237759",
      "P237779",
      "P237780",
      "P237902",
      "P237904",
      "P237941",
      "P237945",
      "P237954",
      "P237958",
      "P237974",
      "P237984",
      "P237991",
      "P238002",
      "P238003",
      "P238020",
      "P238021",
      "P238091",
      "P238114",
      "P238360",
      "P238413",
      "P238454",
      "P238459",
      "P238492",
      "P238493",
      "P238501",
      "P238512",
      "P238517",
      "P238523",
      "P238524",
      "P238525",
      "P238526",
      "P238641",
      "P238663",
      "P238684",
      "P238686",
      "P238687",
      "P238689",
      "P238714",
      "P239164",
      "P239175",
      "P239185",
      "P239216",
      "P239249",
      "P239277",
      "P239327",
      "P239391",
      "P239422",
      "P240197",
      "P240335",
      "P313555",
      "P313557",
      "P313663",
      "P313697",
      "P313786",
      "P313792",
      "P313816",
      "P313909",
      "P313914",
      "P314031",
      "P314076",
      "P314078",
      "P314277",
      "P314317",
      "P314340",
      "P314362",
      "P314377",
      "P393748",
      "P393750",
      "P393751",
      "P393780",
      "P393821",
      "P393823",
      "P393831",
      "P393832",
      "P393839",
      "P393846",
      "P393853",
      "P393854",
      "P393867",
      "P393904",
      "P393916",
      "P393918",
      "P394734",
      "P395150",
      "P395471",
      "P395556",
      "P395621",
      "P395715",
      "P396041",
      "P399496",
      "P422081",
      "P422197",
      "P423161",
      "P424577",
      "P424868",
      "P425722",
      "P451961",
      "P451964",
      "P452064",
      "P452585",
      "P452644",
      "P452645",
      "P452647",
      "P452648",
      "P452649",
      "P452671",
      "P452718",
      "P452730",
      "P452738",
      "P452742",
      "P452777",
      "P452780",
      "P452784",
      "P452805",
      "P452858",
      "P452901",
      "Q009252",
      "X210106",
      "X211891"
    ]
  }
}
