{
  "sortvals": {
    "genre": {
      "Administrative Letter": "1"
    },
    "ch_no": {
      "Ch. 1": "1",
      "Ch. 2": "2",
      "Ch. 3": "3",
      "Ch. 4": "4",
      "Ch. 5": "5",
      "Ch. 6": "6",
      "Ch. 7": "7",
      "Ch. 8": "8",
      "Ch. 9": "9",
      "Ch. 10": "10",
      "Ch. 11": "11"
    },
    "ch_num_name": {
      "Ch. 1 (Letters from the King and the Crown Prince)": "1",
      "Ch. 2 (Letters from Other Members of the Royal Family)": "2",
      "Ch. 3 (Petitions to the King and the Crown Prince)": "3",
      "Ch. 4 (Petitions to Officials and Private Letters)": "4",
      "Ch. 5 (Denunciations)": "5",
      "Ch. 5 (Letters from Nineveh and the Royal Court)": "6",
      "Ch. 6 (Letters from Nineveh and the Royal Court)": "7",
      "Ch. 7 (Letters from Other Cities of Assyria)": "8",
      "Ch. 8 (Letters from Phoenicia and Transpotamia)": "9",
      "Ch. 9 (Letters Pertaining to Elam, Urarṭu, Media and Babylonia)": "10",
      "Ch. 10 (Additions to SAA 10 and 13)": "11",
      "Ch. 11 (Varia and Unassigned)": "12"
    },
    "ch_name": {
      "Additions to SAA 10 and 13": "1",
      "Denunciations": "2",
      "Letters Pertaining to Elam, Urarṭu, Media and Babylonia": "3",
      "Letters from Nineveh and the Royal Court": "4",
      "Letters from Other Cities of Assyria": "5",
      "Letters from Other Members of the Royal Family": "6",
      "Letters from Phoenicia and Transpotamia": "7",
      "Letters from the King and the Crown Prince": "8",
      "Petitions to Officials and Private Letters": "9",
      "Petitions to the King and the Crown Prince": "10",
      "Varia and Unassigned": "11"
    },
    "period": {
      "Neo-Assyrian": "1"
    },
    "designation": {
      "SAA 16 001": "1",
      "SAA 16 002": "2",
      "SAA 16 003": "3",
      "SAA 16 004": "4",
      "SAA 16 005": "5",
      "SAA 16 006": "6",
      "SAA 16 007": "7",
      "SAA 16 008": "8",
      "SAA 16 009": "9",
      "SAA 16 010": "10",
      "SAA 16 011": "11",
      "SAA 16 012": "12",
      "SAA 16 013": "13",
      "SAA 16 014": "14",
      "SAA 16 015": "15",
      "SAA 16 016": "16",
      "SAA 16 017": "17",
      "SAA 16 018": "18",
      "SAA 16 019": "19",
      "SAA 16 020": "20",
      "SAA 16 021": "21",
      "SAA 16 022": "22",
      "SAA 16 023": "23",
      "SAA 16 024": "24",
      "SAA 16 025": "25",
      "SAA 16 026": "26",
      "SAA 16 027": "27",
      "SAA 16 028": "28",
      "SAA 16 029": "29",
      "SAA 16 030": "30",
      "SAA 16 031": "31",
      "SAA 16 032": "32",
      "SAA 16 033": "33",
      "SAA 16 034": "34",
      "SAA 16 035": "35",
      "SAA 16 036": "36",
      "SAA 16 037": "37",
      "SAA 16 038": "38",
      "SAA 16 039": "39",
      "SAA 16 040": "40",
      "SAA 16 041": "41",
      "SAA 16 042": "42",
      "SAA 16 043": "43",
      "SAA 16 044": "44",
      "SAA 16 045": "45",
      "SAA 16 046": "46",
      "SAA 16 047": "47",
      "SAA 16 048": "48",
      "SAA 16 049": "49",
      "SAA 16 050": "50",
      "SAA 16 051": "51",
      "SAA 16 052": "52",
      "SAA 16 053": "53",
      "SAA 16 054": "54",
      "SAA 16 055": "55",
      "SAA 16 056": "56",
      "SAA 16 057": "57",
      "SAA 16 058": "58",
      "SAA 16 059": "59",
      "SAA 16 060": "60",
      "SAA 16 061": "61",
      "SAA 16 062": "62",
      "SAA 16 063": "63",
      "SAA 16 064": "64",
      "SAA 16 065": "65",
      "SAA 16 066": "66",
      "SAA 16 067": "67",
      "SAA 16 068": "68",
      "SAA 16 069": "69",
      "SAA 16 070": "70",
      "SAA 16 071": "71",
      "SAA 16 072": "72",
      "SAA 16 073": "73",
      "SAA 16 074": "74",
      "SAA 16 075": "75",
      "SAA 16 076": "76",
      "SAA 16 077": "77",
      "SAA 16 078": "78",
      "SAA 16 079": "79",
      "SAA 16 080": "80",
      "SAA 16 081": "81",
      "SAA 16 082": "82",
      "SAA 16 083": "83",
      "SAA 16 084": "84",
      "SAA 16 085": "85",
      "SAA 16 086": "86",
      "SAA 16 087": "87",
      "SAA 16 088": "88",
      "SAA 16 089": "89",
      "SAA 16 090": "90",
      "SAA 16 091": "91",
      "SAA 16 092": "92",
      "SAA 16 093": "93",
      "SAA 16 094": "94",
      "SAA 16 095": "95",
      "SAA 16 096": "96",
      "SAA 16 097": "97",
      "SAA 16 098": "98",
      "SAA 16 099": "99",
      "SAA 16 100": "100",
      "SAA 16 101": "101",
      "SAA 16 102": "102",
      "SAA 16 103": "103",
      "SAA 16 104": "104",
      "SAA 16 105": "105",
      "SAA 16 106": "106",
      "SAA 16 107": "107",
      "SAA 16 108": "108",
      "SAA 16 109": "109",
      "SAA 16 110": "110",
      "SAA 16 111": "111",
      "SAA 16 112": "112",
      "SAA 16 113": "113",
      "SAA 16 114": "114",
      "SAA 16 115": "115",
      "SAA 16 116": "116",
      "SAA 16 117": "117",
      "SAA 16 118": "118",
      "SAA 16 119": "119",
      "SAA 16 120": "120",
      "SAA 16 121": "121",
      "SAA 16 122": "122",
      "SAA 16 123": "123",
      "SAA 16 124": "124",
      "SAA 16 125": "125",
      "SAA 16 126": "126",
      "SAA 16 127": "127",
      "SAA 16 128": "128",
      "SAA 16 129": "129",
      "SAA 16 130": "130",
      "SAA 16 131": "131",
      "SAA 16 132": "132",
      "SAA 16 133": "133",
      "SAA 16 134": "134",
      "SAA 16 135": "135",
      "SAA 16 136": "136",
      "SAA 16 137": "137",
      "SAA 16 138": "138",
      "SAA 16 139": "139",
      "SAA 16 140": "140",
      "SAA 16 141": "141",
      "SAA 16 142": "142",
      "SAA 16 143": "143",
      "SAA 16 144": "144",
      "SAA 16 145": "145",
      "SAA 16 146": "146",
      "SAA 16 147": "147",
      "SAA 16 148": "148",
      "SAA 16 149": "149",
      "SAA 16 150": "150",
      "SAA 16 151": "151",
      "SAA 16 152": "152",
      "SAA 16 153": "153",
      "SAA 16 154": "154",
      "SAA 16 155": "155",
      "SAA 16 156": "156",
      "SAA 16 157": "157",
      "SAA 16 158": "158",
      "SAA 16 159": "159",
      "SAA 16 160": "160",
      "SAA 16 161": "161",
      "SAA 16 162": "162",
      "SAA 16 163": "163",
      "SAA 16 164": "164",
      "SAA 16 165": "165",
      "SAA 16 166": "166",
      "SAA 16 167": "167",
      "SAA 16 168": "168",
      "SAA 16 169": "169",
      "SAA 16 170": "170",
      "SAA 16 171": "171",
      "SAA 16 172": "172",
      "SAA 16 173": "173",
      "SAA 16 174": "174",
      "SAA 16 175": "175",
      "SAA 16 176": "176",
      "SAA 16 177": "177",
      "SAA 16 178": "178",
      "SAA 16 179": "179",
      "SAA 16 180": "180",
      "SAA 16 181": "181",
      "SAA 16 182": "182",
      "SAA 16 183": "183",
      "SAA 16 184": "184",
      "SAA 16 185": "185",
      "SAA 16 186": "186",
      "SAA 16 187": "187",
      "SAA 16 188": "188",
      "SAA 16 189": "189",
      "SAA 16 190": "190",
      "SAA 16 191": "191",
      "SAA 16 192": "192",
      "SAA 16 193": "193",
      "SAA 16 194": "194",
      "SAA 16 195": "195",
      "SAA 16 196": "196",
      "SAA 16 197": "197",
      "SAA 16 198": "198",
      "SAA 16 199": "199",
      "SAA 16 200": "200",
      "SAA 16 201": "201",
      "SAA 16 202": "202",
      "SAA 16 203": "203",
      "SAA 16 204": "204",
      "SAA 16 205": "205",
      "SAA 16 206": "206",
      "SAA 16 207": "207",
      "SAA 16 208": "208",
      "SAA 16 209": "209",
      "SAA 16 210": "210",
      "SAA 16 211": "211",
      "SAA 16 212": "212",
      "SAA 16 213": "213",
      "SAA 16 214": "214",
      "SAA 16 215": "215",
      "SAA 16 216": "216",
      "SAA 16 217": "217",
      "SAA 16 218": "218",
      "SAA 16 219": "219",
      "SAA 16 220": "220",
      "SAA 16 221": "221",
      "SAA 16 222": "222",
      "SAA 16 223": "223",
      "SAA 16 224": "224",
      "SAA 16 225": "225",
      "SAA 16 226": "226",
      "SAA 16 227": "227",
      "SAA 16 228": "228",
      "SAA 16 229": "229",
      "SAA 16 230": "230",
      "SAA 16 231": "231",
      "SAA 16 232": "232",
      "SAA 16 233": "233",
      "SAA 16 234": "234",
      "SAA 16 235": "235",
      "SAA 16 236": "236",
      "SAA 16 237": "237",
      "SAA 16 238": "238",
      "SAA 16 239": "239",
      "SAA 16 240": "240",
      "SAA 16 241": "241",
      "SAA 16 242": "242",
      "SAA 16 243": "243",
      "SAA 16 244": "244",
      "SAA 16 245": "245",
      "SAA 16 246": "246"
    },
    "ancient_author": {
      "[...], Bel-iqi[ša] and Babilayu": "1",
      "[...], sc[ribe of ...]": "2",
      "[...],scribe who is in the service of [...]": "3",
      "[...]-šumu-uṣur": "4",
      "Adad-dan": "5",
      "[Adad-šumu-uṣur]": "6",
      "Ashurbanipal": "7",
      "[Ashurbanipal]": "8",
      "Aššur-ušallim": "9",
      "Babilayu": "10",
      "[Bel-iqiša]": "11",
      "Bel-iqiša": "12",
      "Bel-naṣir": "13",
      "(Blacksmiths)": "14",
      "[Bors]ippan gen[tlewomen]": "15",
      "Esarhaddon, king of Assyria": "16",
      "Ibašši-ilu": "17",
      "Inurta-[...]": "18",
      "Iqbi-Aššur": "19",
      "(Issar-šumu-ereš)": "20",
      "Itti-Šamaš-balaṭu": "21",
      "[Itti-Šamaš-balaṭu]": "22",
      "Kabti": "23",
      "Kanunayu, Mannu-ki-Libbali": "24",
      "Kina": "25",
      "Kudurru, son of Šamaš-ibni": "26",
      "[Mannu-k]i-Libbali": "27",
      "[Mar-Issar]": "28",
      "Mardi": "29",
      "Marduk-šarru-uṣur": "30",
      "Marduk-bani-[...]": "31",
      "Nabu-ahhe-šallim": "32",
      "Nabu-ahu-iddina": "33",
      "Nabu-šarru-uṣu[r]": "34",
      "Nabu-šarru-uṣur": "35",
      "Nabu-da’’inanni": "36",
      "[Na]bu-ila’i": "37",
      "[Nabu-ra’im-nišešu]": "38",
      "Nabu-ra’im-nišešu": "39",
      "[Nabu-ra’im]-nišešu": "40",
      "[Nabu-ra’im-nišešu], [Salamanu]": "41",
      "[Nabu-ra’im-nišešu], Salaman[u]": "42",
      "Nabu-ra’im-nišešu, Salamanu": "43",
      "[Nabu-ra’im-nišešu], Salam[anu]": "44",
      "Nabu-rehtu-uṣur": "45",
      "Nabu-re[htu-uṣur]": "46",
      "[Nabu-rehtu-uṣur]": "47",
      "Nabu-sagib, son of Parruṭu, a goldsmith of the household of the queen": "48",
      "Nabu-tukulti, Nabu-šumu-lešir, Mutakkil-Adad": "49",
      "[Nabu-šumu-iddina]": "50",
      "]Nabu-šumu]-iddina": "51",
      "Nabu-šumu-išku[n]": "52",
      "Nabu-šumu-iškun": "53",
      "Nabu-šumu-ka’’in, scribe": "54",
      "[Nabu]-zeru-iddina": "55",
      "Nabu-zeru-lešir": "56",
      "Nabu-[ze]ru-uṣur": "57",
      "Nabû-zer-ketti-lešir, [oversee]r of white frit": "58",
      "Nabû-ze[r-ket]ti-lešir, [overseer of white frit]": "59",
      "Nani": "60",
      "Sarai": "61",
      "Tabni": "62",
      "Ubru-Nabu": "63",
      "Ubru-Nabu, scribe of the new palac": "64",
      "[Urdu-Nanaya]": "65",
      "Ṣallaya the major domo, Asalluhi-ereš the scribe": "66",
      "[Šamaš-metu-uballiṭ]": "67",
      "Šamaš-metu-uballiṭ": "68",
      "[Ša]maš-šumu-ukin": "69",
      "Šamaš-šumu-[ukin]": "70",
      "Šamaš-šumu-ukin": "71",
      "ma[yors] and [el]ders o[f the Inner City (Ashur]": "72",
      "mayors, the city scribe, principals of the Inner City, citizens of the Inner City (Ashur)": "73",
      "(no sender)": "74",
      "the daughter of the king (Šerua-eṭerat)": "75",
      "the king": "76",
      "[the king]": "77",
      "Ṭudi": "78",
      "Šumaya": "79",
      "Šumay[a]": "80",
      "(unknown)": "81"
    },
    "title": {
      "A Battle and a Treaty": "1",
      "A Broken Chariot Wheel": "2",
      "A Crime Committed": "3",
      "A Haruspex and a Sheep": "4",
      "A Lotion for the King": "5",
      "Adopting a Daughter": "6",
      "Advising the King": "7",
      "All the Lands Belong to the King": "8",
      "An Appeal to the Queen Mother": "9",
      "An Earthquake Hits Assur": "10",
      "Appeal for Royal Intervention": "11",
      "Appeal on Behalf of a Woman": "12",
      "Appointing Guards": "13",
      "Approaching the King": "14",
      "Asking for Further Instructions": "15",
      "Asking for Mercy": "16",
      "Assigning Houses to Sarrabaneans": "17",
      "Assyria is Well": "18",
      "Audience Gifts for the King": "19",
      "Augurs from Hamath": "20",
      "Auspicious Days": "21",
      "Bread for the King’s House": "22",
      "Candidates for Courtiers": "23",
      "Cimmerians in Minda": "24",
      "Complaints by Blacksmiths": "25",
      "Complaints from Naṣibina": "26",
      "Crimes in Guzana": "27",
      "Debts of the Governor of Barhalza": "28",
      "Deserters from Mannea Sent to the Crown Prince": "29",
      "Deserters from the Governor of Der": "30",
      "Disloyal Officials": "31",
      "Dispute Over a Bath": "32",
      "Dissolved Ordinances": "33",
      "Divination Taught to a Goldsmith’s Son": "34",
      "Doctor for a Sick Maid": "35",
      "Donkey Trade at Nineveh": "36",
      "Dressing Down the Wife of the Crown Prince": "37",
      "Drink on the Accounts!": "38",
      "Emissaries from Mazamua": "39",
      "Enthroning a Substitute King": "40",
      "Eunuchs for Officials": "41",
      "Explaining Asakku": "42",
      "Fodder for Horses": "43",
      "Food for Schoolboys": "44",
      "Fragment Mentioning Kar-Mullissi": "45",
      "Fragment Mentioning Sasi": "46",
      "Fragment Mentioning a Bed": "47",
      "Fragment Mentioning a Nephew of Hanbi": "48",
      "Fragment Referring to Aid to Humbariš": "49",
      "Fragment Referring to Akkad": "50",
      "Fragment Referring to Babylonians": "51",
      "Fragment Referring to Bel and Offenders": "52",
      "Fragment Referring to Building Activities": "53",
      "Fragment Referring to Clothes": "54",
      "Fragment Referring to Damascus": "55",
      "Fragment Referring to Extispicies and a Treaty": "56",
      "Fragment Referring to  Humbariš": "57",
      "Fragment Referring to Locusts": "58",
      "Fragment Referring to Riding": "59",
      "Fragment Referring to Scholars": "60",
      "Fragment Referring to Thrones": "61",
      "Fragment Referring to Trespassing": "62",
      "Fragment Referring to Umban-kidinni": "63",
      "Fragment Referring to a Ritual": "64",
      "Fragment Referring to an Insurgent": "65",
      "Fragment Referring to the King of Urarṭu": "66",
      "Fragment of a Horse Report": "67",
      "Fragment of a Letter to the Crown Prince": "68",
      "Fragment of a Medical Report": "69",
      "Fragment of a Military Report": "70",
      "Glazing Bricks": "71",
      "Go and Ask!": "72",
      "Golden Plate for a Couch": "73",
      "Good Advice": "74",
      "Governor Appropriates a Royal Gift": "75",
      "How to Deal with Appeals for Royal Intervention": "76",
      "I have Something to Tell the King": "77",
      "Idri-aha’u has Brought  the Shoes": "78",
      "Ikkilu of Arwad Steals the King’s Boats": "79",
      "Information on Accomplices of Aššur-da’’in-aplu": "80",
      "Inscribing a Foundation Stone": "81",
      "Inscribing the Foundation Stone of the City Wall of Tarbiṣu": "82",
      "Instructions for a Battle": "83",
      "It is a Royal Order": "84",
      "Itemising Textiles": "85",
      "Jewellery for the King": "86",
      "Justice Turned Upside Down": "87",
      "Killed in the Enemy Country": "88",
      "King’s Word to Issar-na’di": "89",
      "King’s Word to Ištar-[...]": "90",
      "King’s Word to the Queen Mother": "91",
      "Leftovers of Nabu for the Crown Prince": "92",
      "Let Me Finish My Father’s Work in Calah": "93",
      "Let Them Learn!": "94",
      "Letter from Borsippan Women": "95",
      "Letter to Urtaku, King of Elam": "96",
      "List of People Entering the Palace": "97",
      "List of Staff-bearers Coming in": "98",
      "Magnates Obstructing Justice": "99",
      "Making Cursers Talk": "100",
      "Marduk-šarru-uṣur in Trouble": "101",
      "May My Lord Appoint Me": "102",
      "May They Inform the King": "103",
      "May the Chief Baker Release Us": "104",
      "May the Horse not Die!": "105",
      "May the King Have Mercy on His Dog": "106",
      "May the King Let Me See Light": "107",
      "May the King Save Me": "108",
      "Milki-nuri Curses the Crown Prince": "109",
      "More on the Conspiracy of Sasi": "110",
      "My Associate is a Criminal": "111",
      "No Shelter for the King’s Wine": "112",
      "Nobody Knows What is in Balṭaya’s Presence": "113",
      "Nobody has Gone Near His Equipment": "114",
      "On the River Tartaru": "115",
      "Outriders for Brick Masons": "116",
      "Partial Duplicate of No. 32": "117",
      "Partial Duplicate of No. 60": "118",
      "Paying Back Father’s Debts": "119",
      "People for the Rab Mugi": "120",
      "Petition Concerning a Will": "121",
      "Petition on Behalf of Servants not Allowed to Enter the Palace": "122",
      "Petition on Behalf of Weavers": "123",
      "Petition on Behalf of a Tax Master": "124",
      "Privileges in Assur at Stake": "125",
      "Promoting Chariot Drivers and ‘Third Men’": "126",
      "Providing Weavers with Red Wool": "127",
      "Raids by Arabs": "128",
      "Reading Letters to the King": "129",
      "Receiving Objects Sent by Umban-Kidinni": "130",
      "Reimbursements": "131",
      "Repairing Earthquake Damages": "132",
      "Report on Araši and Elam": "133",
      "Report on Guzana": "134",
      "Report on Kunaya and Kudurru": "135",
      "Report on Shepherds": "136",
      "Report on Two Women": "137",
      "Report on Work": "138",
      "Report on the Border of Urarṭu": "139",
      "Report on the Cimmerians of Iyaze": "140",
      "Reporting the Deficit of Silver": "141",
      "Returning a Field to the Chaldeans": "142",
      "Revering the King": "143",
      "Ritual on the River": "144",
      "Ritual on the River Bank": "145",
      "Sealed Order": "146",
      "Sending Caravans to the King": "147",
      "Settling Accounts and Preparing for Royal Visit to Harran": "148",
      "Shepherd Acting as an Informer": "149",
      "Should I Come to Calah?": "150",
      "Silver for the Merchants": "151",
      "Sin-balassu-iqbi Sends Gold to Sasi": "152",
      "Slander": "153",
      "Sold for Money": "154",
      "Soldiers for the Chief Cook": "155",
      "Stolen Gold": "156",
      "The Case of Nabu-kabti-ahhešu and Sasi": "157",
      "The Conspiracy of Sasi": "158",
      "The Governor Acts after the King’s Death": "159",
      "The Guard is Well": "160",
      "The House of the Chief Scribe": "161",
      "The King is like Adapa": "162",
      "The King’s Gods are Ready for Battle": "163",
      "The Kings have Made Peace with One Another": "164",
      "The Matter of the ‘Third Man’ of the Palace Scribe": "165",
      "The Mayor is a Criminal": "166",
      "The Merchants are Systematically Scaring Me": "167",
      "The Queen’s Palace in Kilizi": "168",
      "The Whole Country Blesses the King": "169",
      "These Men are Drunkards": "170",
      "They are Plotting to Kill You": "171",
      "Treacherous Astrologers": "172",
      "We Shall Stay Awake": "173",
      "Who Angers the Gods?": "174",
      "Who is This Goldsmith?": "175",
      "Wool for Weavers": "176",
      "Work on the Inner City, Nineveh and Dur-Šarrukin": "177",
      "Working for the Royal Household": "178",
      "Wounded in Bit-Hamban": "179",
      "(no title)": "180"
    },
    "volume": {
      "SAA 16": "1"
    },
    "ancient_recipient": {
      "[...l]i": "1",
      "Balti-lešir": "2",
      "Issar-[...]": "3",
      "Issar-na’di": "4",
      "Libbali-šarrat": "5",
      "Nabû-[...]": "6",
      "[Pu]ṭiširi": "7",
      "Urtaku, king of Elam": "8",
      "[the crown prince]": "9",
      "[the crow]n [prince]": "10",
      "the crown prince": "11",
      "the crown [prince]": "12",
      "[the king]": "13",
      "the king": "14",
      "the ki[ng]": "15",
      "(the king)": "16",
      "the k[ing]": "17",
      "[the kin]g": "18",
      "the kin[g]": "19",
      "the king of justice": "20",
      "the king of the lands": "21",
      "[the king] of the lands": "22",
      "[the king (of the lands)]": "23",
      "[the mother of the king]": "24",
      "the mother of the king": "25",
      "the palace manager": "26",
      "the palace scribe": "27",
      "(unknown)": "28"
    },
    "date": {
      "(670)": "1",
      "(672)": "2",
      "(672 or 671)": "3",
      "(673)": "4",
      "(673 or 672-669)": "5",
      "(674)": "6",
      "(674 or 673)": "7",
      "(675)": "8",
      "(680)": "9",
      "(671-666)": "10",
      "(671-669)": "11",
      "(671-670)": "12",
      "(672-669)": "13",
      "(672(-669))": "14",
      "(679-675)": "15",
      "(680-673)": "16",
      "(680-678)": "17",
      "(680-679)": "18"
    },
    "short_title": {
      "Esarhaddon Letters 1": "1"
    },
    "vol_title": {
      "The Political Correspondence of Esarhaddon": "1"
    }
  }
}
